Copyright 1986-2022 Xilinx, Inc. All Rights Reserved. Copyright 2022-2024 Advanced Micro Devices, Inc. All Rights Reserved.
--------------------------------------------------------------------------------------------------------------------------------------------------------
| Tool Version : Vivado v.2024.1 (lin64) Build 5076996 Wed May 22 18:36:09 MDT 2024
| Date         : Wed Jul 29 15:32:20 2026
| Host         : minkey-pc running 64-bit Ubuntu 26.04 LTS
| Command      : report_timing_summary -file /home/minkey/work/RiscV_WebSoC_v1/RiscV_WebSoC/build_RiscV_WebSoC_v0002_20260729_153011/timing_summary.rpt
| Design       : webserver_cpu_top
| Device       : 7a35t-fgg484
| Speed File   : -2  PRODUCTION 1.23 2018-06-13
| Design State : Routed
--------------------------------------------------------------------------------------------------------------------------------------------------------

Timing Summary Report

------------------------------------------------------------------------------------------------
| Timer Settings
| --------------
------------------------------------------------------------------------------------------------

  Enable Multi Corner Analysis               :  Yes
  Enable Pessimism Removal                   :  Yes
  Pessimism Removal Resolution               :  Nearest Common Node
  Enable Input Delay Default Clock           :  No
  Enable Preset / Clear Arcs                 :  No
  Disable Flight Delays                      :  No
  Ignore I/O Paths                           :  No
  Timing Early Launch at Borrowing Latches   :  No
  Borrow Time for Max Delay Exceptions       :  Yes
  Merge Timing Exceptions                    :  Yes
  Inter-SLR Compensation                     :  Conservative

  Corner  Analyze    Analyze    
  Name    Max Paths  Min Paths  
  ------  ---------  ---------  
  Slow    Yes        Yes        
  Fast    Yes        Yes        


------------------------------------------------------------------------------------------------
| Report Methodology
| ------------------
------------------------------------------------------------------------------------------------

Rule       Severity          Description                                     Violations  
---------  ----------------  ----------------------------------------------  ----------  
TIMING-6   Critical Warning  No common primary clock between related clocks  2           
TIMING-7   Critical Warning  No common node between related clocks           2           
TIMING-17  Critical Warning  Non-clocked sequential cell                     321         
LUTAR-1    Warning           LUT drives async reset alert                    1           
TIMING-18  Warning           Missing input or output delay                   4           

Note: This report is based on the most recent report_methodology run and may not be up-to-date. Run report_methodology on the current design for the latest report.



check_timing report

Table of Contents
-----------------
1. checking no_clock (321)
2. checking constant_clock (0)
3. checking pulse_width_clock (0)
4. checking unconstrained_internal_endpoints (391)
5. checking no_input_delay (3)
6. checking no_output_delay (14)
7. checking multiple_clock (0)
8. checking generated_clocks (0)
9. checking loops (0)
10. checking partial_input_delay (0)
11. checking partial_output_delay (0)
12. checking latch_loops (0)

1. checking no_clock (321)
--------------------------
 There are 117 register/latch pins with no clock driven by root clock pin: u_mdio/u_clock_frequency_divider/clk_out_reg/Q (HIGH)

 There are 170 register/latch pins with no clock driven by root clock pin: u_riscv/lcpu_real.u_cpu/gen_uart.u_uart_lcpu_top/u_uart/u_clock_frequency_divider_rx/clk_out_reg/Q (HIGH)

 There are 34 register/latch pins with no clock driven by root clock pin: u_riscv/lcpu_real.u_cpu/gen_uart.u_uart_lcpu_top/u_uart/u_clock_frequency_divider_tx/clk_out_reg/Q (HIGH)


2. checking constant_clock (0)
------------------------------
 There are 0 register/latch pins with constant_clock.


3. checking pulse_width_clock (0)
---------------------------------
 There are 0 register/latch pins which need pulse_width check


4. checking unconstrained_internal_endpoints (391)
--------------------------------------------------
 There are 391 pins that are not constrained for maximum delay. (HIGH)

 There are 0 pins that are not constrained for maximum delay due to constant clock.


5. checking no_input_delay (3)
------------------------------
 There is 1 input port with no input delay specified. (HIGH)

 There are 2 input ports with no input delay but user has a false path constraint. (MEDIUM)


6. checking no_output_delay (14)
--------------------------------
 There are 12 ports with no output delay specified. (HIGH)

 There are 2 ports with no output delay but user has a false path constraint (MEDIUM)

 There are 0 ports with no output delay but with a timing clock defined on it or propagating through it


7. checking multiple_clock (0)
------------------------------
 There are 0 register/latch pins with multiple clocks.


8. checking generated_clocks (0)
--------------------------------
 There are 0 generated clocks that are not connected to a clock source.


9. checking loops (0)
---------------------
 There are 0 combinational loops in the design.


10. checking partial_input_delay (0)
------------------------------------
 There are 0 input ports with partial input delay specified.


11. checking partial_output_delay (0)
-------------------------------------
 There are 0 ports with partial output delay specified.


12. checking latch_loops (0)
----------------------------
 There are 0 combinational latch loops in the design through latch input



------------------------------------------------------------------------------------------------
| Design Timing Summary
| ---------------------
------------------------------------------------------------------------------------------------

    WNS(ns)      TNS(ns)  TNS Failing Endpoints  TNS Total Endpoints      WHS(ns)      THS(ns)  THS Failing Endpoints  THS Total Endpoints     WPWS(ns)     TPWS(ns)  TPWS Failing Endpoints  TPWS Total Endpoints  
    -------      -------  ---------------------  -------------------      -------      -------  ---------------------  -------------------     --------     --------  ----------------------  --------------------  
      0.001        0.000                      0                10541        0.062        0.000                      0                10541        0.264        0.000                       0                  5095  


All user specified timing constraints are met.


------------------------------------------------------------------------------------------------
| Clock Summary
| -------------
------------------------------------------------------------------------------------------------

Clock                Waveform(ns)         Period(ns)      Frequency(MHz)
-----                ------------         ----------      --------------
enet1_rx_clk         {0.000 4.000}        8.000           125.000         
fpga_clk             {0.000 10.000}       20.000          50.000          
  clk_125m_tx_unbuf  {2.000 6.000}        8.000           125.000         
  clk_125m_unbuf     {0.000 4.000}        8.000           125.000         
  clk_200m_unbuf     {0.000 2.500}        5.000           200.000         
  clk_50m_cpu_unbuf  {0.000 10.000}       20.000          50.000          
  clk_fb             {0.000 10.000}       20.000          50.000          


------------------------------------------------------------------------------------------------
| Intra Clock Table
| -----------------
------------------------------------------------------------------------------------------------

Clock                    WNS(ns)      TNS(ns)  TNS Failing Endpoints  TNS Total Endpoints      WHS(ns)      THS(ns)  THS Failing Endpoints  THS Total Endpoints     WPWS(ns)     TPWS(ns)  TPWS Failing Endpoints  TPWS Total Endpoints  
-----                    -------      -------  ---------------------  -------------------      -------      -------  ---------------------  -------------------     --------     --------  ----------------------  --------------------  
enet1_rx_clk               0.962        0.000                      0                  311        0.183        0.000                      0                  311        3.500        0.000                       0                   165  
fpga_clk                                                                                                                                                               7.000        0.000                       0                     1  
  clk_125m_tx_unbuf                                                                                                                                                    6.408        0.000                       0                     8  
  clk_125m_unbuf           2.644        0.000                      0                 1515        0.073        0.000                      0                 1515        2.870        0.000                       0                   874  
  clk_200m_unbuf                                                                                                                                                       0.264        0.000                       0                     3  
  clk_50m_cpu_unbuf        9.481        0.000                      0                 8379        0.062        0.000                      0                 8379        9.500        0.000                       0                  4042  
  clk_fb                                                                                                                                                              18.751        0.000                       0                     2  


------------------------------------------------------------------------------------------------
| Inter Clock Table
| -----------------
------------------------------------------------------------------------------------------------

From Clock         To Clock               WNS(ns)      TNS(ns)  TNS Failing Endpoints  TNS Total Endpoints      WHS(ns)      THS(ns)  THS Failing Endpoints  THS Total Endpoints  
----------         --------               -------      -------  ---------------------  -------------------      -------      -------  ---------------------  -------------------  
clk_125m_unbuf     enet1_rx_clk             4.961        0.000                      0                    4        0.201        0.000                      0                    4  
clk_125m_unbuf     clk_125m_tx_unbuf        0.001        0.000                      0                   10        1.962        0.000                      0                   10  
enet1_rx_clk       clk_125m_unbuf           3.107        0.000                      0                   15        0.186        0.000                      0                   15  
clk_50m_cpu_unbuf  clk_125m_unbuf           1.619        0.000                      0                   32        0.105        0.000                      0                   32  
clk_125m_unbuf     clk_50m_cpu_unbuf        1.533        0.000                      0                   32        0.105        0.000                      0                   32  


------------------------------------------------------------------------------------------------
| Other Path Groups Table
| -----------------------
------------------------------------------------------------------------------------------------

Path Group         From Clock         To Clock               WNS(ns)      TNS(ns)  TNS Failing Endpoints  TNS Total Endpoints      WHS(ns)      THS(ns)  THS Failing Endpoints  THS Total Endpoints  
----------         ----------         --------               -------      -------  ---------------------  -------------------      -------      -------  ---------------------  -------------------  
**async_default**  clk_50m_cpu_unbuf  clk_50m_cpu_unbuf       14.588        0.000                      0                  304        0.864        0.000                      0                  304  


------------------------------------------------------------------------------------------------
| Timing Details
| --------------
------------------------------------------------------------------------------------------------


---------------------------------------------------------------------------------------------------
From Clock:  enet1_rx_clk
  To Clock:  enet1_rx_clk

Setup :            0  Failing Endpoints,  Worst Slack        0.962ns,  Total Violation        0.000ns
Hold  :            0  Failing Endpoints,  Worst Slack        0.183ns,  Total Violation        0.000ns
PW    :            0  Failing Endpoints,  Worst Slack        3.500ns,  Total Violation        0.000ns
---------------------------------------------------------------------------------------------------


Max Delay Paths
--------------------------------------------------------------------------------------
Slack (MET) :             0.962ns  (required time - arrival time)
  Source:                 rgmii_rxd[3]
                            (input port clocked by enet1_rx_clk  {rise@0.000ns fall@4.000ns period=8.000ns})
  Destination:            u_bridge/u_rx/gen_rxd_iddr[3].u_rxd_iddr/D
                            (rising edge-triggered cell IDDR clocked by enet1_rx_clk  {rise@0.000ns fall@4.000ns period=8.000ns})
  Path Group:             enet1_rx_clk
  Path Type:              Setup (Max at Fast Process Corner)
  Requirement:            4.000ns  (enet1_rx_clk fall@4.000ns - enet1_rx_clk rise@0.000ns)
  Data Path Delay:        2.509ns  (logic 2.509ns (100.000%)  route 0.000ns (0.000%))
  Logic Levels:           2  (IBUF=1 IDELAYE2=1)
  Input Delay:            2.000ns
  Clock Path Skew:        1.508ns (DCD - SCD + CPR)
    Destination Clock Delay (DCD):    1.508ns = ( 5.508 - 4.000 ) 
    Source Clock Delay      (SCD):    0.000ns
    Clock Pessimism Removal (CPR):    0.000ns
  Clock Uncertainty:      0.035ns  ((TSJ^2 + TIJ^2)^1/2 + DJ) / 2 + PE
    Total System Jitter     (TSJ):    0.071ns
    Total Input Jitter      (TIJ):    0.000ns
    Discrete Jitter          (DJ):    0.000ns
    Phase Error              (PE):    0.000ns

    Location             Delay type                Incr(ns)  Path(ns)    Netlist Resource(s)
  -------------------------------------------------------------------    -------------------
                         (clock enet1_rx_clk rise edge)
                                                      0.000     0.000 r  
                         input delay                  2.000     2.000    
    AB18                                              0.000     2.000 r  rgmii_rxd[3] (IN)
                         net (fo=0)                   0.000     2.000    rgmii_rxd[3]
    AB18                 IBUF (Prop_ibuf_I_O)         0.454     2.454 r  rgmii_rxd_IBUF[3]_inst/O
                         net (fo=1, routed)           0.000     2.454    u_bridge/u_rx/rgmii_rxd_IBUF[3]
    IDELAY_X0Y15         IDELAYE2 (Prop_idelaye2_IDATAIN_DATAOUT)
                                                      2.055     4.509 r  u_bridge/u_rx/gen_rxd_idelay[3].u_rxd_idelay/DATAOUT
                         net (fo=1, routed)           0.000     4.509    u_bridge/u_rx/rxd_delayed_3
    ILOGIC_X0Y15         IDDR                                         r  u_bridge/u_rx/gen_rxd_iddr[3].u_rxd_iddr/D
  -------------------------------------------------------------------    -------------------

                         (clock enet1_rx_clk fall edge)
                                                      4.000     4.000 f  
    Y18                                               0.000     4.000 f  rgmii_rxc (IN)
                         net (fo=0)                   0.000     4.000    rgmii_rxc
    Y18                  IBUF (Prop_ibuf_I_O)         0.264     4.264 f  rgmii_rxc_IBUF_inst/O
                         net (fo=1, routed)           0.634     4.898    u_bridge/u_rx/rgmii_rxc_IBUF
    BUFGCTRL_X0Y0        BUFG (Prop_bufg_I_O)         0.026     4.924 f  u_bridge/u_rx/u_rxc_bufg/O
                         net (fo=164, routed)         0.585     5.508    u_bridge/u_rx/u_rxc_bufg_0
    ILOGIC_X0Y15         IDDR                                         f  u_bridge/u_rx/gen_rxd_iddr[3].u_rxd_iddr/C
                         clock pessimism              0.000     5.508    
                         clock uncertainty           -0.035     5.473    
    ILOGIC_X0Y15         IDDR (Setup_iddr_C_D)       -0.002     5.471    u_bridge/u_rx/gen_rxd_iddr[3].u_rxd_iddr
  -------------------------------------------------------------------
                         required time                          5.471    
                         arrival time                          -4.509    
  -------------------------------------------------------------------
                         slack                                  0.962    





Min Delay Paths
--------------------------------------------------------------------------------------
Slack (MET) :             0.183ns  (arrival time - required time)
  Source:                 u_gmii2mac/u_rx_asyncfifo/out_ptr_gray1_reg[0]/C
                            (rising edge-triggered cell FDCE clocked by enet1_rx_clk  {rise@0.000ns fall@4.000ns period=8.000ns})
  Destination:            u_gmii2mac/u_rx_asyncfifo/out_ptr_gray2_reg[0]/D
                            (rising edge-triggered cell FDCE clocked by enet1_rx_clk  {rise@0.000ns fall@4.000ns period=8.000ns})
  Path Group:             enet1_rx_clk
  Path Type:              Hold (Min at Fast Process Corner)
  Requirement:            0.000ns  (enet1_rx_clk rise@0.000ns - enet1_rx_clk rise@0.000ns)
  Data Path Delay:        0.253ns  (logic 0.141ns (55.758%)  route 0.112ns (44.242%))
  Logic Levels:           0  
  Clock Path Skew:        0.000ns (DCD - SCD - CPR)
    Destination Clock Delay (DCD):    2.032ns
    Source Clock Delay      (SCD):    1.515ns
    Clock Pessimism Removal (CPR):    0.517ns

    Location             Delay type                Incr(ns)  Path(ns)    Netlist Resource(s)
  -------------------------------------------------------------------    -------------------
                         (clock enet1_rx_clk rise edge)
                                                      0.000     0.000 r  
    Y18                                               0.000     0.000 r  rgmii_rxc (IN)
                         net (fo=0)                   0.000     0.000    rgmii_rxc
    Y18                  IBUF (Prop_ibuf_I_O)         0.264     0.264 r  rgmii_rxc_IBUF_inst/O
                         net (fo=1, routed)           0.634     0.898    u_bridge/u_rx/rgmii_rxc_IBUF
    BUFGCTRL_X0Y0        BUFG (Prop_bufg_I_O)         0.026     0.924 r  u_bridge/u_rx/u_rxc_bufg/O
                         net (fo=164, routed)         0.592     1.515    u_gmii2mac/u_rx_asyncfifo/gmii_rx_clk
    SLICE_X4Y9           FDCE                                         r  u_gmii2mac/u_rx_asyncfifo/out_ptr_gray1_reg[0]/C
  -------------------------------------------------------------------    -------------------
    SLICE_X4Y9           FDCE (Prop_fdce_C_Q)         0.141     1.656 r  u_gmii2mac/u_rx_asyncfifo/out_ptr_gray1_reg[0]/Q
                         net (fo=1, routed)           0.112     1.768    u_gmii2mac/u_rx_asyncfifo/out_ptr_gray1[0]
    SLICE_X4Y9           FDCE                                         r  u_gmii2mac/u_rx_asyncfifo/out_ptr_gray2_reg[0]/D
  -------------------------------------------------------------------    -------------------

                         (clock enet1_rx_clk rise edge)
                                                      0.000     0.000 r  
    Y18                                               0.000     0.000 r  rgmii_rxc (IN)
                         net (fo=0)                   0.000     0.000    rgmii_rxc
    Y18                  IBUF (Prop_ibuf_I_O)         0.452     0.452 r  rgmii_rxc_IBUF_inst/O
                         net (fo=1, routed)           0.689     1.140    u_bridge/u_rx/rgmii_rxc_IBUF
    BUFGCTRL_X0Y0        BUFG (Prop_bufg_I_O)         0.029     1.169 r  u_bridge/u_rx/u_rxc_bufg/O
                         net (fo=164, routed)         0.863     2.032    u_gmii2mac/u_rx_asyncfifo/gmii_rx_clk
    SLICE_X4Y9           FDCE                                         r  u_gmii2mac/u_rx_asyncfifo/out_ptr_gray2_reg[0]/C
                         clock pessimism             -0.517     1.515    
    SLICE_X4Y9           FDCE (Hold_fdce_C_D)         0.070     1.585    u_gmii2mac/u_rx_asyncfifo/out_ptr_gray2_reg[0]
  -------------------------------------------------------------------
                         required time                         -1.585    
                         arrival time                           1.768    
  -------------------------------------------------------------------
                         slack                                  0.183    





Pulse Width Checks
--------------------------------------------------------------------------------------
Clock Name:         enet1_rx_clk
Waveform(ns):       { 0.000 4.000 }
Period(ns):         8.000
Sources:            { rgmii_rxc }

Check Type        Corner  Lib Pin  Reference Pin  Required(ns)  Actual(ns)  Slack(ns)  Location       Pin
Min Period        n/a     BUFG/I   n/a            1.592         8.000       6.408      BUFGCTRL_X0Y0  u_bridge/u_rx/u_rxc_bufg/I
Low Pulse Width   Slow    FDCE/C   n/a            0.500         4.000       3.500      SLICE_X6Y10    u_gmii2mac/u_rx_asyncfifo/in_ptr_gray_reg[0]/C
High Pulse Width  Slow    FDCE/C   n/a            0.500         4.000       3.500      SLICE_X6Y10    u_gmii2mac/u_rx_asyncfifo/in_ptr_gray_reg[0]/C



---------------------------------------------------------------------------------------------------
From Clock:  fpga_clk
  To Clock:  fpga_clk

Setup :           NA  Failing Endpoints,  Worst Slack           NA  ,  Total Violation           NA
Hold  :           NA  Failing Endpoints,  Worst Slack           NA  ,  Total Violation           NA
PW    :            0  Failing Endpoints,  Worst Slack        7.000ns,  Total Violation        0.000ns
---------------------------------------------------------------------------------------------------


Pulse Width Checks
--------------------------------------------------------------------------------------
Clock Name:         fpga_clk
Waveform(ns):       { 0.000 10.000 }
Period(ns):         20.000
Sources:            { clk_50m_in }

Check Type        Corner  Lib Pin            Reference Pin  Required(ns)  Actual(ns)  Slack(ns)  Location         Pin
Min Period        n/a     MMCME2_ADV/CLKIN1  n/a            1.249         20.000      18.751     MMCME2_ADV_X0Y0  clk_real.u_pll/u_mmcm/CLKIN1
Max Period        n/a     MMCME2_ADV/CLKIN1  n/a            100.000       20.000      80.000     MMCME2_ADV_X0Y0  clk_real.u_pll/u_mmcm/CLKIN1
Low Pulse Width   Slow    MMCME2_ADV/CLKIN1  n/a            3.000         10.000      7.000      MMCME2_ADV_X0Y0  clk_real.u_pll/u_mmcm/CLKIN1
High Pulse Width  Slow    MMCME2_ADV/CLKIN1  n/a            3.000         10.000      7.000      MMCME2_ADV_X0Y0  clk_real.u_pll/u_mmcm/CLKIN1



---------------------------------------------------------------------------------------------------
From Clock:  clk_125m_tx_unbuf
  To Clock:  clk_125m_tx_unbuf

Setup :           NA  Failing Endpoints,  Worst Slack           NA  ,  Total Violation           NA
Hold  :           NA  Failing Endpoints,  Worst Slack           NA  ,  Total Violation           NA
PW    :            0  Failing Endpoints,  Worst Slack        6.408ns,  Total Violation        0.000ns
---------------------------------------------------------------------------------------------------


Pulse Width Checks
--------------------------------------------------------------------------------------
Clock Name:         clk_125m_tx_unbuf
Waveform(ns):       { 2.000 6.000 }
Period(ns):         8.000
Sources:            { clk_real.u_pll/u_mmcm/CLKOUT2 }

Check Type  Corner  Lib Pin             Reference Pin  Required(ns)  Actual(ns)  Slack(ns)  Location         Pin
Min Period  n/a     BUFG/I              n/a            1.592         8.000       6.408      BUFGCTRL_X0Y2    clk_real.u_pll/u_bufg_125_tx/I
Max Period  n/a     MMCME2_ADV/CLKOUT2  n/a            213.360       8.000       205.360    MMCME2_ADV_X0Y0  clk_real.u_pll/u_mmcm/CLKOUT2



---------------------------------------------------------------------------------------------------
From Clock:  clk_125m_unbuf
  To Clock:  clk_125m_unbuf

Setup :            0  Failing Endpoints,  Worst Slack        2.644ns,  Total Violation        0.000ns
Hold  :            0  Failing Endpoints,  Worst Slack        0.073ns,  Total Violation        0.000ns
PW    :            0  Failing Endpoints,  Worst Slack        2.870ns,  Total Violation        0.000ns
---------------------------------------------------------------------------------------------------


Max Delay Paths
--------------------------------------------------------------------------------------
Slack (MET) :             2.644ns  (required time - arrival time)
  Source:                 u_gmii2mac/u_rx_asyncfifo/read_addr_reg[1]/C
                            (rising edge-triggered cell FDRE clocked by clk_125m_unbuf  {rise@0.000ns fall@4.000ns period=8.000ns})
  Destination:            u_gmii2mac/u_eth_presemble/rx_preamble_seen_reg/D
                            (rising edge-triggered cell FDCE clocked by clk_125m_unbuf  {rise@0.000ns fall@4.000ns period=8.000ns})
  Path Group:             clk_125m_unbuf
  Path Type:              Setup (Max at Slow Process Corner)
  Requirement:            8.000ns  (clk_125m_unbuf rise@8.000ns - clk_125m_unbuf rise@0.000ns)
  Data Path Delay:        5.296ns  (logic 1.434ns (27.077%)  route 3.862ns (72.923%))
  Logic Levels:           6  (LUT4=2 LUT6=2 MUXF7=1 MUXF8=1)
  Clock Path Skew:        -0.047ns (DCD - SCD + CPR)
    Destination Clock Delay (DCD):    5.193ns = ( 13.193 - 8.000 ) 
    Source Clock Delay      (SCD):    5.509ns
    Clock Pessimism Removal (CPR):    0.269ns
  Clock Uncertainty:      0.082ns  ((TSJ^2 + DJ^2)^1/2) / 2 + PE
    Total System Jitter     (TSJ):    0.071ns
    Discrete Jitter          (DJ):    0.148ns
    Phase Error              (PE):    0.000ns

    Location             Delay type                Incr(ns)  Path(ns)    Netlist Resource(s)
  -------------------------------------------------------------------    -------------------
                         (clock clk_125m_unbuf rise edge)
                                                      0.000     0.000 r  
    W19                                               0.000     0.000 r  clk_50m_in (IN)
                         net (fo=0)                   0.000     0.000    clk_50m_in
    W19                  IBUF (Prop_ibuf_I_O)         1.423     1.423 r  clk_50m_in_IBUF_inst/O
                         net (fo=1, routed)           1.065     2.489    clk_real.u_pll/clk_50m_in_IBUF
    MMCME2_ADV_X0Y0      MMCME2_ADV (Prop_mmcme2_adv_CLKIN1_CLKOUT0)
                                                      0.077     2.566 r  clk_real.u_pll/u_mmcm/CLKOUT0
                         net (fo=1, routed)           1.425     3.990    clk_real.u_pll/clk_125m_unbuf
    BUFGCTRL_X0Y5        BUFG (Prop_bufg_I_O)         0.081     4.071 r  clk_real.u_pll/u_bufg_125/O
                         net (fo=872, routed)         1.438     5.509    u_gmii2mac/u_rx_asyncfifo/clk_125m
    SLICE_X3Y8           FDRE                                         r  u_gmii2mac/u_rx_asyncfifo/read_addr_reg[1]/C
  -------------------------------------------------------------------    -------------------
    SLICE_X3Y8           FDRE (Prop_fdre_C_Q)         0.379     5.888 r  u_gmii2mac/u_rx_asyncfifo/read_addr_reg[1]/Q
                         net (fo=36, routed)          1.033     6.921    u_gmii2mac/u_rx_asyncfifo/read_addr[1]
    SLICE_X2Y17          LUT6 (Prop_lut6_I2_O)        0.105     7.026 r  u_gmii2mac/u_rx_asyncfifo/i_data_d0_reg[4]_srl3_u_gmii2mac_u_mac_top_u_mac_rx_u_sop_eop_gen_i_data_d0_reg_c_i_5/O
                         net (fo=1, routed)           0.000     7.026    u_gmii2mac/u_rx_asyncfifo/i_data_d0_reg[4]_srl3_u_gmii2mac_u_mac_top_u_mac_rx_u_sop_eop_gen_i_data_d0_reg_c_i_5_n_0
    SLICE_X2Y17          MUXF7 (Prop_muxf7_I0_O)      0.201     7.227 r  u_gmii2mac/u_rx_asyncfifo/i_data_d0_reg[4]_srl3_u_gmii2mac_u_mac_top_u_mac_rx_u_sop_eop_gen_i_data_d0_reg_c_i_3/O
                         net (fo=1, routed)           0.000     7.227    u_gmii2mac/u_rx_asyncfifo/i_data_d0_reg[4]_srl3_u_gmii2mac_u_mac_top_u_mac_rx_u_sop_eop_gen_i_data_d0_reg_c_i_3_n_0
    SLICE_X2Y17          MUXF8 (Prop_muxf8_I0_O)      0.082     7.309 r  u_gmii2mac/u_rx_asyncfifo/i_data_d0_reg[4]_srl3_u_gmii2mac_u_mac_top_u_mac_rx_u_sop_eop_gen_i_data_d0_reg_c_i_2/O
                         net (fo=4, routed)           1.330     8.639    u_gmii2mac/u_rx_asyncfifo/rx_afifo_data[4]
    SLICE_X6Y13          LUT4 (Prop_lut4_I1_O)        0.273     8.912 f  u_gmii2mac/u_rx_asyncfifo/rx_preamble_seen_i_5/O
                         net (fo=1, routed)           0.564     9.476    u_gmii2mac/u_rx_asyncfifo/rx_preamble_seen_i_5_n_0
    SLICE_X5Y13          LUT6 (Prop_lut6_I1_O)        0.268     9.744 r  u_gmii2mac/u_rx_asyncfifo/rx_preamble_seen_i_2/O
                         net (fo=2, routed)           0.935    10.679    u_gmii2mac/u_eth_presemble/rx_preamble_seen1__7
    SLICE_X5Y13          LUT4 (Prop_lut4_I0_O)        0.126    10.805 r  u_gmii2mac/u_eth_presemble/rx_preamble_seen_i_1/O
                         net (fo=1, routed)           0.000    10.805    u_gmii2mac/u_eth_presemble/rx_preamble_seen_i_1_n_0
    SLICE_X5Y13          FDCE                                         r  u_gmii2mac/u_eth_presemble/rx_preamble_seen_reg/D
  -------------------------------------------------------------------    -------------------

                         (clock clk_125m_unbuf rise edge)
                                                      8.000     8.000 r  
    W19                                               0.000     8.000 r  clk_50m_in (IN)
                         net (fo=0)                   0.000     8.000    clk_50m_in
    W19                  IBUF (Prop_ibuf_I_O)         1.357     9.357 r  clk_50m_in_IBUF_inst/O
                         net (fo=1, routed)           1.004    10.361    clk_real.u_pll/clk_50m_in_IBUF
    MMCME2_ADV_X0Y0      MMCME2_ADV (Prop_mmcme2_adv_CLKIN1_CLKOUT0)
                                                      0.073    10.434 r  clk_real.u_pll/u_mmcm/CLKOUT0
                         net (fo=1, routed)           1.357    11.792    clk_real.u_pll/clk_125m_unbuf
    BUFGCTRL_X0Y5        BUFG (Prop_bufg_I_O)         0.077    11.869 r  clk_real.u_pll/u_bufg_125/O
                         net (fo=872, routed)         1.325    13.193    u_gmii2mac/u_eth_presemble/clk_125m
    SLICE_X5Y13          FDCE                                         r  u_gmii2mac/u_eth_presemble/rx_preamble_seen_reg/C
                         clock pessimism              0.269    13.462    
                         clock uncertainty           -0.082    13.380    
    SLICE_X5Y13          FDCE (Setup_fdce_C_D)        0.069    13.449    u_gmii2mac/u_eth_presemble/rx_preamble_seen_reg
  -------------------------------------------------------------------
                         required time                         13.449    
                         arrival time                         -10.805    
  -------------------------------------------------------------------
                         slack                                  2.644    





Min Delay Paths
--------------------------------------------------------------------------------------
Slack (MET) :             0.073ns  (arrival time - required time)
  Source:                 u_gmii2mac/u_mac_top/u_mac_tx/tx_data_reg[6]/C
                            (rising edge-triggered cell FDCE clocked by clk_125m_unbuf  {rise@0.000ns fall@4.000ns period=8.000ns})
  Destination:            u_gmii2mac/u_eth_presemble/u_fix_delay/delay_using_ram_generation.u_dly_data_buf/gen_inferred_ram.gen_port_a_nonbyte.ram_reg_0_7_6_8/RAMA/I
                            (rising edge-triggered cell RAMD32 clocked by clk_125m_unbuf  {rise@0.000ns fall@4.000ns period=8.000ns})
  Path Group:             clk_125m_unbuf
  Path Type:              Hold (Min at Fast Process Corner)
  Requirement:            0.000ns  (clk_125m_unbuf rise@0.000ns - clk_125m_unbuf rise@0.000ns)
  Data Path Delay:        0.256ns  (logic 0.141ns (55.003%)  route 0.115ns (44.997%))
  Logic Levels:           0  
  Clock Path Skew:        0.036ns (DCD - SCD - CPR)
    Destination Clock Delay (DCD):    2.396ns
    Source Clock Delay      (SCD):    1.848ns
    Clock Pessimism Removal (CPR):    0.513ns

    Location             Delay type                Incr(ns)  Path(ns)    Netlist Resource(s)
  -------------------------------------------------------------------    -------------------
                         (clock clk_125m_unbuf rise edge)
                                                      0.000     0.000 r  
    W19                                               0.000     0.000 r  clk_50m_in (IN)
                         net (fo=0)                   0.000     0.000    clk_50m_in
    W19                  IBUF (Prop_ibuf_I_O)         0.260     0.260 r  clk_50m_in_IBUF_inst/O
                         net (fo=1, routed)           0.440     0.700    clk_real.u_pll/clk_50m_in_IBUF
    MMCME2_ADV_X0Y0      MMCME2_ADV (Prop_mmcme2_adv_CLKIN1_CLKOUT0)
                                                      0.050     0.750 r  clk_real.u_pll/u_mmcm/CLKOUT0
                         net (fo=1, routed)           0.489     1.239    clk_real.u_pll/clk_125m_unbuf
    BUFGCTRL_X0Y5        BUFG (Prop_bufg_I_O)         0.026     1.265 r  clk_real.u_pll/u_bufg_125/O
                         net (fo=872, routed)         0.583     1.848    u_gmii2mac/u_mac_top/u_mac_tx/clk_125m
    SLICE_X5Y27          FDCE                                         r  u_gmii2mac/u_mac_top/u_mac_tx/tx_data_reg[6]/C
  -------------------------------------------------------------------    -------------------
    SLICE_X5Y27          FDCE (Prop_fdce_C_Q)         0.141     1.989 r  u_gmii2mac/u_mac_top/u_mac_tx/tx_data_reg[6]/Q
                         net (fo=1, routed)           0.115     2.104    u_gmii2mac/u_eth_presemble/u_fix_delay/delay_using_ram_generation.u_dly_data_buf/gen_inferred_ram.gen_port_a_nonbyte.ram_reg_0_7_6_8/DIA0
    SLICE_X2Y27          RAMD32                                       r  u_gmii2mac/u_eth_presemble/u_fix_delay/delay_using_ram_generation.u_dly_data_buf/gen_inferred_ram.gen_port_a_nonbyte.ram_reg_0_7_6_8/RAMA/I
  -------------------------------------------------------------------    -------------------

                         (clock clk_125m_unbuf rise edge)
                                                      0.000     0.000 r  
    W19                                               0.000     0.000 r  clk_50m_in (IN)
                         net (fo=0)                   0.000     0.000    clk_50m_in
    W19                  IBUF (Prop_ibuf_I_O)         0.448     0.448 r  clk_50m_in_IBUF_inst/O
                         net (fo=1, routed)           0.480     0.928    clk_real.u_pll/clk_50m_in_IBUF
    MMCME2_ADV_X0Y0      MMCME2_ADV (Prop_mmcme2_adv_CLKIN1_CLKOUT0)
                                                      0.053     0.981 r  clk_real.u_pll/u_mmcm/CLKOUT0
                         net (fo=1, routed)           0.534     1.515    clk_real.u_pll/clk_125m_unbuf
    BUFGCTRL_X0Y5        BUFG (Prop_bufg_I_O)         0.029     1.544 r  clk_real.u_pll/u_bufg_125/O
                         net (fo=872, routed)         0.853     2.396    u_gmii2mac/u_eth_presemble/u_fix_delay/delay_using_ram_generation.u_dly_data_buf/gen_inferred_ram.gen_port_a_nonbyte.ram_reg_0_7_6_8/WCLK
    SLICE_X2Y27          RAMD32                                       r  u_gmii2mac/u_eth_presemble/u_fix_delay/delay_using_ram_generation.u_dly_data_buf/gen_inferred_ram.gen_port_a_nonbyte.ram_reg_0_7_6_8/RAMA/CLK
                         clock pessimism             -0.513     1.884    
    SLICE_X2Y27          RAMD32 (Hold_ramd32_CLK_I)
                                                      0.147     2.031    u_gmii2mac/u_eth_presemble/u_fix_delay/delay_using_ram_generation.u_dly_data_buf/gen_inferred_ram.gen_port_a_nonbyte.ram_reg_0_7_6_8/RAMA
  -------------------------------------------------------------------
                         required time                         -2.031    
                         arrival time                           2.104    
  -------------------------------------------------------------------
                         slack                                  0.073    





Pulse Width Checks
--------------------------------------------------------------------------------------
Clock Name:         clk_125m_unbuf
Waveform(ns):       { 0.000 4.000 }
Period(ns):         8.000
Sources:            { clk_real.u_pll/u_mmcm/CLKOUT0 }

Check Type        Corner  Lib Pin             Reference Pin  Required(ns)  Actual(ns)  Slack(ns)  Location         Pin
Min Period        n/a     RAMB36E1/CLKARDCLK  n/a            2.170         8.000       5.830      RAMB36_X0Y2      u_cpu_channel/u_package_fifo_cpu_rd/none_blk_mode.data_ram_dual.u_data_ram/gen_inferred_ram.gen_port_a_aligned.ram_reg/CLKARDCLK
Max Period        n/a     MMCME2_ADV/CLKOUT0  n/a            213.360       8.000       205.360    MMCME2_ADV_X0Y0  clk_real.u_pll/u_mmcm/CLKOUT0
Low Pulse Width   Slow    RAMD32/CLK          n/a            1.130         4.000       2.870      SLICE_X2Y26      u_gmii2mac/u_eth_presemble/u_fix_delay/delay_using_ram_generation.u_dly_data_buf/gen_inferred_ram.gen_port_a_nonbyte.ram_reg_0_7_0_5/RAMA/CLK
High Pulse Width  Slow    RAMD32/CLK          n/a            1.130         4.000       2.870      SLICE_X2Y26      u_gmii2mac/u_eth_presemble/u_fix_delay/delay_using_ram_generation.u_dly_data_buf/gen_inferred_ram.gen_port_a_nonbyte.ram_reg_0_7_0_5/RAMA/CLK



---------------------------------------------------------------------------------------------------
From Clock:  clk_200m_unbuf
  To Clock:  clk_200m_unbuf

Setup :           NA  Failing Endpoints,  Worst Slack           NA  ,  Total Violation           NA
Hold  :           NA  Failing Endpoints,  Worst Slack           NA  ,  Total Violation           NA
PW    :            0  Failing Endpoints,  Worst Slack        0.264ns,  Total Violation        0.000ns
---------------------------------------------------------------------------------------------------


Pulse Width Checks
--------------------------------------------------------------------------------------
Clock Name:         clk_200m_unbuf
Waveform(ns):       { 0.000 2.500 }
Period(ns):         5.000
Sources:            { clk_real.u_pll/u_mmcm/CLKOUT1 }

Check Type  Corner  Lib Pin            Reference Pin  Required(ns)  Actual(ns)  Slack(ns)  Location         Pin
Min Period  n/a     IDELAYCTRL/REFCLK  n/a            2.438         5.000       2.562      IDELAYCTRL_X0Y0  u_bridge/u_rx/u_idelayctrl/REFCLK
Max Period  n/a     IDELAYCTRL/REFCLK  n/a            5.264         5.000       0.264      IDELAYCTRL_X0Y0  u_bridge/u_rx/u_idelayctrl/REFCLK



---------------------------------------------------------------------------------------------------
From Clock:  clk_50m_cpu_unbuf
  To Clock:  clk_50m_cpu_unbuf

Setup :            0  Failing Endpoints,  Worst Slack        9.481ns,  Total Violation        0.000ns
Hold  :            0  Failing Endpoints,  Worst Slack        0.062ns,  Total Violation        0.000ns
PW    :            0  Failing Endpoints,  Worst Slack        9.500ns,  Total Violation        0.000ns
---------------------------------------------------------------------------------------------------


Max Delay Paths
--------------------------------------------------------------------------------------
Slack (MET) :             9.481ns  (required time - arrival time)
  Source:                 u_riscv/riscv_cpu_generation.u_riscv_cpu/u_RiscV32_LocalBus/u_picorv32/latched_store_reg/C
                            (rising edge-triggered cell FDSE clocked by clk_50m_cpu_unbuf  {rise@0.000ns fall@10.000ns period=20.000ns})
  Destination:            u_riscv/riscv_cpu_generation.u_riscv_cpu/u_RiscV32_LocalBus/u_picorv32/mem_rdata_q_reg[21]/CE
                            (rising edge-triggered cell FDRE clocked by clk_50m_cpu_unbuf  {rise@0.000ns fall@10.000ns period=20.000ns})
  Path Group:             clk_50m_cpu_unbuf
  Path Type:              Setup (Max at Slow Process Corner)
  Requirement:            20.000ns  (clk_50m_cpu_unbuf rise@20.000ns - clk_50m_cpu_unbuf rise@0.000ns)
  Data Path Delay:        10.154ns  (logic 2.237ns (22.030%)  route 7.917ns (77.970%))
  Logic Levels:           9  (LUT2=1 LUT3=2 LUT4=1 LUT5=3 LUT6=2)
  Clock Path Skew:        -0.102ns (DCD - SCD + CPR)
    Destination Clock Delay (DCD):    5.111ns = ( 25.111 - 20.000 ) 
    Source Clock Delay      (SCD):    5.422ns
    Clock Pessimism Removal (CPR):    0.209ns
  Clock Uncertainty:      0.094ns  ((TSJ^2 + DJ^2)^1/2) / 2 + PE
    Total System Jitter     (TSJ):    0.071ns
    Discrete Jitter          (DJ):    0.175ns
    Phase Error              (PE):    0.000ns

    Location             Delay type                Incr(ns)  Path(ns)    Netlist Resource(s)
  -------------------------------------------------------------------    -------------------
                         (clock clk_50m_cpu_unbuf rise edge)
                                                      0.000     0.000 r  
    W19                                               0.000     0.000 r  clk_50m_in (IN)
                         net (fo=0)                   0.000     0.000    clk_50m_in
    W19                  IBUF (Prop_ibuf_I_O)         1.423     1.423 r  clk_50m_in_IBUF_inst/O
                         net (fo=1, routed)           1.065     2.489    clk_real.u_pll/clk_50m_in_IBUF
    MMCME2_ADV_X0Y0      MMCME2_ADV (Prop_mmcme2_adv_CLKIN1_CLKOUT3)
                                                      0.077     2.566 r  clk_real.u_pll/u_mmcm/CLKOUT3
                         net (fo=1, routed)           1.425     3.990    clk_real.u_pll/clk_50m_cpu_unbuf
    BUFGCTRL_X0Y4        BUFG (Prop_bufg_I_O)         0.081     4.071 r  clk_real.u_pll/u_bufg_50_cpu/O
                         net (fo=4040, routed)        1.351     5.422    u_riscv/riscv_cpu_generation.u_riscv_cpu/u_RiscV32_LocalBus/u_picorv32/clk_50m
    SLICE_X41Y23         FDSE                                         r  u_riscv/riscv_cpu_generation.u_riscv_cpu/u_RiscV32_LocalBus/u_picorv32/latched_store_reg/C
  -------------------------------------------------------------------    -------------------
    SLICE_X41Y23         FDSE (Prop_fdse_C_Q)         0.379     5.801 f  u_riscv/riscv_cpu_generation.u_riscv_cpu/u_RiscV32_LocalBus/u_picorv32/latched_store_reg/Q
                         net (fo=64, routed)          1.045     6.846    u_riscv/riscv_cpu_generation.u_riscv_cpu/u_RiscV32_LocalBus/u_picorv32/latched_store_reg_0
    SLICE_X52Y31         LUT2 (Prop_lut2_I1_O)        0.105     6.951 r  u_riscv/riscv_cpu_generation.u_riscv_cpu/u_RiscV32_LocalBus/u_picorv32/mem_rdata_q[10]_i_6/O
                         net (fo=13, routed)          0.674     7.625    u_riscv/riscv_cpu_generation.u_riscv_cpu/u_RiscV32_LocalBus/u_picorv32/mem_rdata_q[10]_i_6_n_0
    SLICE_X48Y24         LUT6 (Prop_lut6_I1_O)        0.105     7.730 f  u_riscv/riscv_cpu_generation.u_riscv_cpu/u_RiscV32_LocalBus/u_picorv32/mem_rdata_q[10]_i_3/O
                         net (fo=62, routed)          0.723     8.453    u_riscv/riscv_cpu_generation.u_riscv_cpu/u_RiscV32_LocalBus/u_picorv32/mem_rdata_q[10]_i_3_n_0
    SLICE_X47Y19         LUT5 (Prop_lut5_I0_O)        0.126     8.579 f  u_riscv/riscv_cpu_generation.u_riscv_cpu/u_RiscV32_LocalBus/u_picorv32/mem_rdata_q[6]_i_3/O
                         net (fo=4, routed)           0.539     9.119    u_riscv/riscv_cpu_generation.u_riscv_cpu/u_RiscV32_LocalBus/u_picorv32/mem_rdata_q[6]_i_3_n_0
    SLICE_X49Y19         LUT4 (Prop_lut4_I3_O)        0.275     9.394 r  u_riscv/riscv_cpu_generation.u_riscv_cpu/u_RiscV32_LocalBus/u_picorv32/mem_rdata_q[6]_i_1/O
                         net (fo=92, routed)          1.570    10.964    u_riscv/riscv_cpu_generation.u_riscv_cpu/u_RiscV32_LocalBus/u_picorv32/mem_rdata_q[6]_i_1_n_0
    SLICE_X33Y21         LUT3 (Prop_lut3_I1_O)        0.115    11.079 r  u_riscv/riscv_cpu_generation.u_riscv_cpu/u_RiscV32_LocalBus/u_picorv32/mem_rdata_q[6]_i_5/O
                         net (fo=2, routed)           0.694    11.773    u_riscv/riscv_cpu_generation.u_riscv_cpu/u_RiscV32_LocalBus/u_picorv32/mem_rdata_q[6]_i_5_n_0
    SLICE_X34Y21         LUT5 (Prop_lut5_I4_O)        0.280    12.053 f  u_riscv/riscv_cpu_generation.u_riscv_cpu/u_RiscV32_LocalBus/u_picorv32/mem_rdata_q[6]_i_2/O
                         net (fo=24, routed)          0.937    12.990    u_riscv/riscv_cpu_generation.u_riscv_cpu/u_RiscV32_LocalBus/u_picorv32/p_9_in
    SLICE_X34Y26         LUT5 (Prop_lut5_I0_O)        0.296    13.286 r  u_riscv/riscv_cpu_generation.u_riscv_cpu/u_RiscV32_LocalBus/u_picorv32/instr_jalr_i_4/O
                         net (fo=21, routed)          0.690    13.976    u_riscv/riscv_cpu_generation.u_riscv_cpu/u_RiscV32_LocalBus/u_picorv32/instr_jalr_i_4_n_0
    SLICE_X31Y27         LUT3 (Prop_lut3_I2_O)        0.288    14.264 f  u_riscv/riscv_cpu_generation.u_riscv_cpu/u_RiscV32_LocalBus/u_picorv32/mem_rdata_q[24]_i_4/O
                         net (fo=1, routed)           0.434    14.698    u_riscv/riscv_cpu_generation.u_riscv_cpu/u_RiscV32_LocalBus/u_picorv32/mem_rdata_q[24]_i_4_n_0
    SLICE_X31Y25         LUT6 (Prop_lut6_I2_O)        0.268    14.966 r  u_riscv/riscv_cpu_generation.u_riscv_cpu/u_RiscV32_LocalBus/u_picorv32/mem_rdata_q[24]_i_1/O
                         net (fo=5, routed)           0.610    15.576    u_riscv/riscv_cpu_generation.u_riscv_cpu/u_RiscV32_LocalBus/u_picorv32/mem_rdata_q[24]_i_1_n_0
    SLICE_X31Y24         FDRE                                         r  u_riscv/riscv_cpu_generation.u_riscv_cpu/u_RiscV32_LocalBus/u_picorv32/mem_rdata_q_reg[21]/CE
  -------------------------------------------------------------------    -------------------

                         (clock clk_50m_cpu_unbuf rise edge)
                                                     20.000    20.000 r  
    W19                                               0.000    20.000 r  clk_50m_in (IN)
                         net (fo=0)                   0.000    20.000    clk_50m_in
    W19                  IBUF (Prop_ibuf_I_O)         1.357    21.357 r  clk_50m_in_IBUF_inst/O
                         net (fo=1, routed)           1.004    22.361    clk_real.u_pll/clk_50m_in_IBUF
    MMCME2_ADV_X0Y0      MMCME2_ADV (Prop_mmcme2_adv_CLKIN1_CLKOUT3)
                                                      0.073    22.434 r  clk_real.u_pll/u_mmcm/CLKOUT3
                         net (fo=1, routed)           1.357    23.792    clk_real.u_pll/clk_50m_cpu_unbuf
    BUFGCTRL_X0Y4        BUFG (Prop_bufg_I_O)         0.077    23.869 r  clk_real.u_pll/u_bufg_50_cpu/O
                         net (fo=4040, routed)        1.243    25.111    u_riscv/riscv_cpu_generation.u_riscv_cpu/u_RiscV32_LocalBus/u_picorv32/clk_50m
    SLICE_X31Y24         FDRE                                         r  u_riscv/riscv_cpu_generation.u_riscv_cpu/u_RiscV32_LocalBus/u_picorv32/mem_rdata_q_reg[21]/C
                         clock pessimism              0.209    25.320    
                         clock uncertainty           -0.094    25.226    
    SLICE_X31Y24         FDRE (Setup_fdre_C_CE)      -0.168    25.058    u_riscv/riscv_cpu_generation.u_riscv_cpu/u_RiscV32_LocalBus/u_picorv32/mem_rdata_q_reg[21]
  -------------------------------------------------------------------
                         required time                         25.058    
                         arrival time                         -15.576    
  -------------------------------------------------------------------
                         slack                                  9.481    





Min Delay Paths
--------------------------------------------------------------------------------------
Slack (MET) :             0.062ns  (arrival time - required time)
  Source:                 u_riscv/lcpu_real.u_cpu/gen_uart.u_uart_lcpu_top/u_uart/u_clock_frequency_divider_tx/count_reg[15]/C
                            (rising edge-triggered cell FDCE clocked by clk_50m_cpu_unbuf  {rise@0.000ns fall@10.000ns period=20.000ns})
  Destination:            u_riscv/lcpu_real.u_cpu/gen_uart.u_uart_lcpu_top/u_uart/u_clock_frequency_divider_tx/count_reg[20]/D
                            (rising edge-triggered cell FDCE clocked by clk_50m_cpu_unbuf  {rise@0.000ns fall@10.000ns period=20.000ns})
  Path Group:             clk_50m_cpu_unbuf
  Path Type:              Hold (Min at Fast Process Corner)
  Requirement:            0.000ns  (clk_50m_cpu_unbuf rise@0.000ns - clk_50m_cpu_unbuf rise@0.000ns)
  Data Path Delay:        0.435ns  (logic 0.347ns (79.720%)  route 0.088ns (20.280%))
  Logic Levels:           3  (CARRY4=3)
  Clock Path Skew:        0.268ns (DCD - SCD - CPR)
    Destination Clock Delay (DCD):    2.375ns
    Source Clock Delay      (SCD):    1.829ns
    Clock Pessimism Removal (CPR):    0.279ns

    Location             Delay type                Incr(ns)  Path(ns)    Netlist Resource(s)
  -------------------------------------------------------------------    -------------------
                         (clock clk_50m_cpu_unbuf rise edge)
                                                      0.000     0.000 r  
    W19                                               0.000     0.000 r  clk_50m_in (IN)
                         net (fo=0)                   0.000     0.000    clk_50m_in
    W19                  IBUF (Prop_ibuf_I_O)         0.260     0.260 r  clk_50m_in_IBUF_inst/O
                         net (fo=1, routed)           0.440     0.700    clk_real.u_pll/clk_50m_in_IBUF
    MMCME2_ADV_X0Y0      MMCME2_ADV (Prop_mmcme2_adv_CLKIN1_CLKOUT3)
                                                      0.050     0.750 r  clk_real.u_pll/u_mmcm/CLKOUT3
                         net (fo=1, routed)           0.489     1.239    clk_real.u_pll/clk_50m_cpu_unbuf
    BUFGCTRL_X0Y4        BUFG (Prop_bufg_I_O)         0.026     1.265 r  clk_real.u_pll/u_bufg_50_cpu/O
                         net (fo=4040, routed)        0.564     1.829    u_riscv/lcpu_real.u_cpu/gen_uart.u_uart_lcpu_top/u_uart/u_clock_frequency_divider_tx/clk_50m
    SLICE_X41Y48         FDCE                                         r  u_riscv/lcpu_real.u_cpu/gen_uart.u_uart_lcpu_top/u_uart/u_clock_frequency_divider_tx/count_reg[15]/C
  -------------------------------------------------------------------    -------------------
    SLICE_X41Y48         FDCE (Prop_fdce_C_Q)         0.141     1.970 r  u_riscv/lcpu_real.u_cpu/gen_uart.u_uart_lcpu_top/u_uart/u_clock_frequency_divider_tx/count_reg[15]/Q
                         net (fo=4, routed)           0.088     2.057    u_riscv/lcpu_real.u_cpu/gen_uart.u_uart_lcpu_top/u_uart/u_clock_frequency_divider_tx/count_reg_n_0_[15]
    SLICE_X41Y48         CARRY4 (Prop_carry4_DI[3]_CO[3])
                                                      0.113     2.170 r  u_riscv/lcpu_real.u_cpu/gen_uart.u_uart_lcpu_top/u_uart/u_clock_frequency_divider_tx/count0_carry__0/CO[3]
                         net (fo=1, routed)           0.000     2.170    u_riscv/lcpu_real.u_cpu/gen_uart.u_uart_lcpu_top/u_uart/u_clock_frequency_divider_tx/count0_carry__0_n_0
    SLICE_X41Y49         CARRY4 (Prop_carry4_CI_CO[3])
                                                      0.039     2.209 r  u_riscv/lcpu_real.u_cpu/gen_uart.u_uart_lcpu_top/u_uart/u_clock_frequency_divider_tx/count0_carry__1/CO[3]
                         net (fo=1, routed)           0.001     2.210    u_riscv/lcpu_real.u_cpu/gen_uart.u_uart_lcpu_top/u_uart/u_clock_frequency_divider_tx/count0_carry__1_n_0
    SLICE_X41Y50         CARRY4 (Prop_carry4_CI_O[0])
                                                      0.054     2.264 r  u_riscv/lcpu_real.u_cpu/gen_uart.u_uart_lcpu_top/u_uart/u_clock_frequency_divider_tx/count0_carry__2/O[0]
                         net (fo=1, routed)           0.000     2.264    u_riscv/lcpu_real.u_cpu/gen_uart.u_uart_lcpu_top/u_uart/u_clock_frequency_divider_tx/count0_carry__2_n_7
    SLICE_X41Y50         FDCE                                         r  u_riscv/lcpu_real.u_cpu/gen_uart.u_uart_lcpu_top/u_uart/u_clock_frequency_divider_tx/count_reg[20]/D
  -------------------------------------------------------------------    -------------------

                         (clock clk_50m_cpu_unbuf rise edge)
                                                      0.000     0.000 r  
    W19                                               0.000     0.000 r  clk_50m_in (IN)
                         net (fo=0)                   0.000     0.000    clk_50m_in
    W19                  IBUF (Prop_ibuf_I_O)         0.448     0.448 r  clk_50m_in_IBUF_inst/O
                         net (fo=1, routed)           0.480     0.928    clk_real.u_pll/clk_50m_in_IBUF
    MMCME2_ADV_X0Y0      MMCME2_ADV (Prop_mmcme2_adv_CLKIN1_CLKOUT3)
                                                      0.053     0.981 r  clk_real.u_pll/u_mmcm/CLKOUT3
                         net (fo=1, routed)           0.534     1.515    clk_real.u_pll/clk_50m_cpu_unbuf
    BUFGCTRL_X0Y4        BUFG (Prop_bufg_I_O)         0.029     1.544 r  clk_real.u_pll/u_bufg_50_cpu/O
                         net (fo=4040, routed)        0.832     2.375    u_riscv/lcpu_real.u_cpu/gen_uart.u_uart_lcpu_top/u_uart/u_clock_frequency_divider_tx/clk_50m
    SLICE_X41Y50         FDCE                                         r  u_riscv/lcpu_real.u_cpu/gen_uart.u_uart_lcpu_top/u_uart/u_clock_frequency_divider_tx/count_reg[20]/C
                         clock pessimism             -0.279     2.097    
    SLICE_X41Y50         FDCE (Hold_fdce_C_D)         0.105     2.202    u_riscv/lcpu_real.u_cpu/gen_uart.u_uart_lcpu_top/u_uart/u_clock_frequency_divider_tx/count_reg[20]
  -------------------------------------------------------------------
                         required time                         -2.202    
                         arrival time                           2.264    
  -------------------------------------------------------------------
                         slack                                  0.062    





Pulse Width Checks
--------------------------------------------------------------------------------------
Clock Name:         clk_50m_cpu_unbuf
Waveform(ns):       { 0.000 10.000 }
Period(ns):         20.000
Sources:            { clk_real.u_pll/u_mmcm/CLKOUT3 }

Check Type        Corner  Lib Pin             Reference Pin  Required(ns)  Actual(ns)  Slack(ns)  Location         Pin
Min Period        n/a     RAMB18E1/CLKARDCLK  n/a            2.472         20.000      17.528     RAMB18_X2Y10     u_riscv/lcpu_real.u_cpu/gen_uart.u_uart_lcpu_top/u_uart_lcpu/u_pkt_fifo/blk_mode.data_ram_single.u_data_ram/gen_inferred_ram.gen_port_a_aligned.ram_reg/CLKARDCLK
Max Period        n/a     MMCME2_ADV/CLKOUT3  n/a            213.360       20.000      193.360    MMCME2_ADV_X0Y0  clk_real.u_pll/u_mmcm/CLKOUT3
Low Pulse Width   Slow    FDCE/C              n/a            0.500         10.000      9.500      SLICE_X36Y6      u_cpu_channel/u_package_fifo_cpu_rd/none_blk_mode.nb_rptr_for_data_reg[0]/C
High Pulse Width  Slow    FDCE/C              n/a            0.500         10.000      9.500      SLICE_X36Y6      u_cpu_channel/u_package_fifo_cpu_rd/none_blk_mode.nb_rptr_for_data_reg[0]/C



---------------------------------------------------------------------------------------------------
From Clock:  clk_fb
  To Clock:  clk_fb

Setup :           NA  Failing Endpoints,  Worst Slack           NA  ,  Total Violation           NA
Hold  :           NA  Failing Endpoints,  Worst Slack           NA  ,  Total Violation           NA
PW    :            0  Failing Endpoints,  Worst Slack       18.751ns,  Total Violation        0.000ns
---------------------------------------------------------------------------------------------------


Pulse Width Checks
--------------------------------------------------------------------------------------
Clock Name:         clk_fb
Waveform(ns):       { 0.000 10.000 }
Period(ns):         20.000
Sources:            { clk_real.u_pll/u_mmcm/CLKFBOUT }

Check Type  Corner  Lib Pin              Reference Pin  Required(ns)  Actual(ns)  Slack(ns)  Location         Pin
Min Period  n/a     MMCME2_ADV/CLKFBOUT  n/a            1.249         20.000      18.751     MMCME2_ADV_X0Y0  clk_real.u_pll/u_mmcm/CLKFBOUT
Max Period  n/a     MMCME2_ADV/CLKFBIN   n/a            100.000       20.000      80.000     MMCME2_ADV_X0Y0  clk_real.u_pll/u_mmcm/CLKFBIN



---------------------------------------------------------------------------------------------------
From Clock:  clk_125m_unbuf
  To Clock:  enet1_rx_clk

Setup :            0  Failing Endpoints,  Worst Slack        4.961ns,  Total Violation        0.000ns
Hold  :            0  Failing Endpoints,  Worst Slack        0.201ns,  Total Violation        0.000ns
---------------------------------------------------------------------------------------------------


Max Delay Paths
--------------------------------------------------------------------------------------
Slack (MET) :             4.961ns  (required time - arrival time)
  Source:                 u_gmii2mac/u_rx_asyncfifo/out_ptr_gray_reg[1]/C
                            (rising edge-triggered cell FDCE clocked by clk_125m_unbuf  {rise@0.000ns fall@4.000ns period=8.000ns})
  Destination:            u_gmii2mac/u_rx_asyncfifo/out_ptr_gray1_reg[1]/D
                            (rising edge-triggered cell FDCE clocked by enet1_rx_clk  {rise@0.000ns fall@4.000ns period=8.000ns})
  Path Group:             enet1_rx_clk
  Path Type:              Setup (Max at Slow Process Corner)
  Requirement:            8.000ns  (enet1_rx_clk rise@8.000ns - clk_125m_unbuf rise@0.000ns)
  Data Path Delay:        1.607ns  (logic 0.433ns (26.946%)  route 1.174ns (73.054%))
  Logic Levels:           0  
  Clock Path Skew:        -1.138ns (DCD - SCD + CPR)
    Destination Clock Delay (DCD):    4.370ns = ( 12.370 - 8.000 ) 
    Source Clock Delay      (SCD):    5.508ns
    Clock Pessimism Removal (CPR):    0.000ns
  Clock Uncertainty:      0.247ns  ((TSJ^2 + DJ^2)^1/2) / 2 + PE
    Total System Jitter     (TSJ):    0.071ns
    Discrete Jitter          (DJ):    0.148ns
    Phase Error              (PE):    0.165ns
  Clock Domain Crossing:  Inter clock paths are considered valid unless explicitly excluded by timing constraints such as set_clock_groups or set_false_path.

    Location             Delay type                Incr(ns)  Path(ns)    Netlist Resource(s)
  -------------------------------------------------------------------    -------------------
                         (clock clk_125m_unbuf rise edge)
                                                      0.000     0.000 r  
    W19                                               0.000     0.000 r  clk_50m_in (IN)
                         net (fo=0)                   0.000     0.000    clk_50m_in
    W19                  IBUF (Prop_ibuf_I_O)         1.423     1.423 r  clk_50m_in_IBUF_inst/O
                         net (fo=1, routed)           1.065     2.489    clk_real.u_pll/clk_50m_in_IBUF
    MMCME2_ADV_X0Y0      MMCME2_ADV (Prop_mmcme2_adv_CLKIN1_CLKOUT0)
                                                      0.077     2.566 r  clk_real.u_pll/u_mmcm/CLKOUT0
                         net (fo=1, routed)           1.425     3.990    clk_real.u_pll/clk_125m_unbuf
    BUFGCTRL_X0Y5        BUFG (Prop_bufg_I_O)         0.081     4.071 r  clk_real.u_pll/u_bufg_125/O
                         net (fo=872, routed)         1.437     5.508    u_gmii2mac/u_rx_asyncfifo/clk_125m
    SLICE_X6Y8           FDCE                                         r  u_gmii2mac/u_rx_asyncfifo/out_ptr_gray_reg[1]/C
  -------------------------------------------------------------------    -------------------
    SLICE_X6Y8           FDCE (Prop_fdce_C_Q)         0.433     5.941 r  u_gmii2mac/u_rx_asyncfifo/out_ptr_gray_reg[1]/Q
                         net (fo=1, routed)           1.174     7.115    u_gmii2mac/u_rx_asyncfifo/out_ptr_gray[1]
    SLICE_X4Y8           FDCE                                         r  u_gmii2mac/u_rx_asyncfifo/out_ptr_gray1_reg[1]/D
  -------------------------------------------------------------------    -------------------

                         (clock enet1_rx_clk rise edge)
                                                      8.000     8.000 r  
    Y18                                               0.000     8.000 r  rgmii_rxc (IN)
                         net (fo=0)                   0.000     8.000    rgmii_rxc
    Y18                  IBUF (Prop_ibuf_I_O)         1.361     9.361 r  rgmii_rxc_IBUF_inst/O
                         net (fo=1, routed)           1.604    10.965    u_bridge/u_rx/rgmii_rxc_IBUF
    BUFGCTRL_X0Y0        BUFG (Prop_bufg_I_O)         0.077    11.042 r  u_bridge/u_rx/u_rxc_bufg/O
                         net (fo=164, routed)         1.328    12.370    u_gmii2mac/u_rx_asyncfifo/gmii_rx_clk
    SLICE_X4Y8           FDCE                                         r  u_gmii2mac/u_rx_asyncfifo/out_ptr_gray1_reg[1]/C
                         clock pessimism              0.000    12.370    
                         clock uncertainty           -0.247    12.123    
    SLICE_X4Y8           FDCE (Setup_fdce_C_D)       -0.047    12.076    u_gmii2mac/u_rx_asyncfifo/out_ptr_gray1_reg[1]
  -------------------------------------------------------------------
                         required time                         12.076    
                         arrival time                          -7.115    
  -------------------------------------------------------------------
                         slack                                  4.961    





Min Delay Paths
--------------------------------------------------------------------------------------
Slack (MET) :             0.201ns  (arrival time - required time)
  Source:                 u_gmii2mac/u_rx_asyncfifo/out_ptr_gray_reg[2]/C
                            (rising edge-triggered cell FDCE clocked by clk_125m_unbuf  {rise@0.000ns fall@4.000ns period=8.000ns})
  Destination:            u_gmii2mac/u_rx_asyncfifo/out_ptr_gray1_reg[2]/D
                            (rising edge-triggered cell FDCE clocked by enet1_rx_clk  {rise@0.000ns fall@4.000ns period=8.000ns})
  Path Group:             enet1_rx_clk
  Path Type:              Hold (Min at Fast Process Corner)
  Requirement:            0.000ns  (enet1_rx_clk rise@0.000ns - clk_125m_unbuf rise@0.000ns)
  Data Path Delay:        0.689ns  (logic 0.164ns (23.794%)  route 0.525ns (76.206%))
  Logic Levels:           0  
  Clock Path Skew:        0.175ns (DCD - SCD - CPR)
    Destination Clock Delay (DCD):    2.032ns
    Source Clock Delay      (SCD):    1.857ns
    Clock Pessimism Removal (CPR):    -0.000ns
  Clock Uncertainty:      0.247ns  ((TSJ^2 + DJ^2)^1/2) / 2 + PE
    Total System Jitter     (TSJ):    0.071ns
    Discrete Jitter          (DJ):    0.148ns
    Phase Error              (PE):    0.165ns
  Clock Domain Crossing:  Inter clock paths are considered valid unless explicitly excluded by timing constraints such as set_clock_groups or set_false_path.

    Location             Delay type                Incr(ns)  Path(ns)    Netlist Resource(s)
  -------------------------------------------------------------------    -------------------
                         (clock clk_125m_unbuf rise edge)
                                                      0.000     0.000 r  
    W19                                               0.000     0.000 r  clk_50m_in (IN)
                         net (fo=0)                   0.000     0.000    clk_50m_in
    W19                  IBUF (Prop_ibuf_I_O)         0.260     0.260 r  clk_50m_in_IBUF_inst/O
                         net (fo=1, routed)           0.440     0.700    clk_real.u_pll/clk_50m_in_IBUF
    MMCME2_ADV_X0Y0      MMCME2_ADV (Prop_mmcme2_adv_CLKIN1_CLKOUT0)
                                                      0.050     0.750 r  clk_real.u_pll/u_mmcm/CLKOUT0
                         net (fo=1, routed)           0.489     1.239    clk_real.u_pll/clk_125m_unbuf
    BUFGCTRL_X0Y5        BUFG (Prop_bufg_I_O)         0.026     1.265 r  clk_real.u_pll/u_bufg_125/O
                         net (fo=872, routed)         0.592     1.857    u_gmii2mac/u_rx_asyncfifo/clk_125m
    SLICE_X6Y8           FDCE                                         r  u_gmii2mac/u_rx_asyncfifo/out_ptr_gray_reg[2]/C
  -------------------------------------------------------------------    -------------------
    SLICE_X6Y8           FDCE (Prop_fdce_C_Q)         0.164     2.021 r  u_gmii2mac/u_rx_asyncfifo/out_ptr_gray_reg[2]/Q
                         net (fo=1, routed)           0.525     2.546    u_gmii2mac/u_rx_asyncfifo/out_ptr_gray[2]
    SLICE_X4Y9           FDCE                                         r  u_gmii2mac/u_rx_asyncfifo/out_ptr_gray1_reg[2]/D
  -------------------------------------------------------------------    -------------------

                         (clock enet1_rx_clk rise edge)
                                                      0.000     0.000 r  
    Y18                                               0.000     0.000 r  rgmii_rxc (IN)
                         net (fo=0)                   0.000     0.000    rgmii_rxc
    Y18                  IBUF (Prop_ibuf_I_O)         0.452     0.452 r  rgmii_rxc_IBUF_inst/O
                         net (fo=1, routed)           0.689     1.140    u_bridge/u_rx/rgmii_rxc_IBUF
    BUFGCTRL_X0Y0        BUFG (Prop_bufg_I_O)         0.029     1.169 r  u_bridge/u_rx/u_rxc_bufg/O
                         net (fo=164, routed)         0.863     2.032    u_gmii2mac/u_rx_asyncfifo/gmii_rx_clk
    SLICE_X4Y9           FDCE                                         r  u_gmii2mac/u_rx_asyncfifo/out_ptr_gray1_reg[2]/C
                         clock pessimism              0.000     2.032    
                         clock uncertainty            0.247     2.279    
    SLICE_X4Y9           FDCE (Hold_fdce_C_D)         0.066     2.345    u_gmii2mac/u_rx_asyncfifo/out_ptr_gray1_reg[2]
  -------------------------------------------------------------------
                         required time                         -2.345    
                         arrival time                           2.546    
  -------------------------------------------------------------------
                         slack                                  0.201    





---------------------------------------------------------------------------------------------------
From Clock:  clk_125m_unbuf
  To Clock:  clk_125m_tx_unbuf

Setup :            0  Failing Endpoints,  Worst Slack        0.001ns,  Total Violation        0.000ns
Hold  :            0  Failing Endpoints,  Worst Slack        1.962ns,  Total Violation        0.000ns
---------------------------------------------------------------------------------------------------


Max Delay Paths
--------------------------------------------------------------------------------------
Slack (MET) :             0.001ns  (required time - arrival time)
  Source:                 u_gmii2mac/u_eth_presemble/tx_data_out_reg[2]/C
                            (rising edge-triggered cell FDCE clocked by clk_125m_unbuf  {rise@0.000ns fall@4.000ns period=8.000ns})
  Destination:            u_bridge/u_tx/gen_txd_oddr[2].u_txd_oddr/D1
                            (rising edge-triggered cell ODDR clocked by clk_125m_tx_unbuf  {rise@2.000ns fall@6.000ns period=8.000ns})
  Path Group:             clk_125m_tx_unbuf
  Path Type:              Setup (Max at Slow Process Corner)
  Requirement:            2.000ns  (clk_125m_tx_unbuf rise@2.000ns - clk_125m_unbuf rise@0.000ns)
  Data Path Delay:        0.763ns  (logic 0.348ns (45.639%)  route 0.415ns (54.361%))
  Logic Levels:           0  
  Clock Path Skew:        -0.193ns (DCD - SCD + CPR)
    Destination Clock Delay (DCD):    5.171ns = ( 7.171 - 2.000 ) 
    Source Clock Delay      (SCD):    5.496ns
    Clock Pessimism Removal (CPR):    0.131ns
  Clock Uncertainty:      0.202ns  ((TSJ^2 + DJ^2)^1/2) / 2 + PE
    Total System Jitter     (TSJ):    0.071ns
    Discrete Jitter          (DJ):    0.148ns
    Phase Error              (PE):    0.120ns

    Location             Delay type                Incr(ns)  Path(ns)    Netlist Resource(s)
  -------------------------------------------------------------------    -------------------
                         (clock clk_125m_unbuf rise edge)
                                                      0.000     0.000 r  
    W19                                               0.000     0.000 r  clk_50m_in (IN)
                         net (fo=0)                   0.000     0.000    clk_50m_in
    W19                  IBUF (Prop_ibuf_I_O)         1.423     1.423 r  clk_50m_in_IBUF_inst/O
                         net (fo=1, routed)           1.065     2.489    clk_real.u_pll/clk_50m_in_IBUF
    MMCME2_ADV_X0Y0      MMCME2_ADV (Prop_mmcme2_adv_CLKIN1_CLKOUT0)
                                                      0.077     2.566 r  clk_real.u_pll/u_mmcm/CLKOUT0
                         net (fo=1, routed)           1.425     3.990    clk_real.u_pll/clk_125m_unbuf
    BUFGCTRL_X0Y5        BUFG (Prop_bufg_I_O)         0.081     4.071 r  clk_real.u_pll/u_bufg_125/O
                         net (fo=872, routed)         1.425     5.496    u_gmii2mac/u_eth_presemble/clk_125m
    SLICE_X3Y28          FDCE                                         r  u_gmii2mac/u_eth_presemble/tx_data_out_reg[2]/C
  -------------------------------------------------------------------    -------------------
    SLICE_X3Y28          FDCE (Prop_fdce_C_Q)         0.348     5.844 r  u_gmii2mac/u_eth_presemble/tx_data_out_reg[2]/Q
                         net (fo=1, routed)           0.415     6.259    u_bridge/u_tx/Q[2]
    OLOGIC_X0Y29         ODDR                                         r  u_bridge/u_tx/gen_txd_oddr[2].u_txd_oddr/D1
  -------------------------------------------------------------------    -------------------

                         (clock clk_125m_tx_unbuf rise edge)
                                                      2.000     2.000 r  
    W19                                               0.000     2.000 r  clk_50m_in (IN)
                         net (fo=0)                   0.000     2.000    clk_50m_in
    W19                  IBUF (Prop_ibuf_I_O)         1.357     3.357 r  clk_50m_in_IBUF_inst/O
                         net (fo=1, routed)           1.004     4.361    clk_real.u_pll/clk_50m_in_IBUF
    MMCME2_ADV_X0Y0      MMCME2_ADV (Prop_mmcme2_adv_CLKIN1_CLKOUT2)
                                                      0.073     4.434 r  clk_real.u_pll/u_mmcm/CLKOUT2
                         net (fo=1, routed)           1.357     5.792    clk_real.u_pll/clk_125m_tx_unbuf
    BUFGCTRL_X0Y2        BUFG (Prop_bufg_I_O)         0.077     5.869 r  clk_real.u_pll/u_bufg_125_tx/O
                         net (fo=6, routed)           1.303     7.171    u_bridge/u_tx/clk_125m_tx
    OLOGIC_X0Y29         ODDR                                         r  u_bridge/u_tx/gen_txd_oddr[2].u_txd_oddr/C
                         clock pessimism              0.131     7.303    
                         clock uncertainty           -0.202     7.100    
    OLOGIC_X0Y29         ODDR (Setup_oddr_C_D1)      -0.841     6.259    u_bridge/u_tx/gen_txd_oddr[2].u_txd_oddr
  -------------------------------------------------------------------
                         required time                          6.259    
                         arrival time                          -6.259    
  -------------------------------------------------------------------
                         slack                                  0.001    





Min Delay Paths
--------------------------------------------------------------------------------------
Slack (MET) :             1.962ns  (arrival time - required time)
  Source:                 u_gmii2mac/u_eth_presemble/tx_data_en_out_reg/C
                            (rising edge-triggered cell FDCE clocked by clk_125m_unbuf  {rise@0.000ns fall@4.000ns period=8.000ns})
  Destination:            u_bridge/u_tx/u_tx_ctl_oddr/D2
                            (falling edge-triggered cell ODDR clocked by clk_125m_tx_unbuf  {rise@2.000ns fall@6.000ns period=8.000ns})
  Path Group:             clk_125m_tx_unbuf
  Path Type:              Hold (Min at Fast Process Corner)
  Requirement:            -2.000ns  (clk_125m_tx_unbuf fall@6.000ns - clk_125m_unbuf rise@8.000ns)
  Data Path Delay:        0.384ns  (logic 0.141ns (36.678%)  route 0.243ns (63.322%))
  Logic Levels:           0  
  Clock Path Skew:        0.314ns (DCD - SCD - CPR)
    Destination Clock Delay (DCD):    2.396ns = ( 8.396 - 6.000 ) 
    Source Clock Delay      (SCD):    1.852ns = ( 9.852 - 8.000 ) 
    Clock Pessimism Removal (CPR):    0.231ns
  Clock Uncertainty:      0.202ns  ((TSJ^2 + DJ^2)^1/2) / 2 + PE
    Total System Jitter     (TSJ):    0.071ns
    Discrete Jitter          (DJ):    0.148ns
    Phase Error              (PE):    0.120ns

    Location             Delay type                Incr(ns)  Path(ns)    Netlist Resource(s)
  -------------------------------------------------------------------    -------------------
                         (clock clk_125m_unbuf rise edge)
                                                      8.000     8.000 r  
    W19                                               0.000     8.000 r  clk_50m_in (IN)
                         net (fo=0)                   0.000     8.000    clk_50m_in
    W19                  IBUF (Prop_ibuf_I_O)         0.260     8.260 r  clk_50m_in_IBUF_inst/O
                         net (fo=1, routed)           0.440     8.700    clk_real.u_pll/clk_50m_in_IBUF
    MMCME2_ADV_X0Y0      MMCME2_ADV (Prop_mmcme2_adv_CLKIN1_CLKOUT0)
                                                      0.050     8.750 r  clk_real.u_pll/u_mmcm/CLKOUT0
                         net (fo=1, routed)           0.489     9.239    clk_real.u_pll/clk_125m_unbuf
    BUFGCTRL_X0Y5        BUFG (Prop_bufg_I_O)         0.026     9.265 r  clk_real.u_pll/u_bufg_125/O
                         net (fo=872, routed)         0.587     9.852    u_gmii2mac/u_eth_presemble/clk_125m
    SLICE_X1Y19          FDCE                                         r  u_gmii2mac/u_eth_presemble/tx_data_en_out_reg/C
  -------------------------------------------------------------------    -------------------
    SLICE_X1Y19          FDCE (Prop_fdce_C_Q)         0.141     9.993 r  u_gmii2mac/u_eth_presemble/tx_data_en_out_reg/Q
                         net (fo=2, routed)           0.243    10.236    u_bridge/u_tx/Eth_TXEN
    OLOGIC_X0Y20         ODDR                                         r  u_bridge/u_tx/u_tx_ctl_oddr/D2
  -------------------------------------------------------------------    -------------------

                         (clock clk_125m_tx_unbuf fall edge)
                                                      6.000     6.000 f  
    W19                                               0.000     6.000 f  clk_50m_in (IN)
                         net (fo=0)                   0.000     6.000    clk_50m_in
    W19                  IBUF (Prop_ibuf_I_O)         0.448     6.448 f  clk_50m_in_IBUF_inst/O
                         net (fo=1, routed)           0.480     6.928    clk_real.u_pll/clk_50m_in_IBUF
    MMCME2_ADV_X0Y0      MMCME2_ADV (Prop_mmcme2_adv_CLKIN1_CLKOUT2)
                                                      0.053     6.981 f  clk_real.u_pll/u_mmcm/CLKOUT2
                         net (fo=1, routed)           0.534     7.515    clk_real.u_pll/clk_125m_tx_unbuf
    BUFGCTRL_X0Y2        BUFG (Prop_bufg_I_O)         0.029     7.544 f  clk_real.u_pll/u_bufg_125_tx/O
                         net (fo=6, routed)           0.853     8.396    u_bridge/u_tx/clk_125m_tx
    OLOGIC_X0Y20         ODDR                                         f  u_bridge/u_tx/u_tx_ctl_oddr/C
                         clock pessimism             -0.231     8.166    
                         clock uncertainty            0.202     8.368    
    OLOGIC_X0Y20         ODDR (Hold_oddr_C_D2)       -0.093     8.275    u_bridge/u_tx/u_tx_ctl_oddr
  -------------------------------------------------------------------
                         required time                         -8.275    
                         arrival time                          10.236    
  -------------------------------------------------------------------
                         slack                                  1.962    





---------------------------------------------------------------------------------------------------
From Clock:  enet1_rx_clk
  To Clock:  clk_125m_unbuf

Setup :            0  Failing Endpoints,  Worst Slack        3.107ns,  Total Violation        0.000ns
Hold  :            0  Failing Endpoints,  Worst Slack        0.186ns,  Total Violation        0.000ns
---------------------------------------------------------------------------------------------------


Max Delay Paths
--------------------------------------------------------------------------------------
Slack (MET) :             3.107ns  (required time - arrival time)
  Source:                 u_gmii2mac/u_rx_asyncfifo/mem_array_reg[6][4]/C
                            (rising edge-triggered cell FDRE clocked by enet1_rx_clk  {rise@0.000ns fall@4.000ns period=8.000ns})
  Destination:            u_gmii2mac/u_eth_presemble/rx_preamble_seen_reg/D
                            (rising edge-triggered cell FDCE clocked by clk_125m_unbuf  {rise@0.000ns fall@4.000ns period=8.000ns})
  Path Group:             clk_125m_unbuf
  Path Type:              Setup (Max at Slow Process Corner)
  Requirement:            8.000ns  (clk_125m_unbuf rise@8.000ns - enet1_rx_clk rise@0.000ns)
  Data Path Delay:        5.279ns  (logic 1.439ns (27.261%)  route 3.840ns (72.739%))
  Logic Levels:           6  (LUT4=2 LUT6=2 MUXF7=1 MUXF8=1)
  Clock Path Skew:        0.564ns (DCD - SCD + CPR)
    Destination Clock Delay (DCD):    5.193ns = ( 13.193 - 8.000 ) 
    Source Clock Delay      (SCD):    4.629ns
    Clock Pessimism Removal (CPR):    0.000ns
  Clock Uncertainty:      0.247ns  ((TSJ^2 + DJ^2)^1/2) / 2 + PE
    Total System Jitter     (TSJ):    0.071ns
    Discrete Jitter          (DJ):    0.148ns
    Phase Error              (PE):    0.165ns
  Clock Domain Crossing:  Inter clock paths are considered valid unless explicitly excluded by timing constraints such as set_clock_groups or set_false_path.

    Location             Delay type                Incr(ns)  Path(ns)    Netlist Resource(s)
  -------------------------------------------------------------------    -------------------
                         (clock enet1_rx_clk rise edge)
                                                      0.000     0.000 r  
    Y18                                               0.000     0.000 r  rgmii_rxc (IN)
                         net (fo=0)                   0.000     0.000    rgmii_rxc
    Y18                  IBUF (Prop_ibuf_I_O)         1.427     1.427 r  rgmii_rxc_IBUF_inst/O
                         net (fo=1, routed)           1.693     3.120    u_bridge/u_rx/rgmii_rxc_IBUF
    BUFGCTRL_X0Y0        BUFG (Prop_bufg_I_O)         0.081     3.201 r  u_bridge/u_rx/u_rxc_bufg/O
                         net (fo=164, routed)         1.429     4.629    u_gmii2mac/u_rx_asyncfifo/gmii_rx_clk
    SLICE_X7Y17          FDRE                                         r  u_gmii2mac/u_rx_asyncfifo/mem_array_reg[6][4]/C
  -------------------------------------------------------------------    -------------------
    SLICE_X7Y17          FDRE (Prop_fdre_C_Q)         0.379     5.008 r  u_gmii2mac/u_rx_asyncfifo/mem_array_reg[6][4]/Q
                         net (fo=1, routed)           1.010     6.019    u_gmii2mac/u_rx_asyncfifo/mem_array_reg[6]_6[4]
    SLICE_X2Y17          LUT6 (Prop_lut6_I1_O)        0.105     6.124 r  u_gmii2mac/u_rx_asyncfifo/i_data_d0_reg[4]_srl3_u_gmii2mac_u_mac_top_u_mac_rx_u_sop_eop_gen_i_data_d0_reg_c_i_6/O
                         net (fo=1, routed)           0.000     6.124    u_gmii2mac/u_rx_asyncfifo/i_data_d0_reg[4]_srl3_u_gmii2mac_u_mac_top_u_mac_rx_u_sop_eop_gen_i_data_d0_reg_c_i_6_n_0
    SLICE_X2Y17          MUXF7 (Prop_muxf7_I1_O)      0.206     6.330 r  u_gmii2mac/u_rx_asyncfifo/i_data_d0_reg[4]_srl3_u_gmii2mac_u_mac_top_u_mac_rx_u_sop_eop_gen_i_data_d0_reg_c_i_3/O
                         net (fo=1, routed)           0.000     6.330    u_gmii2mac/u_rx_asyncfifo/i_data_d0_reg[4]_srl3_u_gmii2mac_u_mac_top_u_mac_rx_u_sop_eop_gen_i_data_d0_reg_c_i_3_n_0
    SLICE_X2Y17          MUXF8 (Prop_muxf8_I0_O)      0.082     6.412 r  u_gmii2mac/u_rx_asyncfifo/i_data_d0_reg[4]_srl3_u_gmii2mac_u_mac_top_u_mac_rx_u_sop_eop_gen_i_data_d0_reg_c_i_2/O
                         net (fo=4, routed)           1.330     7.742    u_gmii2mac/u_rx_asyncfifo/rx_afifo_data[4]
    SLICE_X6Y13          LUT4 (Prop_lut4_I1_O)        0.273     8.015 f  u_gmii2mac/u_rx_asyncfifo/rx_preamble_seen_i_5/O
                         net (fo=1, routed)           0.564     8.579    u_gmii2mac/u_rx_asyncfifo/rx_preamble_seen_i_5_n_0
    SLICE_X5Y13          LUT6 (Prop_lut6_I1_O)        0.268     8.847 r  u_gmii2mac/u_rx_asyncfifo/rx_preamble_seen_i_2/O
                         net (fo=2, routed)           0.935     9.782    u_gmii2mac/u_eth_presemble/rx_preamble_seen1__7
    SLICE_X5Y13          LUT4 (Prop_lut4_I0_O)        0.126     9.908 r  u_gmii2mac/u_eth_presemble/rx_preamble_seen_i_1/O
                         net (fo=1, routed)           0.000     9.908    u_gmii2mac/u_eth_presemble/rx_preamble_seen_i_1_n_0
    SLICE_X5Y13          FDCE                                         r  u_gmii2mac/u_eth_presemble/rx_preamble_seen_reg/D
  -------------------------------------------------------------------    -------------------

                         (clock clk_125m_unbuf rise edge)
                                                      8.000     8.000 r  
    W19                                               0.000     8.000 r  clk_50m_in (IN)
                         net (fo=0)                   0.000     8.000    clk_50m_in
    W19                  IBUF (Prop_ibuf_I_O)         1.357     9.357 r  clk_50m_in_IBUF_inst/O
                         net (fo=1, routed)           1.004    10.361    clk_real.u_pll/clk_50m_in_IBUF
    MMCME2_ADV_X0Y0      MMCME2_ADV (Prop_mmcme2_adv_CLKIN1_CLKOUT0)
                                                      0.073    10.434 r  clk_real.u_pll/u_mmcm/CLKOUT0
                         net (fo=1, routed)           1.357    11.792    clk_real.u_pll/clk_125m_unbuf
    BUFGCTRL_X0Y5        BUFG (Prop_bufg_I_O)         0.077    11.869 r  clk_real.u_pll/u_bufg_125/O
                         net (fo=872, routed)         1.325    13.193    u_gmii2mac/u_eth_presemble/clk_125m
    SLICE_X5Y13          FDCE                                         r  u_gmii2mac/u_eth_presemble/rx_preamble_seen_reg/C
                         clock pessimism              0.000    13.193    
                         clock uncertainty           -0.247    12.946    
    SLICE_X5Y13          FDCE (Setup_fdce_C_D)        0.069    13.015    u_gmii2mac/u_eth_presemble/rx_preamble_seen_reg
  -------------------------------------------------------------------
                         required time                         13.015    
                         arrival time                          -9.908    
  -------------------------------------------------------------------
                         slack                                  3.107    





Min Delay Paths
--------------------------------------------------------------------------------------
Slack (MET) :             0.186ns  (arrival time - required time)
  Source:                 u_gmii2mac/u_rx_asyncfifo/mem_array_reg[7][8]/C
                            (rising edge-triggered cell FDRE clocked by enet1_rx_clk  {rise@0.000ns fall@4.000ns period=8.000ns})
  Destination:            u_gmii2mac/u_eth_presemble/rx_preamble_seen_reg/D
                            (rising edge-triggered cell FDCE clocked by clk_125m_unbuf  {rise@0.000ns fall@4.000ns period=8.000ns})
  Path Group:             clk_125m_unbuf
  Path Type:              Hold (Min at Fast Process Corner)
  Requirement:            0.000ns  (clk_125m_unbuf rise@0.000ns - enet1_rx_clk rise@0.000ns)
  Data Path Delay:        1.433ns  (logic 0.392ns (27.348%)  route 1.041ns (72.652%))
  Logic Levels:           4  (LUT4=1 LUT6=1 MUXF7=1 MUXF8=1)
  Clock Path Skew:        0.893ns (DCD - SCD - CPR)
    Destination Clock Delay (DCD):    2.402ns
    Source Clock Delay      (SCD):    1.509ns
    Clock Pessimism Removal (CPR):    -0.000ns
  Clock Uncertainty:      0.247ns  ((TSJ^2 + DJ^2)^1/2) / 2 + PE
    Total System Jitter     (TSJ):    0.071ns
    Discrete Jitter          (DJ):    0.148ns
    Phase Error              (PE):    0.165ns
  Clock Domain Crossing:  Inter clock paths are considered valid unless explicitly excluded by timing constraints such as set_clock_groups or set_false_path.

    Location             Delay type                Incr(ns)  Path(ns)    Netlist Resource(s)
  -------------------------------------------------------------------    -------------------
                         (clock enet1_rx_clk rise edge)
                                                      0.000     0.000 r  
    Y18                                               0.000     0.000 r  rgmii_rxc (IN)
                         net (fo=0)                   0.000     0.000    rgmii_rxc
    Y18                  IBUF (Prop_ibuf_I_O)         0.264     0.264 r  rgmii_rxc_IBUF_inst/O
                         net (fo=1, routed)           0.634     0.898    u_bridge/u_rx/rgmii_rxc_IBUF
    BUFGCTRL_X0Y0        BUFG (Prop_bufg_I_O)         0.026     0.924 r  u_bridge/u_rx/u_rxc_bufg/O
                         net (fo=164, routed)         0.586     1.509    u_gmii2mac/u_rx_asyncfifo/gmii_rx_clk
    SLICE_X4Y18          FDRE                                         r  u_gmii2mac/u_rx_asyncfifo/mem_array_reg[7][8]/C
  -------------------------------------------------------------------    -------------------
    SLICE_X4Y18          FDRE (Prop_fdre_C_Q)         0.141     1.650 r  u_gmii2mac/u_rx_asyncfifo/mem_array_reg[7][8]/Q
                         net (fo=1, routed)           0.335     1.985    u_gmii2mac/u_rx_asyncfifo/mem_array_reg[7]_7[8]
    SLICE_X4Y16          LUT6 (Prop_lut6_I0_O)        0.045     2.030 r  u_gmii2mac/u_rx_asyncfifo/rx_preamble_seen_i_10/O
                         net (fo=1, routed)           0.000     2.030    u_gmii2mac/u_rx_asyncfifo/rx_preamble_seen_i_10_n_0
    SLICE_X4Y16          MUXF7 (Prop_muxf7_I1_O)      0.074     2.104 r  u_gmii2mac/u_rx_asyncfifo/rx_preamble_seen_reg_i_7/O
                         net (fo=1, routed)           0.000     2.104    u_gmii2mac/u_rx_asyncfifo/rx_preamble_seen_reg_i_7_n_0
    SLICE_X4Y16          MUXF8 (Prop_muxf8_I0_O)      0.023     2.127 r  u_gmii2mac/u_rx_asyncfifo/rx_preamble_seen_reg_i_4/O
                         net (fo=3, routed)           0.706     2.834    u_gmii2mac/u_eth_presemble/rx_afifo_data[8]
    SLICE_X5Y13          LUT4 (Prop_lut4_I2_O)        0.109     2.943 r  u_gmii2mac/u_eth_presemble/rx_preamble_seen_i_1/O
                         net (fo=1, routed)           0.000     2.943    u_gmii2mac/u_eth_presemble/rx_preamble_seen_i_1_n_0
    SLICE_X5Y13          FDCE                                         r  u_gmii2mac/u_eth_presemble/rx_preamble_seen_reg/D
  -------------------------------------------------------------------    -------------------

                         (clock clk_125m_unbuf rise edge)
                                                      0.000     0.000 r  
    W19                                               0.000     0.000 r  clk_50m_in (IN)
                         net (fo=0)                   0.000     0.000    clk_50m_in
    W19                  IBUF (Prop_ibuf_I_O)         0.448     0.448 r  clk_50m_in_IBUF_inst/O
                         net (fo=1, routed)           0.480     0.928    clk_real.u_pll/clk_50m_in_IBUF
    MMCME2_ADV_X0Y0      MMCME2_ADV (Prop_mmcme2_adv_CLKIN1_CLKOUT0)
                                                      0.053     0.981 r  clk_real.u_pll/u_mmcm/CLKOUT0
                         net (fo=1, routed)           0.534     1.515    clk_real.u_pll/clk_125m_unbuf
    BUFGCTRL_X0Y5        BUFG (Prop_bufg_I_O)         0.029     1.544 r  clk_real.u_pll/u_bufg_125/O
                         net (fo=872, routed)         0.859     2.402    u_gmii2mac/u_eth_presemble/clk_125m
    SLICE_X5Y13          FDCE                                         r  u_gmii2mac/u_eth_presemble/rx_preamble_seen_reg/C
                         clock pessimism              0.000     2.402    
                         clock uncertainty            0.247     2.650    
    SLICE_X5Y13          FDCE (Hold_fdce_C_D)         0.107     2.757    u_gmii2mac/u_eth_presemble/rx_preamble_seen_reg
  -------------------------------------------------------------------
                         required time                         -2.757    
                         arrival time                           2.943    
  -------------------------------------------------------------------
                         slack                                  0.186    





---------------------------------------------------------------------------------------------------
From Clock:  clk_50m_cpu_unbuf
  To Clock:  clk_125m_unbuf

Setup :            0  Failing Endpoints,  Worst Slack        1.619ns,  Total Violation        0.000ns
Hold  :            0  Failing Endpoints,  Worst Slack        0.105ns,  Total Violation        0.000ns
---------------------------------------------------------------------------------------------------


Max Delay Paths
--------------------------------------------------------------------------------------
Slack (MET) :             1.619ns  (required time - arrival time)
  Source:                 u_cpu_channel/u_package_fifo_cpu_wr/none_blk_mode.nb_dual_clk_cdc.u_para_fifo/mem_array_reg[0][23]/C
                            (rising edge-triggered cell FDRE clocked by clk_50m_cpu_unbuf  {rise@0.000ns fall@10.000ns period=20.000ns})
  Destination:            u_cpu_channel/u_package_fifo_cpu_wr/none_blk_mode.nb_rptr_for_data_reg[9]/D
                            (rising edge-triggered cell FDCE clocked by clk_125m_unbuf  {rise@0.000ns fall@4.000ns period=8.000ns})
  Path Group:             clk_125m_unbuf
  Path Type:              Setup (Max at Slow Process Corner)
  Requirement:            4.000ns  (clk_125m_unbuf rise@24.000ns - clk_50m_cpu_unbuf rise@20.000ns)
  Data Path Delay:        2.049ns  (logic 0.737ns (35.974%)  route 1.312ns (64.026%))
  Logic Levels:           2  (LUT6=1 MUXF7=1)
  Clock Path Skew:        -0.178ns (DCD - SCD + CPR)
    Destination Clock Delay (DCD):    5.115ns = ( 29.115 - 24.000 ) 
    Source Clock Delay      (SCD):    5.425ns = ( 25.425 - 20.000 ) 
    Clock Pessimism Removal (CPR):    0.131ns
  Clock Uncertainty:      0.214ns  ((TSJ^2 + DJ^2)^1/2) / 2 + PE
    Total System Jitter     (TSJ):    0.071ns
    Discrete Jitter          (DJ):    0.175ns
    Phase Error              (PE):    0.120ns

    Location             Delay type                Incr(ns)  Path(ns)    Netlist Resource(s)
  -------------------------------------------------------------------    -------------------
                         (clock clk_50m_cpu_unbuf rise edge)
                                                     20.000    20.000 r  
    W19                                               0.000    20.000 r  clk_50m_in (IN)
                         net (fo=0)                   0.000    20.000    clk_50m_in
    W19                  IBUF (Prop_ibuf_I_O)         1.423    21.423 r  clk_50m_in_IBUF_inst/O
                         net (fo=1, routed)           1.065    22.489    clk_real.u_pll/clk_50m_in_IBUF
    MMCME2_ADV_X0Y0      MMCME2_ADV (Prop_mmcme2_adv_CLKIN1_CLKOUT3)
                                                      0.077    22.566 r  clk_real.u_pll/u_mmcm/CLKOUT3
                         net (fo=1, routed)           1.425    23.990    clk_real.u_pll/clk_50m_cpu_unbuf
    BUFGCTRL_X0Y4        BUFG (Prop_bufg_I_O)         0.081    24.071 r  clk_real.u_pll/u_bufg_50_cpu/O
                         net (fo=4040, routed)        1.354    25.425    u_cpu_channel/u_package_fifo_cpu_wr/none_blk_mode.nb_dual_clk_cdc.u_para_fifo/clk_50m
    SLICE_X14Y24         FDRE                                         r  u_cpu_channel/u_package_fifo_cpu_wr/none_blk_mode.nb_dual_clk_cdc.u_para_fifo/mem_array_reg[0][23]/C
  -------------------------------------------------------------------    -------------------
    SLICE_X14Y24         FDRE (Prop_fdre_C_Q)         0.433    25.858 r  u_cpu_channel/u_package_fifo_cpu_wr/none_blk_mode.nb_dual_clk_cdc.u_para_fifo/mem_array_reg[0][23]/Q
                         net (fo=1, routed)           1.312    27.170    u_cpu_channel/u_package_fifo_cpu_wr/none_blk_mode.nb_dual_clk_cdc.u_para_fifo_n_3
    SLICE_X15Y24         LUT6 (Prop_lut6_I5_O)        0.105    27.275 r  u_cpu_channel/u_package_fifo_cpu_wr/none_blk_mode.rpkt_para_data_r0_inferred__0/none_blk_mode.nb_rptr_for_data[9]_i_2/O
                         net (fo=1, routed)           0.000    27.275    u_cpu_channel/u_package_fifo_cpu_wr/none_blk_mode.rpkt_para_data_r0_inferred__0/none_blk_mode.nb_rptr_for_data[9]_i_2_n_0
    SLICE_X15Y24         MUXF7 (Prop_muxf7_I0_O)      0.199    27.474 r  u_cpu_channel/u_package_fifo_cpu_wr/none_blk_mode.rpkt_para_data_r0_inferred__0/none_blk_mode.nb_rptr_for_data_reg[9]_i_1/O
                         net (fo=1, routed)           0.000    27.474    u_cpu_channel/u_package_fifo_cpu_wr/none_blk_mode.rpkt_para_data_r0_inferred__0/none_blk_mode.nb_rptr_for_data_reg[9]_i_1_n_0
    SLICE_X15Y24         FDCE                                         r  u_cpu_channel/u_package_fifo_cpu_wr/none_blk_mode.nb_rptr_for_data_reg[9]/D
  -------------------------------------------------------------------    -------------------

                         (clock clk_125m_unbuf rise edge)
                                                     24.000    24.000 r  
    W19                                               0.000    24.000 r  clk_50m_in (IN)
                         net (fo=0)                   0.000    24.000    clk_50m_in
    W19                  IBUF (Prop_ibuf_I_O)         1.357    25.357 r  clk_50m_in_IBUF_inst/O
                         net (fo=1, routed)           1.004    26.361    clk_real.u_pll/clk_50m_in_IBUF
    MMCME2_ADV_X0Y0      MMCME2_ADV (Prop_mmcme2_adv_CLKIN1_CLKOUT0)
                                                      0.073    26.434 r  clk_real.u_pll/u_mmcm/CLKOUT0
                         net (fo=1, routed)           1.357    27.792    clk_real.u_pll/clk_125m_unbuf
    BUFGCTRL_X0Y5        BUFG (Prop_bufg_I_O)         0.077    27.869 r  clk_real.u_pll/u_bufg_125/O
                         net (fo=872, routed)         1.247    29.115    u_cpu_channel/u_package_fifo_cpu_wr/clk_125m
    SLICE_X15Y24         FDCE                                         r  u_cpu_channel/u_package_fifo_cpu_wr/none_blk_mode.nb_rptr_for_data_reg[9]/C
                         clock pessimism              0.131    29.247    
                         clock uncertainty           -0.214    29.033    
    SLICE_X15Y24         FDCE (Setup_fdce_C_D)        0.060    29.093    u_cpu_channel/u_package_fifo_cpu_wr/none_blk_mode.nb_rptr_for_data_reg[9]
  -------------------------------------------------------------------
                         required time                         29.093    
                         arrival time                         -27.474    
  -------------------------------------------------------------------
                         slack                                  1.619    





Min Delay Paths
--------------------------------------------------------------------------------------
Slack (MET) :             0.105ns  (arrival time - required time)
  Source:                 u_cpu_channel/u_package_fifo_cpu_wr/none_blk_mode.nb_dual_clk_cdc.u_para_fifo/mem_array_reg[3][25]/C
                            (rising edge-triggered cell FDRE clocked by clk_50m_cpu_unbuf  {rise@0.000ns fall@10.000ns period=20.000ns})
  Destination:            u_cpu_channel/u_package_fifo_cpu_wr/none_blk_mode.nb_rptr_for_data_reg[11]/D
                            (rising edge-triggered cell FDCE clocked by clk_125m_unbuf  {rise@0.000ns fall@4.000ns period=8.000ns})
  Path Group:             clk_125m_unbuf
  Path Type:              Hold (Min at Fast Process Corner)
  Requirement:            0.000ns  (clk_125m_unbuf rise@0.000ns - clk_50m_cpu_unbuf rise@0.000ns)
  Data Path Delay:        0.767ns  (logic 0.248ns (32.319%)  route 0.519ns (67.681%))
  Logic Levels:           2  (LUT6=1 MUXF7=1)
  Clock Path Skew:        0.314ns (DCD - SCD - CPR)
    Destination Clock Delay (DCD):    2.363ns
    Source Clock Delay      (SCD):    1.819ns
    Clock Pessimism Removal (CPR):    0.231ns
  Clock Uncertainty:      0.214ns  ((TSJ^2 + DJ^2)^1/2) / 2 + PE
    Total System Jitter     (TSJ):    0.071ns
    Discrete Jitter          (DJ):    0.175ns
    Phase Error              (PE):    0.120ns

    Location             Delay type                Incr(ns)  Path(ns)    Netlist Resource(s)
  -------------------------------------------------------------------    -------------------
                         (clock clk_50m_cpu_unbuf rise edge)
                                                      0.000     0.000 r  
    W19                                               0.000     0.000 r  clk_50m_in (IN)
                         net (fo=0)                   0.000     0.000    clk_50m_in
    W19                  IBUF (Prop_ibuf_I_O)         0.260     0.260 r  clk_50m_in_IBUF_inst/O
                         net (fo=1, routed)           0.440     0.700    clk_real.u_pll/clk_50m_in_IBUF
    MMCME2_ADV_X0Y0      MMCME2_ADV (Prop_mmcme2_adv_CLKIN1_CLKOUT3)
                                                      0.050     0.750 r  clk_real.u_pll/u_mmcm/CLKOUT3
                         net (fo=1, routed)           0.489     1.239    clk_real.u_pll/clk_50m_cpu_unbuf
    BUFGCTRL_X0Y4        BUFG (Prop_bufg_I_O)         0.026     1.265 r  clk_real.u_pll/u_bufg_50_cpu/O
                         net (fo=4040, routed)        0.554     1.819    u_cpu_channel/u_package_fifo_cpu_wr/none_blk_mode.nb_dual_clk_cdc.u_para_fifo/clk_50m
    SLICE_X15Y23         FDRE                                         r  u_cpu_channel/u_package_fifo_cpu_wr/none_blk_mode.nb_dual_clk_cdc.u_para_fifo/mem_array_reg[3][25]/C
  -------------------------------------------------------------------    -------------------
    SLICE_X15Y23         FDRE (Prop_fdre_C_Q)         0.141     1.960 r  u_cpu_channel/u_package_fifo_cpu_wr/none_blk_mode.nb_dual_clk_cdc.u_para_fifo/mem_array_reg[3][25]/Q
                         net (fo=1, routed)           0.519     2.479    u_cpu_channel/u_package_fifo_cpu_wr/none_blk_mode.nb_dual_clk_cdc.u_para_fifo_n_76
    SLICE_X14Y25         LUT6 (Prop_lut6_I0_O)        0.045     2.524 r  u_cpu_channel/u_package_fifo_cpu_wr/none_blk_mode.rpkt_para_data_r0_inferred__0/none_blk_mode.nb_rptr_for_data[11]_i_2/O
                         net (fo=1, routed)           0.000     2.524    u_cpu_channel/u_package_fifo_cpu_wr/none_blk_mode.rpkt_para_data_r0_inferred__0/none_blk_mode.nb_rptr_for_data[11]_i_2_n_0
    SLICE_X14Y25         MUXF7 (Prop_muxf7_I0_O)      0.062     2.586 r  u_cpu_channel/u_package_fifo_cpu_wr/none_blk_mode.rpkt_para_data_r0_inferred__0/none_blk_mode.nb_rptr_for_data_reg[11]_i_1/O
                         net (fo=1, routed)           0.000     2.586    u_cpu_channel/u_package_fifo_cpu_wr/none_blk_mode.rpkt_para_data_r0_inferred__0/none_blk_mode.nb_rptr_for_data_reg[11]_i_1_n_0
    SLICE_X14Y25         FDCE                                         r  u_cpu_channel/u_package_fifo_cpu_wr/none_blk_mode.nb_rptr_for_data_reg[11]/D
  -------------------------------------------------------------------    -------------------

                         (clock clk_125m_unbuf rise edge)
                                                      0.000     0.000 r  
    W19                                               0.000     0.000 r  clk_50m_in (IN)
                         net (fo=0)                   0.000     0.000    clk_50m_in
    W19                  IBUF (Prop_ibuf_I_O)         0.448     0.448 r  clk_50m_in_IBUF_inst/O
                         net (fo=1, routed)           0.480     0.928    clk_real.u_pll/clk_50m_in_IBUF
    MMCME2_ADV_X0Y0      MMCME2_ADV (Prop_mmcme2_adv_CLKIN1_CLKOUT0)
                                                      0.053     0.981 r  clk_real.u_pll/u_mmcm/CLKOUT0
                         net (fo=1, routed)           0.534     1.515    clk_real.u_pll/clk_125m_unbuf
    BUFGCTRL_X0Y5        BUFG (Prop_bufg_I_O)         0.029     1.544 r  clk_real.u_pll/u_bufg_125/O
                         net (fo=872, routed)         0.820     2.363    u_cpu_channel/u_package_fifo_cpu_wr/clk_125m
    SLICE_X14Y25         FDCE                                         r  u_cpu_channel/u_package_fifo_cpu_wr/none_blk_mode.nb_rptr_for_data_reg[11]/C
                         clock pessimism             -0.231     2.133    
                         clock uncertainty            0.214     2.347    
    SLICE_X14Y25         FDCE (Hold_fdce_C_D)         0.134     2.481    u_cpu_channel/u_package_fifo_cpu_wr/none_blk_mode.nb_rptr_for_data_reg[11]
  -------------------------------------------------------------------
                         required time                         -2.481    
                         arrival time                           2.586    
  -------------------------------------------------------------------
                         slack                                  0.105    





---------------------------------------------------------------------------------------------------
From Clock:  clk_125m_unbuf
  To Clock:  clk_50m_cpu_unbuf

Setup :            0  Failing Endpoints,  Worst Slack        1.533ns,  Total Violation        0.000ns
Hold  :            0  Failing Endpoints,  Worst Slack        0.105ns,  Total Violation        0.000ns
---------------------------------------------------------------------------------------------------


Max Delay Paths
--------------------------------------------------------------------------------------
Slack (MET) :             1.533ns  (required time - arrival time)
  Source:                 u_cpu_channel/u_package_fifo_cpu_rd/none_blk_mode.nb_dual_clk_cdc.u_para_fifo/mem_array_reg[3][8]/C
                            (rising edge-triggered cell FDRE clocked by clk_125m_unbuf  {rise@0.000ns fall@4.000ns period=8.000ns})
  Destination:            u_cpu_channel/u_package_fifo_cpu_rd/none_blk_mode.rpkt_para_data_r_reg[8]/D
                            (rising edge-triggered cell FDCE clocked by clk_50m_cpu_unbuf  {rise@0.000ns fall@10.000ns period=20.000ns})
  Path Group:             clk_50m_cpu_unbuf
  Path Type:              Setup (Max at Slow Process Corner)
  Requirement:            4.000ns  (clk_50m_cpu_unbuf rise@20.000ns - clk_125m_unbuf rise@16.000ns)
  Data Path Delay:        2.176ns  (logic 0.789ns (36.262%)  route 1.387ns (63.738%))
  Logic Levels:           2  (LUT6=1 MUXF7=1)
  Clock Path Skew:        -0.181ns (DCD - SCD + CPR)
    Destination Clock Delay (DCD):    5.127ns = ( 25.127 - 20.000 ) 
    Source Clock Delay      (SCD):    5.440ns = ( 21.440 - 16.000 ) 
    Clock Pessimism Removal (CPR):    0.131ns
  Clock Uncertainty:      0.214ns  ((TSJ^2 + DJ^2)^1/2) / 2 + PE
    Total System Jitter     (TSJ):    0.071ns
    Discrete Jitter          (DJ):    0.175ns
    Phase Error              (PE):    0.120ns

    Location             Delay type                Incr(ns)  Path(ns)    Netlist Resource(s)
  -------------------------------------------------------------------    -------------------
                         (clock clk_125m_unbuf rise edge)
                                                     16.000    16.000 r  
    W19                                               0.000    16.000 r  clk_50m_in (IN)
                         net (fo=0)                   0.000    16.000    clk_50m_in
    W19                  IBUF (Prop_ibuf_I_O)         1.423    17.423 r  clk_50m_in_IBUF_inst/O
                         net (fo=1, routed)           1.065    18.489    clk_real.u_pll/clk_50m_in_IBUF
    MMCME2_ADV_X0Y0      MMCME2_ADV (Prop_mmcme2_adv_CLKIN1_CLKOUT0)
                                                      0.077    18.566 r  clk_real.u_pll/u_mmcm/CLKOUT0
                         net (fo=1, routed)           1.425    19.990    clk_real.u_pll/clk_125m_unbuf
    BUFGCTRL_X0Y5        BUFG (Prop_bufg_I_O)         0.081    20.071 r  clk_real.u_pll/u_bufg_125/O
                         net (fo=872, routed)         1.369    21.440    u_cpu_channel/u_package_fifo_cpu_rd/none_blk_mode.nb_dual_clk_cdc.u_para_fifo/clk_125m
    SLICE_X41Y4          FDRE                                         r  u_cpu_channel/u_package_fifo_cpu_rd/none_blk_mode.nb_dual_clk_cdc.u_para_fifo/mem_array_reg[3][8]/C
  -------------------------------------------------------------------    -------------------
    SLICE_X41Y4          FDRE (Prop_fdre_C_Q)         0.348    21.788 r  u_cpu_channel/u_package_fifo_cpu_rd/none_blk_mode.nb_dual_clk_cdc.u_para_fifo/mem_array_reg[3][8]/Q
                         net (fo=1, routed)           1.387    23.175    u_cpu_channel/u_package_fifo_cpu_rd/none_blk_mode.nb_dual_clk_cdc.u_para_fifo_n_92
    SLICE_X42Y4          LUT6 (Prop_lut6_I0_O)        0.240    23.415 r  u_cpu_channel/u_package_fifo_cpu_rd/none_blk_mode.rpkt_para_data_r0_inferred__0/none_blk_mode.rpkt_para_data_r[8]_i_2/O
                         net (fo=1, routed)           0.000    23.415    u_cpu_channel/u_package_fifo_cpu_rd/none_blk_mode.rpkt_para_data_r0_inferred__0/none_blk_mode.rpkt_para_data_r[8]_i_2_n_0
    SLICE_X42Y4          MUXF7 (Prop_muxf7_I0_O)      0.201    23.616 r  u_cpu_channel/u_package_fifo_cpu_rd/none_blk_mode.rpkt_para_data_r0_inferred__0/none_blk_mode.rpkt_para_data_r_reg[8]_i_1/O
                         net (fo=1, routed)           0.000    23.616    u_cpu_channel/u_package_fifo_cpu_rd/none_blk_mode.rpkt_para_data_r0_inferred__0/none_blk_mode.rpkt_para_data_r_reg[8]_i_1_n_0
    SLICE_X42Y4          FDCE                                         r  u_cpu_channel/u_package_fifo_cpu_rd/none_blk_mode.rpkt_para_data_r_reg[8]/D
  -------------------------------------------------------------------    -------------------

                         (clock clk_50m_cpu_unbuf rise edge)
                                                     20.000    20.000 r  
    W19                                               0.000    20.000 r  clk_50m_in (IN)
                         net (fo=0)                   0.000    20.000    clk_50m_in
    W19                  IBUF (Prop_ibuf_I_O)         1.357    21.357 r  clk_50m_in_IBUF_inst/O
                         net (fo=1, routed)           1.004    22.361    clk_real.u_pll/clk_50m_in_IBUF
    MMCME2_ADV_X0Y0      MMCME2_ADV (Prop_mmcme2_adv_CLKIN1_CLKOUT3)
                                                      0.073    22.434 r  clk_real.u_pll/u_mmcm/CLKOUT3
                         net (fo=1, routed)           1.357    23.792    clk_real.u_pll/clk_50m_cpu_unbuf
    BUFGCTRL_X0Y4        BUFG (Prop_bufg_I_O)         0.077    23.869 r  clk_real.u_pll/u_bufg_50_cpu/O
                         net (fo=4040, routed)        1.259    25.127    u_cpu_channel/u_package_fifo_cpu_rd/clk_50m
    SLICE_X42Y4          FDCE                                         r  u_cpu_channel/u_package_fifo_cpu_rd/none_blk_mode.rpkt_para_data_r_reg[8]/C
                         clock pessimism              0.131    25.259    
                         clock uncertainty           -0.214    25.045    
    SLICE_X42Y4          FDCE (Setup_fdce_C_D)        0.104    25.149    u_cpu_channel/u_package_fifo_cpu_rd/none_blk_mode.rpkt_para_data_r_reg[8]
  -------------------------------------------------------------------
                         required time                         25.149    
                         arrival time                         -23.616    
  -------------------------------------------------------------------
                         slack                                  1.533    





Min Delay Paths
--------------------------------------------------------------------------------------
Slack (MET) :             0.105ns  (arrival time - required time)
  Source:                 u_cpu_channel/u_package_fifo_cpu_rd/none_blk_mode.nb_dual_clk_cdc.u_para_fifo/mem_array_reg[6][21]/C
                            (rising edge-triggered cell FDRE clocked by clk_125m_unbuf  {rise@0.000ns fall@4.000ns period=8.000ns})
  Destination:            u_cpu_channel/u_package_fifo_cpu_rd/none_blk_mode.nb_rptr_for_data_reg[7]/D
                            (rising edge-triggered cell FDCE clocked by clk_50m_cpu_unbuf  {rise@0.000ns fall@10.000ns period=20.000ns})
  Path Group:             clk_50m_cpu_unbuf
  Path Type:              Hold (Min at Fast Process Corner)
  Requirement:            0.000ns  (clk_50m_cpu_unbuf rise@0.000ns - clk_125m_unbuf rise@0.000ns)
  Data Path Delay:        0.740ns  (logic 0.260ns (35.154%)  route 0.480ns (64.846%))
  Logic Levels:           2  (LUT6=1 MUXF7=1)
  Clock Path Skew:        0.316ns (DCD - SCD - CPR)
    Destination Clock Delay (DCD):    2.374ns
    Source Clock Delay      (SCD):    1.828ns
    Clock Pessimism Removal (CPR):    0.231ns
  Clock Uncertainty:      0.214ns  ((TSJ^2 + DJ^2)^1/2) / 2 + PE
    Total System Jitter     (TSJ):    0.071ns
    Discrete Jitter          (DJ):    0.175ns
    Phase Error              (PE):    0.120ns

    Location             Delay type                Incr(ns)  Path(ns)    Netlist Resource(s)
  -------------------------------------------------------------------    -------------------
                         (clock clk_125m_unbuf rise edge)
                                                      0.000     0.000 r  
    W19                                               0.000     0.000 r  clk_50m_in (IN)
                         net (fo=0)                   0.000     0.000    clk_50m_in
    W19                  IBUF (Prop_ibuf_I_O)         0.260     0.260 r  clk_50m_in_IBUF_inst/O
                         net (fo=1, routed)           0.440     0.700    clk_real.u_pll/clk_50m_in_IBUF
    MMCME2_ADV_X0Y0      MMCME2_ADV (Prop_mmcme2_adv_CLKIN1_CLKOUT0)
                                                      0.050     0.750 r  clk_real.u_pll/u_mmcm/CLKOUT0
                         net (fo=1, routed)           0.489     1.239    clk_real.u_pll/clk_125m_unbuf
    BUFGCTRL_X0Y5        BUFG (Prop_bufg_I_O)         0.026     1.265 r  clk_real.u_pll/u_bufg_125/O
                         net (fo=872, routed)         0.563     1.828    u_cpu_channel/u_package_fifo_cpu_rd/none_blk_mode.nb_dual_clk_cdc.u_para_fifo/clk_125m
    SLICE_X32Y6          FDRE                                         r  u_cpu_channel/u_package_fifo_cpu_rd/none_blk_mode.nb_dual_clk_cdc.u_para_fifo/mem_array_reg[6][21]/C
  -------------------------------------------------------------------    -------------------
    SLICE_X32Y6          FDRE (Prop_fdre_C_Q)         0.141     1.969 r  u_cpu_channel/u_package_fifo_cpu_rd/none_blk_mode.nb_dual_clk_cdc.u_para_fifo/mem_array_reg[6][21]/Q
                         net (fo=1, routed)           0.480     2.448    u_cpu_channel/u_package_fifo_cpu_rd/none_blk_mode.nb_dual_clk_cdc.u_para_fifo_n_155
    SLICE_X31Y8          LUT6 (Prop_lut6_I1_O)        0.045     2.493 r  u_cpu_channel/u_package_fifo_cpu_rd/none_blk_mode.rpkt_para_data_r0_inferred__0/none_blk_mode.nb_rptr_for_data[7]_i_3/O
                         net (fo=1, routed)           0.000     2.493    u_cpu_channel/u_package_fifo_cpu_rd/none_blk_mode.rpkt_para_data_r0_inferred__0/none_blk_mode.nb_rptr_for_data[7]_i_3_n_0
    SLICE_X31Y8          MUXF7 (Prop_muxf7_I1_O)      0.074     2.567 r  u_cpu_channel/u_package_fifo_cpu_rd/none_blk_mode.rpkt_para_data_r0_inferred__0/none_blk_mode.nb_rptr_for_data_reg[7]_i_1/O
                         net (fo=1, routed)           0.000     2.567    u_cpu_channel/u_package_fifo_cpu_rd/none_blk_mode.rpkt_para_data_r0_inferred__0/none_blk_mode.nb_rptr_for_data_reg[7]_i_1_n_0
    SLICE_X31Y8          FDCE                                         r  u_cpu_channel/u_package_fifo_cpu_rd/none_blk_mode.nb_rptr_for_data_reg[7]/D
  -------------------------------------------------------------------    -------------------

                         (clock clk_50m_cpu_unbuf rise edge)
                                                      0.000     0.000 r  
    W19                                               0.000     0.000 r  clk_50m_in (IN)
                         net (fo=0)                   0.000     0.000    clk_50m_in
    W19                  IBUF (Prop_ibuf_I_O)         0.448     0.448 r  clk_50m_in_IBUF_inst/O
                         net (fo=1, routed)           0.480     0.928    clk_real.u_pll/clk_50m_in_IBUF
    MMCME2_ADV_X0Y0      MMCME2_ADV (Prop_mmcme2_adv_CLKIN1_CLKOUT3)
                                                      0.053     0.981 r  clk_real.u_pll/u_mmcm/CLKOUT3
                         net (fo=1, routed)           0.534     1.515    clk_real.u_pll/clk_50m_cpu_unbuf
    BUFGCTRL_X0Y4        BUFG (Prop_bufg_I_O)         0.029     1.544 r  clk_real.u_pll/u_bufg_50_cpu/O
                         net (fo=4040, routed)        0.831     2.374    u_cpu_channel/u_package_fifo_cpu_rd/clk_50m
    SLICE_X31Y8          FDCE                                         r  u_cpu_channel/u_package_fifo_cpu_rd/none_blk_mode.nb_rptr_for_data_reg[7]/C
                         clock pessimism             -0.231     2.144    
                         clock uncertainty            0.214     2.358    
    SLICE_X31Y8          FDCE (Hold_fdce_C_D)         0.105     2.463    u_cpu_channel/u_package_fifo_cpu_rd/none_blk_mode.nb_rptr_for_data_reg[7]
  -------------------------------------------------------------------
                         required time                         -2.463    
                         arrival time                           2.567    
  -------------------------------------------------------------------
                         slack                                  0.105    





---------------------------------------------------------------------------------------------------
Path Group:  **async_default**
From Clock:  clk_50m_cpu_unbuf
  To Clock:  clk_50m_cpu_unbuf

Setup :            0  Failing Endpoints,  Worst Slack       14.588ns,  Total Violation        0.000ns
Hold  :            0  Failing Endpoints,  Worst Slack        0.864ns,  Total Violation        0.000ns
---------------------------------------------------------------------------------------------------


Max Delay Paths
--------------------------------------------------------------------------------------
Slack (MET) :             14.588ns  (required time - arrival time)
  Source:                 u_riscv/riscv_cpu_generation.u_riscv_cpu/reset_l_s_reg/C
                            (rising edge-triggered cell FDRE clocked by clk_50m_cpu_unbuf  {rise@0.000ns fall@10.000ns period=20.000ns})
  Destination:            u_riscv/riscv_cpu_generation.u_riscv_cpu/u_riscv_reg/rdata_reg[1]/CLR
                            (recovery check against rising-edge clock clk_50m_cpu_unbuf  {rise@0.000ns fall@10.000ns period=20.000ns})
  Path Group:             **async_default**
  Path Type:              Recovery (Max at Slow Process Corner)
  Requirement:            20.000ns  (clk_50m_cpu_unbuf rise@20.000ns - clk_50m_cpu_unbuf rise@0.000ns)
  Data Path Delay:        4.951ns  (logic 0.484ns (9.776%)  route 4.467ns (90.224%))
  Logic Levels:           1  (LUT1=1)
  Clock Path Skew:        -0.036ns (DCD - SCD + CPR)
    Destination Clock Delay (DCD):    5.125ns = ( 25.125 - 20.000 ) 
    Source Clock Delay      (SCD):    5.430ns
    Clock Pessimism Removal (CPR):    0.269ns
  Clock Uncertainty:      0.094ns  ((TSJ^2 + DJ^2)^1/2) / 2 + PE
    Total System Jitter     (TSJ):    0.071ns
    Discrete Jitter          (DJ):    0.175ns
    Phase Error              (PE):    0.000ns

    Location             Delay type                Incr(ns)  Path(ns)    Netlist Resource(s)
  -------------------------------------------------------------------    -------------------
                         (clock clk_50m_cpu_unbuf rise edge)
                                                      0.000     0.000 r  
    W19                                               0.000     0.000 r  clk_50m_in (IN)
                         net (fo=0)                   0.000     0.000    clk_50m_in
    W19                  IBUF (Prop_ibuf_I_O)         1.423     1.423 r  clk_50m_in_IBUF_inst/O
                         net (fo=1, routed)           1.065     2.489    clk_real.u_pll/clk_50m_in_IBUF
    MMCME2_ADV_X0Y0      MMCME2_ADV (Prop_mmcme2_adv_CLKIN1_CLKOUT3)
                                                      0.077     2.566 r  clk_real.u_pll/u_mmcm/CLKOUT3
                         net (fo=1, routed)           1.425     3.990    clk_real.u_pll/clk_50m_cpu_unbuf
    BUFGCTRL_X0Y4        BUFG (Prop_bufg_I_O)         0.081     4.071 r  clk_real.u_pll/u_bufg_50_cpu/O
                         net (fo=4040, routed)        1.359     5.430    u_riscv/riscv_cpu_generation.u_riscv_cpu/clk_50m
    SLICE_X40Y17         FDRE                                         r  u_riscv/riscv_cpu_generation.u_riscv_cpu/reset_l_s_reg/C
  -------------------------------------------------------------------    -------------------
    SLICE_X40Y17         FDRE (Prop_fdre_C_Q)         0.379     5.809 r  u_riscv/riscv_cpu_generation.u_riscv_cpu/reset_l_s_reg/Q
                         net (fo=29, routed)          1.071     6.880    u_riscv/riscv_cpu_generation.u_riscv_cpu/u_RiscV32_LocalBus/u_picorv32/reset_l_s
    SLICE_X45Y19         LUT1 (Prop_lut1_I0_O)        0.105     6.985 f  u_riscv/riscv_cpu_generation.u_riscv_cpu/u_RiscV32_LocalBus/u_picorv32/FSM_sequential_mem_state[1]_i_1/O
                         net (fo=573, routed)         3.396    10.381    u_riscv/riscv_cpu_generation.u_riscv_cpu/u_riscv_reg/rhwl_d_reg[0]
    SLICE_X47Y12         FDCE                                         f  u_riscv/riscv_cpu_generation.u_riscv_cpu/u_riscv_reg/rdata_reg[1]/CLR
  -------------------------------------------------------------------    -------------------

                         (clock clk_50m_cpu_unbuf rise edge)
                                                     20.000    20.000 r  
    W19                                               0.000    20.000 r  clk_50m_in (IN)
                         net (fo=0)                   0.000    20.000    clk_50m_in
    W19                  IBUF (Prop_ibuf_I_O)         1.357    21.357 r  clk_50m_in_IBUF_inst/O
                         net (fo=1, routed)           1.004    22.361    clk_real.u_pll/clk_50m_in_IBUF
    MMCME2_ADV_X0Y0      MMCME2_ADV (Prop_mmcme2_adv_CLKIN1_CLKOUT3)
                                                      0.073    22.434 r  clk_real.u_pll/u_mmcm/CLKOUT3
                         net (fo=1, routed)           1.357    23.792    clk_real.u_pll/clk_50m_cpu_unbuf
    BUFGCTRL_X0Y4        BUFG (Prop_bufg_I_O)         0.077    23.869 r  clk_real.u_pll/u_bufg_50_cpu/O
                         net (fo=4040, routed)        1.257    25.125    u_riscv/riscv_cpu_generation.u_riscv_cpu/u_riscv_reg/clk_50m
    SLICE_X47Y12         FDCE                                         r  u_riscv/riscv_cpu_generation.u_riscv_cpu/u_riscv_reg/rdata_reg[1]/C
                         clock pessimism              0.269    25.394    
                         clock uncertainty           -0.094    25.300    
    SLICE_X47Y12         FDCE (Recov_fdce_C_CLR)     -0.331    24.969    u_riscv/riscv_cpu_generation.u_riscv_cpu/u_riscv_reg/rdata_reg[1]
  -------------------------------------------------------------------
                         required time                         24.969    
                         arrival time                         -10.381    
  -------------------------------------------------------------------
                         slack                                 14.588    





Min Delay Paths
--------------------------------------------------------------------------------------
Slack (MET) :             0.864ns  (arrival time - required time)
  Source:                 u_riscv/riscv_cpu_generation.u_riscv_cpu/reset_l_s_reg/C
                            (rising edge-triggered cell FDRE clocked by clk_50m_cpu_unbuf  {rise@0.000ns fall@10.000ns period=20.000ns})
  Destination:            u_riscv/riscv_cpu_generation.u_riscv_cpu/u_riscv_reg/is_req_cnt_reg[12]/CLR
                            (removal check against rising-edge clock clk_50m_cpu_unbuf  {rise@0.000ns fall@10.000ns period=20.000ns})
  Path Group:             **async_default**
  Path Type:              Removal (Min at Fast Process Corner)
  Requirement:            0.000ns  (clk_50m_cpu_unbuf rise@0.000ns - clk_50m_cpu_unbuf rise@0.000ns)
  Data Path Delay:        0.805ns  (logic 0.186ns (23.095%)  route 0.619ns (76.905%))
  Logic Levels:           1  (LUT1=1)
  Clock Path Skew:        0.033ns (DCD - SCD - CPR)
    Destination Clock Delay (DCD):    2.367ns
    Source Clock Delay      (SCD):    1.822ns
    Clock Pessimism Removal (CPR):    0.513ns

    Location             Delay type                Incr(ns)  Path(ns)    Netlist Resource(s)
  -------------------------------------------------------------------    -------------------
                         (clock clk_50m_cpu_unbuf rise edge)
                                                      0.000     0.000 r  
    W19                                               0.000     0.000 r  clk_50m_in (IN)
                         net (fo=0)                   0.000     0.000    clk_50m_in
    W19                  IBUF (Prop_ibuf_I_O)         0.260     0.260 r  clk_50m_in_IBUF_inst/O
                         net (fo=1, routed)           0.440     0.700    clk_real.u_pll/clk_50m_in_IBUF
    MMCME2_ADV_X0Y0      MMCME2_ADV (Prop_mmcme2_adv_CLKIN1_CLKOUT3)
                                                      0.050     0.750 r  clk_real.u_pll/u_mmcm/CLKOUT3
                         net (fo=1, routed)           0.489     1.239    clk_real.u_pll/clk_50m_cpu_unbuf
    BUFGCTRL_X0Y4        BUFG (Prop_bufg_I_O)         0.026     1.265 r  clk_real.u_pll/u_bufg_50_cpu/O
                         net (fo=4040, routed)        0.557     1.822    u_riscv/riscv_cpu_generation.u_riscv_cpu/clk_50m
    SLICE_X40Y17         FDRE                                         r  u_riscv/riscv_cpu_generation.u_riscv_cpu/reset_l_s_reg/C
  -------------------------------------------------------------------    -------------------
    SLICE_X40Y17         FDRE (Prop_fdre_C_Q)         0.141     1.963 r  u_riscv/riscv_cpu_generation.u_riscv_cpu/reset_l_s_reg/Q
                         net (fo=29, routed)          0.479     2.442    u_riscv/riscv_cpu_generation.u_riscv_cpu/u_RiscV32_LocalBus/u_picorv32/reset_l_s
    SLICE_X45Y19         LUT1 (Prop_lut1_I0_O)        0.045     2.487 f  u_riscv/riscv_cpu_generation.u_riscv_cpu/u_RiscV32_LocalBus/u_picorv32/FSM_sequential_mem_state[1]_i_1/O
                         net (fo=573, routed)         0.140     2.627    u_riscv/riscv_cpu_generation.u_riscv_cpu/u_riscv_reg/rhwl_d_reg[0]
    SLICE_X44Y19         FDCE                                         f  u_riscv/riscv_cpu_generation.u_riscv_cpu/u_riscv_reg/is_req_cnt_reg[12]/CLR
  -------------------------------------------------------------------    -------------------

                         (clock clk_50m_cpu_unbuf rise edge)
                                                      0.000     0.000 r  
    W19                                               0.000     0.000 r  clk_50m_in (IN)
                         net (fo=0)                   0.000     0.000    clk_50m_in
    W19                  IBUF (Prop_ibuf_I_O)         0.448     0.448 r  clk_50m_in_IBUF_inst/O
                         net (fo=1, routed)           0.480     0.928    clk_real.u_pll/clk_50m_in_IBUF
    MMCME2_ADV_X0Y0      MMCME2_ADV (Prop_mmcme2_adv_CLKIN1_CLKOUT3)
                                                      0.053     0.981 r  clk_real.u_pll/u_mmcm/CLKOUT3
                         net (fo=1, routed)           0.534     1.515    clk_real.u_pll/clk_50m_cpu_unbuf
    BUFGCTRL_X0Y4        BUFG (Prop_bufg_I_O)         0.029     1.544 r  clk_real.u_pll/u_bufg_50_cpu/O
                         net (fo=4040, routed)        0.824     2.367    u_riscv/riscv_cpu_generation.u_riscv_cpu/u_riscv_reg/clk_50m
    SLICE_X44Y19         FDCE                                         r  u_riscv/riscv_cpu_generation.u_riscv_cpu/u_riscv_reg/is_req_cnt_reg[12]/C
                         clock pessimism             -0.513     1.855    
    SLICE_X44Y19         FDCE (Remov_fdce_C_CLR)     -0.092     1.763    u_riscv/riscv_cpu_generation.u_riscv_cpu/u_riscv_reg/is_req_cnt_reg[12]
  -------------------------------------------------------------------
                         required time                         -1.763    
                         arrival time                           2.627    
  -------------------------------------------------------------------
                         slack                                  0.864    





