#-----------------------------------------------------------
# Vivado v2024.1 (64-bit)
# SW Build 5076996 on Wed May 22 18:36:09 MDT 2024
# IP Build 5075265 on Wed May 22 21:45:21 MDT 2024
# SharedData Build 5076995 on Wed May 22 18:29:18 MDT 2024
# Start of session at: Wed Jul 29 15:30:12 2026
# Process ID: 22876
# Current directory: /home/minkey/work/RiscV_WebSoC_v1/RiscV_WebSoC/build_RiscV_WebSoC_v0002_20260729_153011
# Command line: vivado -mode batch -source build.tcl -log vivado.log -journal vivado.jou -tclargs RiscV_WebSoC_v0002_20260729_153011 /home/minkey/work/RiscV_WebSoC_v1/RiscV_WebSoC/build_RiscV_WebSoC_v0002_20260729_153011 /home/minkey/work/RiscV_WebSoC_v1/RiscV_WebSoC/rtl
# Log file: /home/minkey/work/RiscV_WebSoC_v1/RiscV_WebSoC/build_RiscV_WebSoC_v0002_20260729_153011/vivado.log
# Journal file: /home/minkey/work/RiscV_WebSoC_v1/RiscV_WebSoC/build_RiscV_WebSoC_v0002_20260729_153011/vivado.jou
# Running On        :minkey-pc
# Platform          :Ubuntu
# Operating System  :Ubuntu 26.04 LTS
# Processor Detail  :AMD Ryzen 7 6800H with Radeon Graphics
# CPU Frequency     :4511.177 MHz
# CPU Physical cores:8
# CPU Logical cores :16
# Host memory       :15423 MB
# Swap memory       :4294 MB
# Total Virtual     :19718 MB
# Available Virtual :13853 MB
#-----------------------------------------------------------
source build.tcl
# set proj_name [lindex $argv 0]
# set proj_dir  [lindex $argv 1]
# set rtl_dir   [lindex $argv 2]
# create_project -force $proj_name $proj_dir -part xc7a35tfgg484-2
# puts "\[OK\] Project created"
[OK] Project created
# set vfiles [glob -nocomplain ${rtl_dir}/*.v ${rtl_dir}/*.sv]
# foreach f [lsort $vfiles] {
#     add_files -norecurse $f
# }
# set_property FILE_TYPE SYSTEMVERILOG [get_files -of_objects [get_filesets sources_1] -filter {FILE_TYPE == Verilog}]
# puts "\[OK\] Added [llength $vfiles] source files (SystemVerilog)"
[OK] Added 44 source files (SystemVerilog)
# add_files -norecurse [file normalize "$proj_dir/fpga_build_time.v"]
# set_property top webserver_cpu_top [current_fileset]
# update_compile_order -fileset sources_1
# puts "\[OK\] Top: webserver_cpu_top"
[OK] Top: webserver_cpu_top
# add_files -fileset constrs_1 -norecurse [file normalize "$proj_dir/pins.xdc"]
# add_files -fileset constrs_1 -norecurse [file normalize "$proj_dir/timing.xdc"]
# puts "Running Synthesis..."
Running Synthesis...
# launch_runs synth_1 -jobs 8
WARNING: [Vivado 12-7122] Auto Incremental Compile:: No reference checkpoint was found in run synth_1. Auto-incremental flow will not be run, the standard flow will be run instead.
[Wed Jul 29 15:30:22 2026] Launched synth_1...
Run output will be captured here: /home/minkey/work/RiscV_WebSoC_v1/RiscV_WebSoC/build_RiscV_WebSoC_v0002_20260729_153011/RiscV_WebSoC_v0002_20260729_153011.runs/synth_1/runme.log
# wait_on_run synth_1
[Wed Jul 29 15:30:22 2026] Waiting for synth_1 to finish...

*** Running vivado
    with args -log webserver_cpu_top.vds -m64 -product Vivado -mode batch -messageDb vivado.pb -notrace -source webserver_cpu_top.tcl


****** Vivado v2024.1 (64-bit)
  **** SW Build 5076996 on Wed May 22 18:36:09 MDT 2024
  **** IP Build 5075265 on Wed May 22 21:45:21 MDT 2024
  **** SharedData Build 5076995 on Wed May 22 18:29:18 MDT 2024
  **** Start of session at: Wed Jul 29 15:30:24 2026
    ** Copyright 1986-2022 Xilinx, Inc. All Rights Reserved.
    ** Copyright 2022-2024 Advanced Micro Devices, Inc. All Rights Reserved.

source webserver_cpu_top.tcl -notrace
Command: synth_design -top webserver_cpu_top -part xc7a35tfgg484-2
Starting synth_design
Attempting to get a license for feature 'Synthesis' and/or device 'xc7a35t'
INFO: [Common 17-349] Got license for feature 'Synthesis' and/or device 'xc7a35t'
INFO: [Device 21-403] Loading part xc7a35tfgg484-2
INFO: [Device 21-9227] Part: xc7a35tfgg484-2 does not have CEAM library.
INFO: [Synth 8-7079] Multithreading enabled for synth_design using a maximum of 4 processes.
INFO: [Synth 8-7078] Launching helper process for spawning children vivado processes
INFO: [Synth 8-7075] Helper process launched with PID 23121
---------------------------------------------------------------------------------
Starting RTL Elaboration : Time (s): cpu = 00:00:03 ; elapsed = 00:00:03 . Memory (MB): peak = 2111.996 ; gain = 414.715 ; free physical = 1893 ; free virtual = 11421
---------------------------------------------------------------------------------
INFO: [Synth 8-11241] undeclared symbol 'rx_byte_cnt', assumed default net type 'wire' [/home/minkey/work/RiscV_WebSoC_v1/RiscV_WebSoC/rtl/cpu_channel.v:105]
WARNING: [Synth 8-11065] parameter 'ram_latency_cycles' becomes localparam in 'ramintf' with formal parameter declaration list [/home/minkey/work/RiscV_WebSoC_v1/RiscV_WebSoC/rtl/ramintf.v:21]
INFO: [Synth 8-6157] synthesizing module 'webserver_cpu_top' [/home/minkey/work/RiscV_WebSoC_v1/RiscV_WebSoC/rtl/webserver_cpu_top.v:8]
INFO: [Synth 8-6157] synthesizing module 'mmcm_50_125' [/home/minkey/work/RiscV_WebSoC_v1/RiscV_WebSoC/rtl/mmcm_50_125.v:21]
INFO: [Synth 8-6157] synthesizing module 'MMCME2_BASE' [/home/xilinx/Vivado/2024.1/scripts/rt/data/unisim_comp.v:82508]
	Parameter BANDWIDTH bound to: OPTIMIZED - type: string 
	Parameter CLKFBOUT_MULT_F bound to: 20.000000 - type: double 
	Parameter CLKFBOUT_PHASE bound to: 0.000000 - type: double 
	Parameter CLKIN1_PERIOD bound to: 20.000000 - type: double 
	Parameter CLKOUT0_DIVIDE_F bound to: 8.000000 - type: double 
	Parameter CLKOUT0_DUTY_CYCLE bound to: 0.500000 - type: double 
	Parameter CLKOUT0_PHASE bound to: 0.000000 - type: double 
	Parameter CLKOUT1_DIVIDE bound to: 5 - type: integer 
	Parameter CLKOUT1_DUTY_CYCLE bound to: 0.500000 - type: double 
	Parameter CLKOUT1_PHASE bound to: 0.000000 - type: double 
	Parameter CLKOUT2_DIVIDE bound to: 8 - type: integer 
	Parameter CLKOUT2_DUTY_CYCLE bound to: 0.500000 - type: double 
	Parameter CLKOUT2_PHASE bound to: 90.000000 - type: double 
	Parameter CLKOUT3_DIVIDE bound to: 20 - type: integer 
	Parameter CLKOUT3_DUTY_CYCLE bound to: 0.500000 - type: double 
	Parameter CLKOUT3_PHASE bound to: 0.000000 - type: double 
	Parameter DIVCLK_DIVIDE bound to: 1 - type: integer 
	Parameter REF_JITTER1 bound to: 0.010000 - type: double 
	Parameter STARTUP_WAIT bound to: FALSE - type: string 
INFO: [Synth 8-6155] done synthesizing module 'MMCME2_BASE' (0#1) [/home/xilinx/Vivado/2024.1/scripts/rt/data/unisim_comp.v:82508]
WARNING: [Synth 8-7071] port 'CLKFBOUTB' of module 'MMCME2_BASE' is unconnected for instance 'u_mmcm' [/home/minkey/work/RiscV_WebSoC_v1/RiscV_WebSoC/rtl/mmcm_50_125.v:79]
WARNING: [Synth 8-7071] port 'CLKOUT0B' of module 'MMCME2_BASE' is unconnected for instance 'u_mmcm' [/home/minkey/work/RiscV_WebSoC_v1/RiscV_WebSoC/rtl/mmcm_50_125.v:79]
WARNING: [Synth 8-7071] port 'CLKOUT1B' of module 'MMCME2_BASE' is unconnected for instance 'u_mmcm' [/home/minkey/work/RiscV_WebSoC_v1/RiscV_WebSoC/rtl/mmcm_50_125.v:79]
WARNING: [Synth 8-7071] port 'CLKOUT2B' of module 'MMCME2_BASE' is unconnected for instance 'u_mmcm' [/home/minkey/work/RiscV_WebSoC_v1/RiscV_WebSoC/rtl/mmcm_50_125.v:79]
WARNING: [Synth 8-7071] port 'CLKOUT3B' of module 'MMCME2_BASE' is unconnected for instance 'u_mmcm' [/home/minkey/work/RiscV_WebSoC_v1/RiscV_WebSoC/rtl/mmcm_50_125.v:79]
WARNING: [Synth 8-7071] port 'CLKOUT4' of module 'MMCME2_BASE' is unconnected for instance 'u_mmcm' [/home/minkey/work/RiscV_WebSoC_v1/RiscV_WebSoC/rtl/mmcm_50_125.v:79]
WARNING: [Synth 8-7071] port 'CLKOUT5' of module 'MMCME2_BASE' is unconnected for instance 'u_mmcm' [/home/minkey/work/RiscV_WebSoC_v1/RiscV_WebSoC/rtl/mmcm_50_125.v:79]
WARNING: [Synth 8-7071] port 'CLKOUT6' of module 'MMCME2_BASE' is unconnected for instance 'u_mmcm' [/home/minkey/work/RiscV_WebSoC_v1/RiscV_WebSoC/rtl/mmcm_50_125.v:79]
WARNING: [Synth 8-7023] instance 'u_mmcm' of module 'MMCME2_BASE' has 18 connections declared, but only 10 given [/home/minkey/work/RiscV_WebSoC_v1/RiscV_WebSoC/rtl/mmcm_50_125.v:79]
INFO: [Synth 8-6157] synthesizing module 'BUFG' [/home/xilinx/Vivado/2024.1/scripts/rt/data/unisim_comp.v:1951]
INFO: [Synth 8-6155] done synthesizing module 'BUFG' (0#1) [/home/xilinx/Vivado/2024.1/scripts/rt/data/unisim_comp.v:1951]
INFO: [Synth 8-6155] done synthesizing module 'mmcm_50_125' (0#1) [/home/minkey/work/RiscV_WebSoC_v1/RiscV_WebSoC/rtl/mmcm_50_125.v:21]
INFO: [Synth 8-6157] synthesizing module 'fpga_build_time' [/home/minkey/work/RiscV_WebSoC_v1/RiscV_WebSoC/rtl/fpga_build_time.v:6]
INFO: [Synth 8-6155] done synthesizing module 'fpga_build_time' (0#1) [/home/minkey/work/RiscV_WebSoC_v1/RiscV_WebSoC/rtl/fpga_build_time.v:6]
INFO: [Synth 8-6157] synthesizing module 'rgmii_gmii_bridge' [/home/minkey/work/RiscV_WebSoC_v1/RiscV_WebSoC/rtl/rgmii_gmii_bridge.v:22]
INFO: [Synth 8-6157] synthesizing module 'gmii_to_rgmii' [/home/minkey/work/RiscV_WebSoC_v1/RiscV_WebSoC/rtl/gmii_to_rgmii.v:14]
INFO: [Synth 8-6157] synthesizing module 'ODDR' [/home/xilinx/Vivado/2024.1/scripts/rt/data/unisim_comp.v:100102]
	Parameter DDR_CLK_EDGE bound to: OPPOSITE_EDGE - type: string 
	Parameter INIT bound to: 1'b0 
	Parameter SRTYPE bound to: ASYNC - type: string 
INFO: [Synth 8-6155] done synthesizing module 'ODDR' (0#1) [/home/xilinx/Vivado/2024.1/scripts/rt/data/unisim_comp.v:100102]
INFO: [Synth 8-6155] done synthesizing module 'gmii_to_rgmii' (0#1) [/home/minkey/work/RiscV_WebSoC_v1/RiscV_WebSoC/rtl/gmii_to_rgmii.v:14]
INFO: [Synth 8-6157] synthesizing module 'rgmii_to_gmii' [/home/minkey/work/RiscV_WebSoC_v1/RiscV_WebSoC/rtl/rgmii_to_gmii.v:19]
INFO: [Synth 8-6157] synthesizing module 'IDELAYE2' [/home/xilinx/Vivado/2024.1/scripts/rt/data/unisim_comp.v:75752]
	Parameter DELAY_SRC bound to: IDATAIN - type: string 
	Parameter HIGH_PERFORMANCE_MODE bound to: TRUE - type: string 
	Parameter IDELAY_TYPE bound to: FIXED - type: string 
	Parameter IDELAY_VALUE bound to: 20 - type: integer 
	Parameter REFCLK_FREQUENCY bound to: 200.000000 - type: double 
	Parameter SIGNAL_PATTERN bound to: DATA - type: string 
INFO: [Synth 8-6155] done synthesizing module 'IDELAYE2' (0#1) [/home/xilinx/Vivado/2024.1/scripts/rt/data/unisim_comp.v:75752]
INFO: [Synth 8-6157] synthesizing module 'IDDR' [/home/xilinx/Vivado/2024.1/scripts/rt/data/unisim_comp.v:75617]
	Parameter DDR_CLK_EDGE bound to: SAME_EDGE_PIPELINED - type: string 
	Parameter INIT_Q1 bound to: 1'b0 
	Parameter INIT_Q2 bound to: 1'b0 
	Parameter SRTYPE bound to: ASYNC - type: string 
INFO: [Synth 8-6155] done synthesizing module 'IDDR' (0#1) [/home/xilinx/Vivado/2024.1/scripts/rt/data/unisim_comp.v:75617]
WARNING: [Synth 8-4446] all outputs are unconnected for this instance and logic may be removed [/home/minkey/work/RiscV_WebSoC_v1/RiscV_WebSoC/rtl/rgmii_to_gmii.v:39]
INFO: [Synth 8-6157] synthesizing module 'IDELAYCTRL' [/home/xilinx/Vivado/2024.1/scripts/rt/data/unisim_comp.v:75739]
INFO: [Synth 8-6155] done synthesizing module 'IDELAYCTRL' (0#1) [/home/xilinx/Vivado/2024.1/scripts/rt/data/unisim_comp.v:75739]
INFO: [Synth 8-6155] done synthesizing module 'rgmii_to_gmii' (0#1) [/home/minkey/work/RiscV_WebSoC_v1/RiscV_WebSoC/rtl/rgmii_to_gmii.v:19]
INFO: [Synth 8-6155] done synthesizing module 'rgmii_gmii_bridge' (0#1) [/home/minkey/work/RiscV_WebSoC_v1/RiscV_WebSoC/rtl/rgmii_gmii_bridge.v:22]
INFO: [Synth 8-6157] synthesizing module 'gmii2mac' [/home/minkey/work/RiscV_WebSoC_v1/RiscV_WebSoC/rtl/gmii2mac.v:3]
INFO: [Synth 8-6157] synthesizing module 'dual_clock_fifo' [/home/minkey/work/RiscV_WebSoC_v1/RiscV_WebSoC/rtl/dual_clock_fifo.v:17]
	Parameter addr_width bound to: 4 - type: integer 
	Parameter data_width bound to: 10 - type: integer 
	Parameter ram_type bound to: distributed - type: string 
INFO: [Synth 8-6155] done synthesizing module 'dual_clock_fifo' (0#1) [/home/minkey/work/RiscV_WebSoC_v1/RiscV_WebSoC/rtl/dual_clock_fifo.v:17]
INFO: [Synth 8-6157] synthesizing module 'eth_presemble' [/home/minkey/work/RiscV_WebSoC_v1/RiscV_WebSoC/rtl/eth_presemble.v:14]
	Parameter rx_presemble_en bound to: 1 - type: integer 
	Parameter tx_presemble_en bound to: 1 - type: integer 
	Parameter data_width bound to: 8 - type: integer 
INFO: [Synth 8-6157] synthesizing module 'fix_delay' [/home/minkey/work/RiscV_WebSoC_v1/RiscV_WebSoC/rtl/fix_delay.v:15]
	Parameter delay_cycles bound to: 8 - type: integer 
	Parameter data_width bound to: 9 - type: integer 
	Parameter ram_type bound to: registers - type: string 
	Parameter block_ram_size bound to: 9 - type: integer 
	Parameter vendor bound to: (null) - type: string 
INFO: [Synth 8-6157] synthesizing module 'single_clock_simple_dual_port_ram' [/home/minkey/work/RiscV_WebSoC_v1/RiscV_WebSoC/rtl/single_clock_simple_dual_port_ram.v:31]
	Parameter data_width bound to: 9 - type: integer 
	Parameter addr_width bound to: 3 - type: integer 
	Parameter depth bound to: 8 - type: integer 
	Parameter block_ram_size bound to: 9 - type: integer 
	Parameter ram_type bound to: registers - type: string 
	Parameter vendor bound to: (null) - type: string 
INFO: [Synth 8-6155] done synthesizing module 'single_clock_simple_dual_port_ram' (0#1) [/home/minkey/work/RiscV_WebSoC_v1/RiscV_WebSoC/rtl/single_clock_simple_dual_port_ram.v:31]
INFO: [Synth 8-6155] done synthesizing module 'fix_delay' (0#1) [/home/minkey/work/RiscV_WebSoC_v1/RiscV_WebSoC/rtl/fix_delay.v:15]
INFO: [Synth 8-6155] done synthesizing module 'eth_presemble' (0#1) [/home/minkey/work/RiscV_WebSoC_v1/RiscV_WebSoC/rtl/eth_presemble.v:14]
INFO: [Synth 8-6157] synthesizing module 'mac_top' [/home/minkey/work/RiscV_WebSoC_v1/RiscV_WebSoC/rtl/mac_top.v:17]
INFO: [Synth 8-6157] synthesizing module 'mac_rx' [/home/minkey/work/RiscV_WebSoC_v1/RiscV_WebSoC/rtl/mac_rx.v:19]
INFO: [Synth 8-6157] synthesizing module 'crc' [/home/minkey/work/RiscV_WebSoC_v1/RiscV_WebSoC/rtl/crc.v:42]
	Parameter data_in_width bound to: 8 - type: integer 
	Parameter crc_type bound to: 0 - type: integer 
INFO: [Synth 8-6155] done synthesizing module 'crc' (0#1) [/home/minkey/work/RiscV_WebSoC_v1/RiscV_WebSoC/rtl/crc.v:42]
INFO: [Synth 8-6157] synthesizing module 'sop_eop_gen' [/home/minkey/work/RiscV_WebSoC_v1/RiscV_WebSoC/rtl/sop_eop_gen.v:14]
	Parameter data_width bound to: 8 - type: integer 
INFO: [Synth 8-6155] done synthesizing module 'sop_eop_gen' (0#1) [/home/minkey/work/RiscV_WebSoC_v1/RiscV_WebSoC/rtl/sop_eop_gen.v:14]
INFO: [Synth 8-6155] done synthesizing module 'mac_rx' (0#1) [/home/minkey/work/RiscV_WebSoC_v1/RiscV_WebSoC/rtl/mac_rx.v:19]
INFO: [Synth 8-6157] synthesizing module 'mac_tx' [/home/minkey/work/RiscV_WebSoC_v1/RiscV_WebSoC/rtl/mac_tx.v:19]
INFO: [Synth 8-6157] synthesizing module 'fix_delay__parameterized0' [/home/minkey/work/RiscV_WebSoC_v1/RiscV_WebSoC/rtl/fix_delay.v:15]
	Parameter delay_cycles bound to: 4 - type: integer 
	Parameter data_width bound to: 9 - type: integer 
	Parameter ram_type bound to: registers - type: string 
INFO: [Synth 8-6157] synthesizing module 'single_clock_simple_dual_port_ram__parameterized0' [/home/minkey/work/RiscV_WebSoC_v1/RiscV_WebSoC/rtl/single_clock_simple_dual_port_ram.v:31]
	Parameter data_width bound to: 9 - type: integer 
	Parameter addr_width bound to: 2 - type: integer 
	Parameter depth bound to: 4 - type: integer 
	Parameter block_ram_size bound to: 9 - type: integer 
	Parameter ram_type bound to: registers - type: string 
	Parameter vendor bound to: (null) - type: string 
INFO: [Synth 8-6155] done synthesizing module 'single_clock_simple_dual_port_ram__parameterized0' (0#1) [/home/minkey/work/RiscV_WebSoC_v1/RiscV_WebSoC/rtl/single_clock_simple_dual_port_ram.v:31]
INFO: [Synth 8-6155] done synthesizing module 'fix_delay__parameterized0' (0#1) [/home/minkey/work/RiscV_WebSoC_v1/RiscV_WebSoC/rtl/fix_delay.v:15]
INFO: [Synth 8-6155] done synthesizing module 'mac_tx' (0#1) [/home/minkey/work/RiscV_WebSoC_v1/RiscV_WebSoC/rtl/mac_tx.v:19]
INFO: [Synth 8-6155] done synthesizing module 'mac_top' (0#1) [/home/minkey/work/RiscV_WebSoC_v1/RiscV_WebSoC/rtl/mac_top.v:17]
INFO: [Synth 8-6155] done synthesizing module 'gmii2mac' (0#1) [/home/minkey/work/RiscV_WebSoC_v1/RiscV_WebSoC/rtl/gmii2mac.v:3]
INFO: [Synth 8-6157] synthesizing module 'cpu_channel' [/home/minkey/work/RiscV_WebSoC_v1/RiscV_WebSoC/rtl/cpu_channel.v:19]
	Parameter cpu_buf_addr_width bound to: 12 - type: integer 
	Parameter cpu_buf_block_mode bound to: false - type: string 
	Parameter cpu_buf_block_addr_width bound to: 3 - type: integer 
	Parameter cpu_buf_data_width bound to: 8 - type: integer 
	Parameter cpu_buf_para_width bound to: 1 - type: integer 
INFO: [Synth 8-6157] synthesizing module 'ram2pktfifo_int' [/home/minkey/work/RiscV_WebSoC_v1/RiscV_WebSoC/rtl/ram2pktfifo_int.v:15]
	Parameter addr_width bound to: 12 - type: integer 
	Parameter data_width bound to: 8 - type: integer 
	Parameter para_width bound to: 1 - type: integer 
INFO: [Synth 8-6155] done synthesizing module 'ram2pktfifo_int' (0#1) [/home/minkey/work/RiscV_WebSoC_v1/RiscV_WebSoC/rtl/ram2pktfifo_int.v:15]
WARNING: [Synth 8-689] width (1) of port connection 'ram_waddr' does not match port width (12) of module 'ram2pktfifo_int' [/home/minkey/work/RiscV_WebSoC_v1/RiscV_WebSoC/rtl/cpu_channel.v:105]
INFO: [Synth 8-6157] synthesizing module 'package_fifo_v2' [/home/minkey/work/RiscV_WebSoC_v1/RiscV_WebSoC/rtl/package_fifo_v2.v:14]
	Parameter dual_clock bound to: 1 - type: integer 
	Parameter addr_width bound to: 12 - type: integer 
	Parameter block_addr_width bound to: 3 - type: integer 
	Parameter data_width bound to: 8 - type: integer 
	Parameter para_width bound to: 1 - type: integer 
	Parameter para_ram_type bound to: registers - type: string 
	Parameter data_ram_type bound to: M9K - type: string 
	Parameter max_pkt_length bound to: 1518 - type: integer 
	Parameter block_mode bound to: false - type: string 
INFO: [Synth 8-6157] synthesizing module 'pulse_clock_region_pass' [/home/minkey/work/RiscV_WebSoC_v1/RiscV_WebSoC/rtl/pulse_clock_region_pass.v:14]
INFO: [Synth 8-6155] done synthesizing module 'pulse_clock_region_pass' (0#1) [/home/minkey/work/RiscV_WebSoC_v1/RiscV_WebSoC/rtl/pulse_clock_region_pass.v:14]
INFO: [Synth 8-6157] synthesizing module 'dual_clock_fifo__parameterized0' [/home/minkey/work/RiscV_WebSoC_v1/RiscV_WebSoC/rtl/dual_clock_fifo.v:17]
	Parameter addr_width bound to: 3 - type: integer 
	Parameter data_width bound to: 26 - type: integer 
	Parameter ram_type bound to: registers - type: string 
INFO: [Synth 8-6155] done synthesizing module 'dual_clock_fifo__parameterized0' (0#1) [/home/minkey/work/RiscV_WebSoC_v1/RiscV_WebSoC/rtl/dual_clock_fifo.v:17]
INFO: [Synth 8-6157] synthesizing module 'dual_clock_simple_dual_port_ram' [/home/minkey/work/RiscV_WebSoC_v1/RiscV_WebSoC/rtl/dual_clock_simple_dual_port_ram.v:26]
	Parameter data_width bound to: 8 - type: integer 
	Parameter addr_width bound to: 12 - type: integer 
	Parameter depth bound to: 4096 - type: integer 
	Parameter block_ram_size bound to: 32 - type: integer 
	Parameter ram_type bound to: M9K - type: string 
	Parameter vendor bound to: (null) - type: string 
INFO: [Synth 8-6155] done synthesizing module 'dual_clock_simple_dual_port_ram' (0#1) [/home/minkey/work/RiscV_WebSoC_v1/RiscV_WebSoC/rtl/dual_clock_simple_dual_port_ram.v:26]
INFO: [Synth 8-6155] done synthesizing module 'package_fifo_v2' (0#1) [/home/minkey/work/RiscV_WebSoC_v1/RiscV_WebSoC/rtl/package_fifo_v2.v:14]
WARNING: [Synth 8-7071] port 'overflow' of module 'package_fifo_v2' is unconnected for instance 'u_package_fifo_cpu_rd' [/home/minkey/work/RiscV_WebSoC_v1/RiscV_WebSoC/rtl/cpu_channel.v:145]
WARNING: [Synth 8-7071] port 'underflow' of module 'package_fifo_v2' is unconnected for instance 'u_package_fifo_cpu_rd' [/home/minkey/work/RiscV_WebSoC_v1/RiscV_WebSoC/rtl/cpu_channel.v:145]
WARNING: [Synth 8-7023] instance 'u_package_fifo_cpu_rd' of module 'package_fifo_v2' has 22 connections declared, but only 20 given [/home/minkey/work/RiscV_WebSoC_v1/RiscV_WebSoC/rtl/cpu_channel.v:145]
WARNING: [Synth 8-7071] port 'overflow' of module 'package_fifo_v2' is unconnected for instance 'u_package_fifo_cpu_wr' [/home/minkey/work/RiscV_WebSoC_v1/RiscV_WebSoC/rtl/cpu_channel.v:187]
WARNING: [Synth 8-7071] port 'underflow' of module 'package_fifo_v2' is unconnected for instance 'u_package_fifo_cpu_wr' [/home/minkey/work/RiscV_WebSoC_v1/RiscV_WebSoC/rtl/cpu_channel.v:187]
WARNING: [Synth 8-7023] instance 'u_package_fifo_cpu_wr' of module 'package_fifo_v2' has 22 connections declared, but only 20 given [/home/minkey/work/RiscV_WebSoC_v1/RiscV_WebSoC/rtl/cpu_channel.v:187]
INFO: [Synth 8-6157] synthesizing module 'pktfifo2ram_int_v2' [/home/minkey/work/RiscV_WebSoC_v1/RiscV_WebSoC/rtl/pktfifo2ram_int_v2.v:15]
	Parameter addr_width bound to: 12 - type: integer 
	Parameter data_width bound to: 8 - type: integer 
	Parameter para_width bound to: 1 - type: integer 
	Parameter ipg bound to: 8 - type: integer 
	Parameter block_mode bound to: false - type: string 
INFO: [Synth 8-6155] done synthesizing module 'pktfifo2ram_int_v2' (0#1) [/home/minkey/work/RiscV_WebSoC_v1/RiscV_WebSoC/rtl/pktfifo2ram_int_v2.v:15]
INFO: [Synth 8-6155] done synthesizing module 'cpu_channel' (0#1) [/home/minkey/work/RiscV_WebSoC_v1/RiscV_WebSoC/rtl/cpu_channel.v:19]
INFO: [Synth 8-6157] synthesizing module 'lcpu_riscv_wrapper' [/home/minkey/work/RiscV_WebSoC_v1/RiscV_WebSoC/rtl/lcpu_riscv_wrapper.v:1]
	Parameter sim_mod bound to: 0 - type: integer 
	Parameter lcpu_type bound to: uart - type: string 
	Parameter uart_baud_rate bound to: 115200 - type: integer 
	Parameter riscv_inst_en bound to: 1 - type: integer 
	Parameter instr_databits bound to: 32 - type: integer 
	Parameter init_addr_width bound to: 13 - type: integer 
	Parameter init_addr_depth bound to: 2048 - type: integer 
	Parameter device_vendor bound to: xilinx - type: string 
	Parameter instr_ram_type bound to: block - type: string 
	Parameter init_blockram_size bound to: 8 - type: integer 
	Parameter enable_irq bound to: 0 - type: integer 
	Parameter enable_irq_qregs bound to: 1 - type: integer 
	Parameter progaddr_irq bound to: 16 - type: integer 
INFO: [Synth 8-6157] synthesizing module 'lcpu_top' [/home/minkey/work/RiscV_WebSoC_v1/RiscV_WebSoC/rtl/lcpu_top.v:3]
	Parameter lcpu_vendor bound to: uart - type: string 
	Parameter device_vendor bound to: xilinx - type: string 
	Parameter uart_baud_rate bound to: 115200 - type: integer 
INFO: [Synth 8-6157] synthesizing module 'uart_lcpu_top' [/home/minkey/work/RiscV_WebSoC_v1/RiscV_WebSoC/rtl/uart_lcpu_top.v:1]
	Parameter uart_baud_rate bound to: 115200 - type: integer 
	Parameter para_ram_type bound to: distributed - type: string 
	Parameter data_ram_type bound to: block - type: string 
INFO: [Synth 8-6157] synthesizing module 'uart' [/home/minkey/work/RiscV_WebSoC_v1/RiscV_WebSoC/rtl/uart.v:14]
	Parameter baud_rate bound to: 115200 - type: integer 
	Parameter data_number bound to: 16 - type: integer 
	Parameter data_width bound to: 8 - type: integer 
	Parameter ram_type bound to: block - type: string 
INFO: [Synth 8-6157] synthesizing module 'clock_frequency_divider' [/home/minkey/work/RiscV_WebSoC_v1/RiscV_WebSoC/rtl/clock_frequency_divider.v:17]
	Parameter div_Mbits bound to: 28 - type: integer 
	Parameter div_Nbits bound to: 28 - type: integer 
INFO: [Synth 8-6155] done synthesizing module 'clock_frequency_divider' (0#1) [/home/minkey/work/RiscV_WebSoC_v1/RiscV_WebSoC/rtl/clock_frequency_divider.v:17]
INFO: [Synth 8-6157] synthesizing module 'uart_rx' [/home/minkey/work/RiscV_WebSoC_v1/RiscV_WebSoC/rtl/uart_rx.v:14]
	Parameter addr_width bound to: 4 - type: integer 
	Parameter data_width bound to: 8 - type: integer 
	Parameter ram_type bound to: block - type: string 
INFO: [Synth 8-6157] synthesizing module 'dual_clock_fifo__parameterized1' [/home/minkey/work/RiscV_WebSoC_v1/RiscV_WebSoC/rtl/dual_clock_fifo.v:17]
	Parameter addr_width bound to: 4 - type: integer 
	Parameter data_width bound to: 8 - type: integer 
	Parameter ram_type bound to: block - type: string 
INFO: [Synth 8-6155] done synthesizing module 'dual_clock_fifo__parameterized1' (0#1) [/home/minkey/work/RiscV_WebSoC_v1/RiscV_WebSoC/rtl/dual_clock_fifo.v:17]
INFO: [Synth 8-6155] done synthesizing module 'uart_rx' (0#1) [/home/minkey/work/RiscV_WebSoC_v1/RiscV_WebSoC/rtl/uart_rx.v:14]
INFO: [Synth 8-6157] synthesizing module 'uart_tx' [/home/minkey/work/RiscV_WebSoC_v1/RiscV_WebSoC/rtl/uart_tx.v:14]
	Parameter addr_width bound to: 4 - type: integer 
	Parameter data_width bound to: 8 - type: integer 
	Parameter ram_type bound to: block - type: string 
INFO: [Synth 8-6155] done synthesizing module 'uart_tx' (0#1) [/home/minkey/work/RiscV_WebSoC_v1/RiscV_WebSoC/rtl/uart_tx.v:14]
INFO: [Synth 8-6155] done synthesizing module 'uart' (0#1) [/home/minkey/work/RiscV_WebSoC_v1/RiscV_WebSoC/rtl/uart.v:14]
INFO: [Synth 8-6157] synthesizing module 'uart_lcpu' [/home/minkey/work/RiscV_WebSoC_v1/RiscV_WebSoC/rtl/uart_lcpu.v:14]
	Parameter addr_width bound to: 5 - type: integer 
	Parameter block_addr_width bound to: 2 - type: integer 
	Parameter data_width bound to: 8 - type: integer 
	Parameter para_width bound to: 2 - type: integer 
	Parameter para_ram_type bound to: distributed - type: string 
	Parameter data_ram_type bound to: block - type: string 
INFO: [Synth 8-6157] synthesizing module 'uart_in_pktfifo' [/home/minkey/work/RiscV_WebSoC_v1/RiscV_WebSoC/rtl/uart_lcpu.v:161]
	Parameter addr_width bound to: 5 - type: integer 
	Parameter data_width bound to: 8 - type: integer 
	Parameter para_width bound to: 2 - type: integer 
INFO: [Synth 8-6155] done synthesizing module 'uart_in_pktfifo' (0#1) [/home/minkey/work/RiscV_WebSoC_v1/RiscV_WebSoC/rtl/uart_lcpu.v:161]
INFO: [Synth 8-6157] synthesizing module 'package_fifo_v2__parameterized0' [/home/minkey/work/RiscV_WebSoC_v1/RiscV_WebSoC/rtl/package_fifo_v2.v:14]
	Parameter dual_clock bound to: 0 - type: integer 
	Parameter addr_width bound to: 5 - type: integer 
	Parameter block_addr_width bound to: 2 - type: integer 
	Parameter data_width bound to: 8 - type: integer 
	Parameter para_width bound to: 2 - type: integer 
	Parameter para_ram_type bound to: distributed - type: string 
	Parameter data_ram_type bound to: block - type: string 
	Parameter block_mode bound to: true - type: string 
INFO: [Synth 8-6157] synthesizing module 'single_clock_fifo' [/home/minkey/work/RiscV_WebSoC_v1/RiscV_WebSoC/rtl/single_clock_fifo.v:17]
	Parameter addr_width bound to: 2 - type: integer 
	Parameter data_width bound to: 10 - type: integer 
	Parameter ram_type bound to: distributed - type: string 
INFO: [Synth 8-6155] done synthesizing module 'single_clock_fifo' (0#1) [/home/minkey/work/RiscV_WebSoC_v1/RiscV_WebSoC/rtl/single_clock_fifo.v:17]
INFO: [Synth 8-6157] synthesizing module 'single_clock_simple_dual_port_ram__parameterized1' [/home/minkey/work/RiscV_WebSoC_v1/RiscV_WebSoC/rtl/single_clock_simple_dual_port_ram.v:31]
	Parameter data_width bound to: 8 - type: integer 
	Parameter addr_width bound to: 7 - type: integer 
	Parameter depth bound to: 128 - type: integer 
	Parameter block_ram_size bound to: 32 - type: integer 
	Parameter ram_type bound to: block - type: string 
	Parameter vendor bound to: (null) - type: string 
INFO: [Synth 8-6155] done synthesizing module 'single_clock_simple_dual_port_ram__parameterized1' (0#1) [/home/minkey/work/RiscV_WebSoC_v1/RiscV_WebSoC/rtl/single_clock_simple_dual_port_ram.v:31]
INFO: [Synth 8-6155] done synthesizing module 'package_fifo_v2__parameterized0' (0#1) [/home/minkey/work/RiscV_WebSoC_v1/RiscV_WebSoC/rtl/package_fifo_v2.v:14]
WARNING: [Synth 8-7071] port 'reop_pre' of module 'package_fifo_v2' is unconnected for instance 'u_pkt_fifo' [/home/minkey/work/RiscV_WebSoC_v1/RiscV_WebSoC/rtl/uart_lcpu.v:102]
WARNING: [Synth 8-7071] port 'overflow' of module 'package_fifo_v2' is unconnected for instance 'u_pkt_fifo' [/home/minkey/work/RiscV_WebSoC_v1/RiscV_WebSoC/rtl/uart_lcpu.v:102]
WARNING: [Synth 8-7071] port 'underflow' of module 'package_fifo_v2' is unconnected for instance 'u_pkt_fifo' [/home/minkey/work/RiscV_WebSoC_v1/RiscV_WebSoC/rtl/uart_lcpu.v:102]
WARNING: [Synth 8-7023] instance 'u_pkt_fifo' of module 'package_fifo_v2' has 22 connections declared, but only 19 given [/home/minkey/work/RiscV_WebSoC_v1/RiscV_WebSoC/rtl/uart_lcpu.v:102]
INFO: [Synth 8-6157] synthesizing module 'pktfifo_out_lcpu' [/home/minkey/work/RiscV_WebSoC_v1/RiscV_WebSoC/rtl/uart_lcpu.v:338]
	Parameter addr_width bound to: 5 - type: integer 
	Parameter data_width bound to: 8 - type: integer 
	Parameter para_width bound to: 2 - type: integer 
INFO: [Synth 8-6155] done synthesizing module 'pktfifo_out_lcpu' (0#1) [/home/minkey/work/RiscV_WebSoC_v1/RiscV_WebSoC/rtl/uart_lcpu.v:338]
INFO: [Synth 8-6157] synthesizing module 'lcpu_out_uart' [/home/minkey/work/RiscV_WebSoC_v1/RiscV_WebSoC/rtl/uart_lcpu.v:534]
INFO: [Synth 8-226] default block is never used [/home/minkey/work/RiscV_WebSoC_v1/RiscV_WebSoC/rtl/uart_lcpu.v:552]
INFO: [Synth 8-6155] done synthesizing module 'lcpu_out_uart' (0#1) [/home/minkey/work/RiscV_WebSoC_v1/RiscV_WebSoC/rtl/uart_lcpu.v:534]
INFO: [Synth 8-6155] done synthesizing module 'uart_lcpu' (0#1) [/home/minkey/work/RiscV_WebSoC_v1/RiscV_WebSoC/rtl/uart_lcpu.v:14]
INFO: [Synth 8-6155] done synthesizing module 'uart_lcpu_top' (0#1) [/home/minkey/work/RiscV_WebSoC_v1/RiscV_WebSoC/rtl/uart_lcpu_top.v:1]
INFO: [Synth 8-6155] done synthesizing module 'lcpu_top' (0#1) [/home/minkey/work/RiscV_WebSoC_v1/RiscV_WebSoC/rtl/lcpu_top.v:3]
INFO: [Synth 8-6157] synthesizing module 'riscv32_top' [/home/minkey/work/RiscV_WebSoC_v1/RiscV_WebSoC/rtl/riscv32_top.v:1]
	Parameter instr_databits bound to: 32 - type: integer 
	Parameter init_addr_width bound to: 13 - type: integer 
	Parameter init_addr_depth bound to: 2048 - type: integer 
	Parameter vendor bound to: xilinx - type: string 
	Parameter instr_ram_type bound to: block - type: string 
	Parameter init_blockram_size bound to: 8 - type: integer 
	Parameter enable_irq bound to: 0 - type: integer 
	Parameter enable_irq_qregs bound to: 1 - type: integer 
	Parameter progaddr_irq bound to: 16 - type: integer 
INFO: [Synth 8-6157] synthesizing module 'riscv32_localbus' [/home/minkey/work/RiscV_WebSoC_v1/RiscV_WebSoC/rtl/riscv32_localbus.v:1]
	Parameter enable_irq bound to: 0 - type: integer 
	Parameter enable_irq_qregs bound to: 1 - type: integer 
	Parameter progaddr_irq bound to: 16 - type: integer 
	Parameter stackaddr bound to: 8192 - type: integer 
INFO: [Synth 8-6157] synthesizing module 'picorv32' [/home/minkey/work/RiscV_WebSoC_v1/RiscV_WebSoC/rtl/picorv32.v:62]
	Parameter ENABLE_COUNTERS bound to: 1'b1 
	Parameter ENABLE_COUNTERS64 bound to: 1'b1 
	Parameter ENABLE_REGS_16_31 bound to: 1'b1 
	Parameter ENABLE_REGS_DUALPORT bound to: 1'b1 
	Parameter LATCHED_MEM_RDATA bound to: 1'b0 
	Parameter TWO_STAGE_SHIFT bound to: 1'b1 
	Parameter BARREL_SHIFTER bound to: 1'b0 
	Parameter TWO_CYCLE_COMPARE bound to: 1'b0 
	Parameter TWO_CYCLE_ALU bound to: 1'b0 
	Parameter COMPRESSED_ISA bound to: 1'b1 
	Parameter CATCH_MISALIGN bound to: 1'b0 
	Parameter CATCH_ILLINSN bound to: 1'b1 
	Parameter ENABLE_PCPI bound to: 1'b0 
	Parameter ENABLE_MUL bound to: 1'b0 
	Parameter ENABLE_FAST_MUL bound to: 1'b0 
	Parameter ENABLE_DIV bound to: 1'b0 
	Parameter ENABLE_IRQ bound to: 0 - type: integer 
	Parameter ENABLE_IRQ_QREGS bound to: 1 - type: integer 
	Parameter ENABLE_IRQ_TIMER bound to: 1'b1 
	Parameter ENABLE_TRACE bound to: 1'b0 
	Parameter REGS_INIT_ZERO bound to: 1'b1 
	Parameter MASKED_IRQ bound to: 0 - type: integer 
	Parameter LATCHED_IRQ bound to: -1 - type: integer 
	Parameter PROGADDR_RESET bound to: 0 - type: integer 
	Parameter PROGADDR_IRQ bound to: 16 - type: integer 
	Parameter STACKADDR bound to: 8192 - type: integer 
INFO: [Synth 8-155] case statement is not full and has no default [/home/minkey/work/RiscV_WebSoC_v1/RiscV_WebSoC/rtl/picorv32.v:439]
INFO: [Synth 8-155] case statement is not full and has no default [/home/minkey/work/RiscV_WebSoC_v1/RiscV_WebSoC/rtl/picorv32.v:455]
INFO: [Synth 8-155] case statement is not full and has no default [/home/minkey/work/RiscV_WebSoC_v1/RiscV_WebSoC/rtl/picorv32.v:509]
INFO: [Synth 8-155] case statement is not full and has no default [/home/minkey/work/RiscV_WebSoC_v1/RiscV_WebSoC/rtl/picorv32.v:437]
INFO: [Synth 8-155] case statement is not full and has no default [/home/minkey/work/RiscV_WebSoC_v1/RiscV_WebSoC/rtl/picorv32.v:902]
INFO: [Synth 8-155] case statement is not full and has no default [/home/minkey/work/RiscV_WebSoC_v1/RiscV_WebSoC/rtl/picorv32.v:984]
INFO: [Synth 8-155] case statement is not full and has no default [/home/minkey/work/RiscV_WebSoC_v1/RiscV_WebSoC/rtl/picorv32.v:900]
WARNING: [Synth 8-151] case item 1'b0 is unreachable [/home/minkey/work/RiscV_WebSoC_v1/RiscV_WebSoC/rtl/picorv32.v:1263]
WARNING: [Synth 8-151] case item 1'b0 is unreachable [/home/minkey/work/RiscV_WebSoC_v1/RiscV_WebSoC/rtl/picorv32.v:1309]
INFO: [Synth 8-155] case statement is not full and has no default [/home/minkey/work/RiscV_WebSoC_v1/RiscV_WebSoC/rtl/picorv32.v:1309]
WARNING: [Synth 8-151] case item 1'b0 is unreachable [/home/minkey/work/RiscV_WebSoC_v1/RiscV_WebSoC/rtl/picorv32.v:1492]
INFO: [Synth 8-155] case statement is not full and has no default [/home/minkey/work/RiscV_WebSoC_v1/RiscV_WebSoC/rtl/picorv32.v:1492]
WARNING: [Synth 8-151] case item 1'b0 is unreachable [/home/minkey/work/RiscV_WebSoC_v1/RiscV_WebSoC/rtl/picorv32.v:1578]
WARNING: [Synth 8-151] case item 1'b0 is unreachable [/home/minkey/work/RiscV_WebSoC_v1/RiscV_WebSoC/rtl/picorv32.v:1578]
WARNING: [Synth 8-151] case item 1'b0 is unreachable [/home/minkey/work/RiscV_WebSoC_v1/RiscV_WebSoC/rtl/picorv32.v:1578]
WARNING: [Synth 8-151] case item 1'b0 is unreachable [/home/minkey/work/RiscV_WebSoC_v1/RiscV_WebSoC/rtl/picorv32.v:1578]
WARNING: [Synth 8-151] case item 1'b0 is unreachable [/home/minkey/work/RiscV_WebSoC_v1/RiscV_WebSoC/rtl/picorv32.v:1578]
INFO: [Synth 8-6155] done synthesizing module 'picorv32' (0#1) [/home/minkey/work/RiscV_WebSoC_v1/RiscV_WebSoC/rtl/picorv32.v:62]
WARNING: [Synth 8-7071] port 'trap' of module 'picorv32' is unconnected for instance 'u_picorv32' [/home/minkey/work/RiscV_WebSoC_v1/RiscV_WebSoC/rtl/riscv32_localbus.v:58]
WARNING: [Synth 8-7071] port 'mem_la_read' of module 'picorv32' is unconnected for instance 'u_picorv32' [/home/minkey/work/RiscV_WebSoC_v1/RiscV_WebSoC/rtl/riscv32_localbus.v:58]
WARNING: [Synth 8-7071] port 'mem_la_write' of module 'picorv32' is unconnected for instance 'u_picorv32' [/home/minkey/work/RiscV_WebSoC_v1/RiscV_WebSoC/rtl/riscv32_localbus.v:58]
WARNING: [Synth 8-7071] port 'mem_la_addr' of module 'picorv32' is unconnected for instance 'u_picorv32' [/home/minkey/work/RiscV_WebSoC_v1/RiscV_WebSoC/rtl/riscv32_localbus.v:58]
WARNING: [Synth 8-7071] port 'mem_la_wdata' of module 'picorv32' is unconnected for instance 'u_picorv32' [/home/minkey/work/RiscV_WebSoC_v1/RiscV_WebSoC/rtl/riscv32_localbus.v:58]
WARNING: [Synth 8-7071] port 'mem_la_wstrb' of module 'picorv32' is unconnected for instance 'u_picorv32' [/home/minkey/work/RiscV_WebSoC_v1/RiscV_WebSoC/rtl/riscv32_localbus.v:58]
WARNING: [Synth 8-7071] port 'pcpi_valid' of module 'picorv32' is unconnected for instance 'u_picorv32' [/home/minkey/work/RiscV_WebSoC_v1/RiscV_WebSoC/rtl/riscv32_localbus.v:58]
WARNING: [Synth 8-7071] port 'pcpi_insn' of module 'picorv32' is unconnected for instance 'u_picorv32' [/home/minkey/work/RiscV_WebSoC_v1/RiscV_WebSoC/rtl/riscv32_localbus.v:58]
WARNING: [Synth 8-7071] port 'pcpi_rs1' of module 'picorv32' is unconnected for instance 'u_picorv32' [/home/minkey/work/RiscV_WebSoC_v1/RiscV_WebSoC/rtl/riscv32_localbus.v:58]
WARNING: [Synth 8-7071] port 'pcpi_rs2' of module 'picorv32' is unconnected for instance 'u_picorv32' [/home/minkey/work/RiscV_WebSoC_v1/RiscV_WebSoC/rtl/riscv32_localbus.v:58]
WARNING: [Synth 8-7071] port 'pcpi_wr' of module 'picorv32' is unconnected for instance 'u_picorv32' [/home/minkey/work/RiscV_WebSoC_v1/RiscV_WebSoC/rtl/riscv32_localbus.v:58]
WARNING: [Synth 8-7071] port 'pcpi_rd' of module 'picorv32' is unconnected for instance 'u_picorv32' [/home/minkey/work/RiscV_WebSoC_v1/RiscV_WebSoC/rtl/riscv32_localbus.v:58]
WARNING: [Synth 8-7071] port 'pcpi_wait' of module 'picorv32' is unconnected for instance 'u_picorv32' [/home/minkey/work/RiscV_WebSoC_v1/RiscV_WebSoC/rtl/riscv32_localbus.v:58]
WARNING: [Synth 8-7071] port 'pcpi_ready' of module 'picorv32' is unconnected for instance 'u_picorv32' [/home/minkey/work/RiscV_WebSoC_v1/RiscV_WebSoC/rtl/riscv32_localbus.v:58]
WARNING: [Synth 8-7071] port 'eoi' of module 'picorv32' is unconnected for instance 'u_picorv32' [/home/minkey/work/RiscV_WebSoC_v1/RiscV_WebSoC/rtl/riscv32_localbus.v:58]
WARNING: [Synth 8-7071] port 'trace_valid' of module 'picorv32' is unconnected for instance 'u_picorv32' [/home/minkey/work/RiscV_WebSoC_v1/RiscV_WebSoC/rtl/riscv32_localbus.v:58]
WARNING: [Synth 8-7071] port 'trace_data' of module 'picorv32' is unconnected for instance 'u_picorv32' [/home/minkey/work/RiscV_WebSoC_v1/RiscV_WebSoC/rtl/riscv32_localbus.v:58]
WARNING: [Synth 8-7023] instance 'u_picorv32' of module 'picorv32' has 27 connections declared, but only 10 given [/home/minkey/work/RiscV_WebSoC_v1/RiscV_WebSoC/rtl/riscv32_localbus.v:58]
INFO: [Synth 8-6157] synthesizing module 'riscv32intfbridge' [/home/minkey/work/RiscV_WebSoC_v1/RiscV_WebSoC/rtl/riscv32intfbridge.v:1]
INFO: [Synth 8-6155] done synthesizing module 'riscv32intfbridge' (0#1) [/home/minkey/work/RiscV_WebSoC_v1/RiscV_WebSoC/rtl/riscv32intfbridge.v:1]
INFO: [Synth 8-6155] done synthesizing module 'riscv32_localbus' (0#1) [/home/minkey/work/RiscV_WebSoC_v1/RiscV_WebSoC/rtl/riscv32_localbus.v:1]
INFO: [Synth 8-6157] synthesizing module 'riscv_reg' [/home/minkey/work/RiscV_WebSoC_v1/RiscV_WebSoC/rtl/riscv_reg.v:2]
INFO: [Synth 8-6157] synthesizing module 'ramintf' [/home/minkey/work/RiscV_WebSoC_v1/RiscV_WebSoC/rtl/ramintf.v:1]
	Parameter DataBits bound to: 32 - type: integer 
	Parameter AddrBits bound to: 31 - type: integer 
INFO: [Synth 8-6155] done synthesizing module 'ramintf' (0#1) [/home/minkey/work/RiscV_WebSoC_v1/RiscV_WebSoC/rtl/ramintf.v:1]
WARNING: [Synth 8-7071] port 'Ram_ByteEn' of module 'ramintf' is unconnected for instance 'RAMIF_instuct_ram' [/home/minkey/work/RiscV_WebSoC_v1/RiscV_WebSoC/rtl/riscv_reg.v:138]
WARNING: [Synth 8-7071] port 'byte_en' of module 'ramintf' is unconnected for instance 'RAMIF_instuct_ram' [/home/minkey/work/RiscV_WebSoC_v1/RiscV_WebSoC/rtl/riscv_reg.v:138]
WARNING: [Synth 8-7023] instance 'RAMIF_instuct_ram' of module 'ramintf' has 14 connections declared, but only 12 given [/home/minkey/work/RiscV_WebSoC_v1/RiscV_WebSoC/rtl/riscv_reg.v:138]
INFO: [Synth 8-6155] done synthesizing module 'riscv_reg' (0#1) [/home/minkey/work/RiscV_WebSoC_v1/RiscV_WebSoC/rtl/riscv_reg.v:2]
INFO: [Synth 8-6157] synthesizing module 'single_clock_true_dual_port_ram' [/home/minkey/work/RiscV_WebSoC_v1/RiscV_WebSoC/rtl/single_clock_true_dual_port_ram.v:34]
	Parameter data_width bound to: 32 - type: integer 
	Parameter addr_width bound to: 13 - type: integer 
	Parameter depth bound to: 2048 - type: integer 
	Parameter block_ram_size bound to: 8 - type: integer 
	Parameter ram_type bound to: block - type: string 
	Parameter vendor bound to: xilinx - type: string 
INFO: [Synth 8-6157] synthesizing module 'xpm_memory_tdpram' [/home/xilinx/Vivado/2024.1/data/ip/xpm/xpm_memory/hdl/xpm_memory.sv:9050]
	Parameter MEMORY_SIZE bound to: 8192 - type: integer 
	Parameter MEMORY_PRIMITIVE bound to: block - type: string 
	Parameter CLOCKING_MODE bound to: common_clock - type: string 
	Parameter ECC_MODE bound to: no_ecc - type: string 
	Parameter MEMORY_INIT_FILE bound to: none - type: string 
	Parameter MEMORY_INIT_PARAM bound to: 0 - type: string 
	Parameter USE_MEM_INIT bound to: 0 - type: integer 
	Parameter WAKEUP_TIME bound to: disable_sleep - type: string 
	Parameter AUTO_SLEEP_TIME bound to: 0 - type: integer 
	Parameter MESSAGE_CONTROL bound to: 0 - type: integer 
	Parameter USE_EMBEDDED_CONSTRAINT bound to: 0 - type: integer 
	Parameter MEMORY_OPTIMIZATION bound to: true - type: string 
	Parameter CASCADE_HEIGHT bound to: 0 - type: integer 
	Parameter SIM_ASSERT_CHK bound to: 0 - type: integer 
	Parameter WRITE_DATA_WIDTH_A bound to: 32 - type: integer 
	Parameter READ_DATA_WIDTH_A bound to: 32 - type: integer 
	Parameter BYTE_WRITE_WIDTH_A bound to: 8 - type: integer 
	Parameter ADDR_WIDTH_A bound to: 8 - type: integer 
	Parameter READ_RESET_VALUE_A bound to: 0 - type: string 
	Parameter READ_LATENCY_A bound to: 1 - type: integer 
	Parameter WRITE_MODE_A bound to: read_first - type: string 
	Parameter RST_MODE_A bound to: SYNC - type: string 
	Parameter WRITE_DATA_WIDTH_B bound to: 32 - type: integer 
	Parameter READ_DATA_WIDTH_B bound to: 32 - type: integer 
	Parameter BYTE_WRITE_WIDTH_B bound to: 8 - type: integer 
	Parameter ADDR_WIDTH_B bound to: 8 - type: integer 
	Parameter READ_RESET_VALUE_B bound to: 0 - type: string 
	Parameter READ_LATENCY_B bound to: 1 - type: integer 
	Parameter WRITE_MODE_B bound to: read_first - type: string 
	Parameter RST_MODE_B bound to: SYNC - type: string 
INFO: [Synth 8-6157] synthesizing module 'xpm_memory_base' [/home/xilinx/Vivado/2024.1/data/ip/xpm/xpm_memory/hdl/xpm_memory.sv:54]
INFO: [Synth 8-6155] done synthesizing module 'xpm_memory_base' (0#1) [/home/xilinx/Vivado/2024.1/data/ip/xpm/xpm_memory/hdl/xpm_memory.sv:54]
INFO: [Synth 8-6155] done synthesizing module 'xpm_memory_tdpram' (0#1) [/home/xilinx/Vivado/2024.1/data/ip/xpm/xpm_memory/hdl/xpm_memory.sv:9050]
INFO: [Synth 8-6155] done synthesizing module 'single_clock_true_dual_port_ram' (0#1) [/home/minkey/work/RiscV_WebSoC_v1/RiscV_WebSoC/rtl/single_clock_true_dual_port_ram.v:34]
INFO: [Synth 8-6155] done synthesizing module 'riscv32_top' (0#1) [/home/minkey/work/RiscV_WebSoC_v1/RiscV_WebSoC/rtl/riscv32_top.v:1]
INFO: [Synth 8-6157] synthesizing module 'lcpu_merge' [/home/minkey/work/RiscV_WebSoC_v1/RiscV_WebSoC/rtl/lcpu_merge.v:16]
	Parameter addr_width bound to: 32 - type: integer 
	Parameter data_width bound to: 32 - type: integer 
INFO: [Synth 8-6155] done synthesizing module 'lcpu_merge' (0#1) [/home/minkey/work/RiscV_WebSoC_v1/RiscV_WebSoC/rtl/lcpu_merge.v:16]
INFO: [Synth 8-6155] done synthesizing module 'lcpu_riscv_wrapper' (0#1) [/home/minkey/work/RiscV_WebSoC_v1/RiscV_WebSoC/rtl/lcpu_riscv_wrapper.v:1]
WARNING: [Synth 8-689] width (16) of port connection 'pram_addr' does not match port width (13) of module 'lcpu_riscv_wrapper' [/home/minkey/work/RiscV_WebSoC_v1/RiscV_WebSoC/rtl/webserver_cpu_top.v:329]
INFO: [Synth 8-6157] synthesizing module 'lcpu_fpga_test' [/home/minkey/work/RiscV_WebSoC_v1/RiscV_WebSoC/rtl/lcpu_fpga_test.v:2]
INFO: [Synth 8-6157] synthesizing module 'ramintf__parameterized0' [/home/minkey/work/RiscV_WebSoC_v1/RiscV_WebSoC/rtl/ramintf.v:1]
	Parameter DataBits bound to: 32 - type: integer 
	Parameter AddrBits bound to: 16 - type: integer 
INFO: [Synth 8-6155] done synthesizing module 'ramintf__parameterized0' (0#1) [/home/minkey/work/RiscV_WebSoC_v1/RiscV_WebSoC/rtl/ramintf.v:1]
WARNING: [Synth 8-7071] port 'Ram_ByteEn' of module 'ramintf' is unconnected for instance 'RAMIF_program_ram' [/home/minkey/work/RiscV_WebSoC_v1/RiscV_WebSoC/rtl/lcpu_fpga_test.v:577]
WARNING: [Synth 8-7071] port 'byte_en' of module 'ramintf' is unconnected for instance 'RAMIF_program_ram' [/home/minkey/work/RiscV_WebSoC_v1/RiscV_WebSoC/rtl/lcpu_fpga_test.v:577]
WARNING: [Synth 8-7023] instance 'RAMIF_program_ram' of module 'ramintf' has 14 connections declared, but only 12 given [/home/minkey/work/RiscV_WebSoC_v1/RiscV_WebSoC/rtl/lcpu_fpga_test.v:577]
INFO: [Synth 8-6155] done synthesizing module 'lcpu_fpga_test' (0#1) [/home/minkey/work/RiscV_WebSoC_v1/RiscV_WebSoC/rtl/lcpu_fpga_test.v:2]
WARNING: [Synth 8-7071] port 'sw_build_date' of module 'lcpu_fpga_test' is unconnected for instance 'u_reg' [/home/minkey/work/RiscV_WebSoC_v1/RiscV_WebSoC/rtl/webserver_cpu_top.v:344]
WARNING: [Synth 8-7071] port 'sw_build_time' of module 'lcpu_fpga_test' is unconnected for instance 'u_reg' [/home/minkey/work/RiscV_WebSoC_v1/RiscV_WebSoC/rtl/webserver_cpu_top.v:344]
WARNING: [Synth 8-7071] port 'Scrach_RW_0' of module 'lcpu_fpga_test' is unconnected for instance 'u_reg' [/home/minkey/work/RiscV_WebSoC_v1/RiscV_WebSoC/rtl/webserver_cpu_top.v:344]
WARNING: [Synth 8-7071] port 'Scrach_RW_1' of module 'lcpu_fpga_test' is unconnected for instance 'u_reg' [/home/minkey/work/RiscV_WebSoC_v1/RiscV_WebSoC/rtl/webserver_cpu_top.v:344]
WARNING: [Synth 8-7071] port 'Scrach_RW_2' of module 'lcpu_fpga_test' is unconnected for instance 'u_reg' [/home/minkey/work/RiscV_WebSoC_v1/RiscV_WebSoC/rtl/webserver_cpu_top.v:344]
WARNING: [Synth 8-7071] port 'Scrach_RW_3' of module 'lcpu_fpga_test' is unconnected for instance 'u_reg' [/home/minkey/work/RiscV_WebSoC_v1/RiscV_WebSoC/rtl/webserver_cpu_top.v:344]
WARNING: [Synth 8-7071] port 'Scrach_RW_4' of module 'lcpu_fpga_test' is unconnected for instance 'u_reg' [/home/minkey/work/RiscV_WebSoC_v1/RiscV_WebSoC/rtl/webserver_cpu_top.v:344]
WARNING: [Synth 8-7071] port 'Scrach_RW_5' of module 'lcpu_fpga_test' is unconnected for instance 'u_reg' [/home/minkey/work/RiscV_WebSoC_v1/RiscV_WebSoC/rtl/webserver_cpu_top.v:344]
WARNING: [Synth 8-7071] port 'Scrach_RW_6' of module 'lcpu_fpga_test' is unconnected for instance 'u_reg' [/home/minkey/work/RiscV_WebSoC_v1/RiscV_WebSoC/rtl/webserver_cpu_top.v:344]
WARNING: [Synth 8-7071] port 'Scrach_RW_7' of module 'lcpu_fpga_test' is unconnected for instance 'u_reg' [/home/minkey/work/RiscV_WebSoC_v1/RiscV_WebSoC/rtl/webserver_cpu_top.v:344]
WARNING: [Synth 8-7071] port 'Scrach_RW_8' of module 'lcpu_fpga_test' is unconnected for instance 'u_reg' [/home/minkey/work/RiscV_WebSoC_v1/RiscV_WebSoC/rtl/webserver_cpu_top.v:344]
WARNING: [Synth 8-7071] port 'Scrach_RW_9' of module 'lcpu_fpga_test' is unconnected for instance 'u_reg' [/home/minkey/work/RiscV_WebSoC_v1/RiscV_WebSoC/rtl/webserver_cpu_top.v:344]
WARNING: [Synth 8-7071] port 'Scrach_RW_10' of module 'lcpu_fpga_test' is unconnected for instance 'u_reg' [/home/minkey/work/RiscV_WebSoC_v1/RiscV_WebSoC/rtl/webserver_cpu_top.v:344]
WARNING: [Synth 8-7071] port 'Scrach_RW_11' of module 'lcpu_fpga_test' is unconnected for instance 'u_reg' [/home/minkey/work/RiscV_WebSoC_v1/RiscV_WebSoC/rtl/webserver_cpu_top.v:344]
WARNING: [Synth 8-7071] port 'cpu_rd_rpkt_para' of module 'lcpu_fpga_test' is unconnected for instance 'u_reg' [/home/minkey/work/RiscV_WebSoC_v1/RiscV_WebSoC/rtl/webserver_cpu_top.v:344]
WARNING: [Synth 8-7023] instance 'u_reg' of module 'lcpu_fpga_test' has 54 connections declared, but only 39 given [/home/minkey/work/RiscV_WebSoC_v1/RiscV_WebSoC/rtl/webserver_cpu_top.v:344]
INFO: [Synth 8-6157] synthesizing module 'lcpu_mdio' [/home/minkey/work/RiscV_WebSoC_v1/RiscV_WebSoC/rtl/lcpu_mdio.v:15]
INFO: [Synth 8-6157] synthesizing module 'lcpu_clock_cross' [/home/minkey/work/RiscV_WebSoC_v1/RiscV_WebSoC/rtl/lcpu_clock_cross.v:15]
	Parameter addr_width bound to: 32 - type: integer 
	Parameter data_width bound to: 32 - type: integer 
	Parameter pass_clock_muticycle bound to: 4 - type: integer 
INFO: [Synth 8-6155] done synthesizing module 'lcpu_clock_cross' (0#1) [/home/minkey/work/RiscV_WebSoC_v1/RiscV_WebSoC/rtl/lcpu_clock_cross.v:15]
INFO: [Synth 8-6157] synthesizing module 'lcpu_access_mdio_reg' [/home/minkey/work/RiscV_WebSoC_v1/RiscV_WebSoC/rtl/lcpu_mdio.v:143]
INFO: [Synth 8-6155] done synthesizing module 'lcpu_access_mdio_reg' (0#1) [/home/minkey/work/RiscV_WebSoC_v1/RiscV_WebSoC/rtl/lcpu_mdio.v:143]
INFO: [Synth 8-6157] synthesizing module 'mdio_ctrl' [/home/minkey/work/RiscV_WebSoC_v1/RiscV_WebSoC/rtl/mdio_ctrl.v:15]
INFO: [Synth 8-6155] done synthesizing module 'mdio_ctrl' (0#1) [/home/minkey/work/RiscV_WebSoC_v1/RiscV_WebSoC/rtl/mdio_ctrl.v:15]
INFO: [Synth 8-6155] done synthesizing module 'lcpu_mdio' (0#1) [/home/minkey/work/RiscV_WebSoC_v1/RiscV_WebSoC/rtl/lcpu_mdio.v:15]
INFO: [Synth 8-6155] done synthesizing module 'webserver_cpu_top' (0#1) [/home/minkey/work/RiscV_WebSoC_v1/RiscV_WebSoC/rtl/webserver_cpu_top.v:8]
WARNING: [Synth 8-7137] Register mem_array_reg in module dual_clock_fifo has both Set and reset with same priority. This may cause simulation mismatches. Consider rewriting code 
WARNING: [Synth 8-7137] Register read_addr_reg in module dual_clock_fifo has both Set and reset with same priority. This may cause simulation mismatches. Consider rewriting code  [/home/minkey/work/RiscV_WebSoC_v1/RiscV_WebSoC/rtl/dual_clock_fifo.v:141]
WARNING: [Synth 8-4767] Trying to implement RAM 'mem_array_reg' in registers. Block RAM or DRAM implementation is not possible; see log for reasons.
Reason is one or more of the following :
	1: RAM is sensitive to asynchronous reset signal. this RTL style is not supported. 
RAM "mem_array_reg" dissolved into registers
WARNING: [Synth 8-6014] Unused sequential element di_data_reg was removed.  [/home/minkey/work/RiscV_WebSoC_v1/RiscV_WebSoC/rtl/fix_delay.v:64]
WARNING: [Synth 8-6014] Unused sequential element dii_data_reg was removed.  [/home/minkey/work/RiscV_WebSoC_v1/RiscV_WebSoC/rtl/fix_delay.v:65]
WARNING: [Synth 8-6014] Unused sequential element rx_eth_byte_cnt_reg was removed.  [/home/minkey/work/RiscV_WebSoC_v1/RiscV_WebSoC/rtl/eth_presemble.v:51]
WARNING: [Synth 8-6014] Unused sequential element di_data_reg was removed.  [/home/minkey/work/RiscV_WebSoC_v1/RiscV_WebSoC/rtl/fix_delay.v:64]
WARNING: [Synth 8-6014] Unused sequential element dii_data_reg was removed.  [/home/minkey/work/RiscV_WebSoC_v1/RiscV_WebSoC/rtl/fix_delay.v:65]
WARNING: [Synth 8-7137] Register mem_array_reg in module dual_clock_fifo__parameterized0 has both Set and reset with same priority. This may cause simulation mismatches. Consider rewriting code 
WARNING: [Synth 8-7137] Register read_addr_reg in module dual_clock_fifo__parameterized0 has both Set and reset with same priority. This may cause simulation mismatches. Consider rewriting code  [/home/minkey/work/RiscV_WebSoC_v1/RiscV_WebSoC/rtl/dual_clock_fifo.v:141]
WARNING: [Synth 8-4767] Trying to implement RAM 'mem_array_reg' in registers. Block RAM or DRAM implementation is not possible; see log for reasons.
Reason is one or more of the following :
	1: RAM is sensitive to asynchronous reset signal. this RTL style is not supported. 
RAM "mem_array_reg" dissolved into registers
WARNING: [Synth 8-6014] Unused sequential element none_blk_mode.nb_rptr_reg was removed.  [/home/minkey/work/RiscV_WebSoC_v1/RiscV_WebSoC/rtl/package_fifo_v2.v:280]
WARNING: [Synth 8-6014] Unused sequential element none_blk_mode.nb_rptr_reg_reg was removed.  [/home/minkey/work/RiscV_WebSoC_v1/RiscV_WebSoC/rtl/package_fifo_v2.v:334]
WARNING: [Synth 8-6014] Unused sequential element ren_s_reg was removed.  [/home/minkey/work/RiscV_WebSoC_v1/RiscV_WebSoC/rtl/pktfifo2ram_int_v2.v:113]
WARNING: [Synth 8-3848] Net rx_byte_cnt in module/entity cpu_channel does not have driver. [/home/minkey/work/RiscV_WebSoC_v1/RiscV_WebSoC/rtl/cpu_channel.v:105]
WARNING: [Synth 8-7137] Register mem_array_reg in module dual_clock_fifo__parameterized1 has both Set and reset with same priority. This may cause simulation mismatches. Consider rewriting code 
WARNING: [Synth 8-7137] Register read_addr_reg in module dual_clock_fifo__parameterized1 has both Set and reset with same priority. This may cause simulation mismatches. Consider rewriting code  [/home/minkey/work/RiscV_WebSoC_v1/RiscV_WebSoC/rtl/dual_clock_fifo.v:141]
WARNING: [Synth 8-4767] Trying to implement RAM 'mem_array_reg' in registers. Block RAM or DRAM implementation is not possible; see log for reasons.
Reason is one or more of the following :
	1: RAM is sensitive to asynchronous reset signal. this RTL style is not supported. 
RAM "mem_array_reg" dissolved into registers
WARNING: [Synth 8-7137] Register mem_array_reg in module single_clock_fifo has both Set and reset with same priority. This may cause simulation mismatches. Consider rewriting code 
WARNING: [Synth 8-7137] Register read_data_reg in module single_clock_fifo has both Set and reset with same priority. This may cause simulation mismatches. Consider rewriting code  [/home/minkey/work/RiscV_WebSoC_v1/RiscV_WebSoC/rtl/single_clock_fifo.v:93]
WARNING: [Synth 8-4767] Trying to implement RAM 'mem_array_reg' in registers. Block RAM or DRAM implementation is not possible; see log for reasons.
Reason is one or more of the following :
	1: RAM is sensitive to asynchronous reset signal. this RTL style is not supported. 
RAM "mem_array_reg" dissolved into registers
WARNING: [Synth 8-7137] Register blk_mode.underflow_reg in module package_fifo_v2__parameterized0 has both Set and reset with same priority. This may cause simulation mismatches. Consider rewriting code  [/home/minkey/work/RiscV_WebSoC_v1/RiscV_WebSoC/rtl/package_fifo_v2.v:230]
WARNING: [Synth 8-6014] Unused sequential element next_insn_opcode_reg was removed.  [/home/minkey/work/RiscV_WebSoC_v1/RiscV_WebSoC/rtl/picorv32.v:433]
WARNING: [Synth 8-6014] Unused sequential element q_ascii_instr_reg was removed.  [/home/minkey/work/RiscV_WebSoC_v1/RiscV_WebSoC/rtl/picorv32.v:777]
WARNING: [Synth 8-6014] Unused sequential element q_insn_imm_reg was removed.  [/home/minkey/work/RiscV_WebSoC_v1/RiscV_WebSoC/rtl/picorv32.v:778]
WARNING: [Synth 8-6014] Unused sequential element q_insn_opcode_reg was removed.  [/home/minkey/work/RiscV_WebSoC_v1/RiscV_WebSoC/rtl/picorv32.v:779]
WARNING: [Synth 8-6014] Unused sequential element q_insn_rs1_reg was removed.  [/home/minkey/work/RiscV_WebSoC_v1/RiscV_WebSoC/rtl/picorv32.v:780]
WARNING: [Synth 8-6014] Unused sequential element q_insn_rs2_reg was removed.  [/home/minkey/work/RiscV_WebSoC_v1/RiscV_WebSoC/rtl/picorv32.v:781]
WARNING: [Synth 8-6014] Unused sequential element q_insn_rd_reg was removed.  [/home/minkey/work/RiscV_WebSoC_v1/RiscV_WebSoC/rtl/picorv32.v:782]
WARNING: [Synth 8-6014] Unused sequential element dbg_next_reg was removed.  [/home/minkey/work/RiscV_WebSoC_v1/RiscV_WebSoC/rtl/picorv32.v:783]
WARNING: [Synth 8-6014] Unused sequential element dbg_valid_insn_reg was removed.  [/home/minkey/work/RiscV_WebSoC_v1/RiscV_WebSoC/rtl/picorv32.v:786]
WARNING: [Synth 8-6014] Unused sequential element cached_ascii_instr_reg was removed.  [/home/minkey/work/RiscV_WebSoC_v1/RiscV_WebSoC/rtl/picorv32.v:791]
WARNING: [Synth 8-6014] Unused sequential element cached_insn_imm_reg was removed.  [/home/minkey/work/RiscV_WebSoC_v1/RiscV_WebSoC/rtl/picorv32.v:792]
WARNING: [Synth 8-6014] Unused sequential element cached_insn_opcode_reg was removed.  [/home/minkey/work/RiscV_WebSoC_v1/RiscV_WebSoC/rtl/picorv32.v:794]
WARNING: [Synth 8-6014] Unused sequential element cached_insn_rs1_reg was removed.  [/home/minkey/work/RiscV_WebSoC_v1/RiscV_WebSoC/rtl/picorv32.v:797]
WARNING: [Synth 8-6014] Unused sequential element cached_insn_rs2_reg was removed.  [/home/minkey/work/RiscV_WebSoC_v1/RiscV_WebSoC/rtl/picorv32.v:798]
WARNING: [Synth 8-6014] Unused sequential element cached_insn_rd_reg was removed.  [/home/minkey/work/RiscV_WebSoC_v1/RiscV_WebSoC/rtl/picorv32.v:799]
WARNING: [Synth 8-6014] Unused sequential element dbg_insn_addr_reg was removed.  [/home/minkey/work/RiscV_WebSoC_v1/RiscV_WebSoC/rtl/picorv32.v:803]
WARNING: [Synth 8-6014] Unused sequential element set_mem_do_rinst_reg was removed.  [/home/minkey/work/RiscV_WebSoC_v1/RiscV_WebSoC/rtl/picorv32.v:1401]
WARNING: [Synth 8-6014] Unused sequential element set_mem_do_rdata_reg was removed.  [/home/minkey/work/RiscV_WebSoC_v1/RiscV_WebSoC/rtl/picorv32.v:1402]
WARNING: [Synth 8-6014] Unused sequential element set_mem_do_wdata_reg was removed.  [/home/minkey/work/RiscV_WebSoC_v1/RiscV_WebSoC/rtl/picorv32.v:1403]
WARNING: [Synth 8-6014] Unused sequential element alu_out_0_q_reg was removed.  [/home/minkey/work/RiscV_WebSoC_v1/RiscV_WebSoC/rtl/picorv32.v:1405]
WARNING: [Synth 8-6014] Unused sequential element alu_wait_reg was removed.  [/home/minkey/work/RiscV_WebSoC_v1/RiscV_WebSoC/rtl/picorv32.v:1408]
WARNING: [Synth 8-6014] Unused sequential element alu_wait_2_reg was removed.  [/home/minkey/work/RiscV_WebSoC_v1/RiscV_WebSoC/rtl/picorv32.v:1409]
WARNING: [Synth 8-6014] Unused sequential element dbg_rs1val_reg was removed.  [/home/minkey/work/RiscV_WebSoC_v1/RiscV_WebSoC/rtl/picorv32.v:1412]
WARNING: [Synth 8-6014] Unused sequential element dbg_rs2val_reg was removed.  [/home/minkey/work/RiscV_WebSoC_v1/RiscV_WebSoC/rtl/picorv32.v:1413]
WARNING: [Synth 8-6014] Unused sequential element dbg_rs1val_valid_reg was removed.  [/home/minkey/work/RiscV_WebSoC_v1/RiscV_WebSoC/rtl/picorv32.v:1414]
WARNING: [Synth 8-6014] Unused sequential element dbg_rs2val_valid_reg was removed.  [/home/minkey/work/RiscV_WebSoC_v1/RiscV_WebSoC/rtl/picorv32.v:1415]
WARNING: [Synth 8-6014] Unused sequential element next_irq_pending_reg was removed.  [/home/minkey/work/RiscV_WebSoC_v1/RiscV_WebSoC/rtl/picorv32.v:1435]
WARNING: [Synth 8-6014] Unused sequential element decoder_trigger_q_reg was removed.  [/home/minkey/work/RiscV_WebSoC_v1/RiscV_WebSoC/rtl/picorv32.v:1442]
WARNING: [Synth 8-6014] Unused sequential element decoder_pseudo_trigger_q_reg was removed.  [/home/minkey/work/RiscV_WebSoC_v1/RiscV_WebSoC/rtl/picorv32.v:1444]
WARNING: [Synth 8-6014] Unused sequential element latched_trace_reg was removed.  [/home/minkey/work/RiscV_WebSoC_v1/RiscV_WebSoC/rtl/picorv32.v:1460]
WARNING: [Synth 8-6014] Unused sequential element irq_active_reg was removed.  [/home/minkey/work/RiscV_WebSoC_v1/RiscV_WebSoC/rtl/picorv32.v:1466]
WARNING: [Synth 8-6014] Unused sequential element irq_delay_reg was removed.  [/home/minkey/work/RiscV_WebSoC_v1/RiscV_WebSoC/rtl/picorv32.v:1467]
WARNING: [Synth 8-6014] Unused sequential element irq_mask_reg was removed.  [/home/minkey/work/RiscV_WebSoC_v1/RiscV_WebSoC/rtl/picorv32.v:1468]
WARNING: [Synth 8-6014] Unused sequential element timer_reg was removed.  [/home/minkey/work/RiscV_WebSoC_v1/RiscV_WebSoC/rtl/picorv32.v:1472]
WARNING: [Synth 8-6014] Unused sequential element current_pc_reg was removed.  [/home/minkey/work/RiscV_WebSoC_v1/RiscV_WebSoC/rtl/picorv32.v:1490]
WARNING: [Synth 8-6014] Unused sequential element irq_pending_reg was removed.  [/home/minkey/work/RiscV_WebSoC_v1/RiscV_WebSoC/rtl/picorv32.v:1958]
WARNING: [Synth 8-6014] Unused sequential element trace_valid_reg was removed.  [/home/minkey/work/RiscV_WebSoC_v1/RiscV_WebSoC/rtl/picorv32.v:1447]
WARNING: [Synth 8-6014] Unused sequential element instr_ecall_ebreak_reg was removed.  [/home/minkey/work/RiscV_WebSoC_v1/RiscV_WebSoC/rtl/picorv32.v:1084]
WARNING: [Synth 8-6014] Unused sequential element pcpi_timeout_reg was removed.  [/home/minkey/work/RiscV_WebSoC_v1/RiscV_WebSoC/rtl/picorv32.v:1465]
WARNING: [Synth 8-3848] Net fpga_cpu_rd_empty in module/entity webserver_cpu_top does not have driver. [/home/minkey/work/RiscV_WebSoC_v1/RiscV_WebSoC/rtl/webserver_cpu_top.v:149]
WARNING: [Synth 8-3848] Net fpga_cpu_rd_rpkt_len in module/entity webserver_cpu_top does not have driver. [/home/minkey/work/RiscV_WebSoC_v1/RiscV_WebSoC/rtl/webserver_cpu_top.v:148]
WARNING: [Synth 8-3848] Net fpga_cpu_rd_rdata in module/entity webserver_cpu_top does not have driver. [/home/minkey/work/RiscV_WebSoC_v1/RiscV_WebSoC/rtl/webserver_cpu_top.v:148]
WARNING: [Synth 8-3848] Net fpga_cpu_rd_reop_pre in module/entity webserver_cpu_top does not have driver. [/home/minkey/work/RiscV_WebSoC_v1/RiscV_WebSoC/rtl/webserver_cpu_top.v:149]
WARNING: [Synth 8-3848] Net fpga_cpu_wr_full in module/entity webserver_cpu_top does not have driver. [/home/minkey/work/RiscV_WebSoC_v1/RiscV_WebSoC/rtl/webserver_cpu_top.v:149]
WARNING: [Synth 8-7129] Port wrdata[31] in module lcpu_access_mdio_reg is either unconnected or has no load
WARNING: [Synth 8-7129] Port wrdata[30] in module lcpu_access_mdio_reg is either unconnected or has no load
WARNING: [Synth 8-7129] Port wrdata[29] in module lcpu_access_mdio_reg is either unconnected or has no load
WARNING: [Synth 8-7129] Port wrdata[28] in module lcpu_access_mdio_reg is either unconnected or has no load
WARNING: [Synth 8-7129] Port wrdata[27] in module lcpu_access_mdio_reg is either unconnected or has no load
WARNING: [Synth 8-7129] Port wrdata[26] in module lcpu_access_mdio_reg is either unconnected or has no load
WARNING: [Synth 8-7129] Port wrdata[25] in module lcpu_access_mdio_reg is either unconnected or has no load
WARNING: [Synth 8-7129] Port wrdata[24] in module lcpu_access_mdio_reg is either unconnected or has no load
WARNING: [Synth 8-7129] Port wrdata[23] in module lcpu_access_mdio_reg is either unconnected or has no load
WARNING: [Synth 8-7129] Port wrdata[22] in module lcpu_access_mdio_reg is either unconnected or has no load
WARNING: [Synth 8-7129] Port wrdata[21] in module lcpu_access_mdio_reg is either unconnected or has no load
WARNING: [Synth 8-7129] Port wrdata[20] in module lcpu_access_mdio_reg is either unconnected or has no load
WARNING: [Synth 8-7129] Port wrdata[19] in module lcpu_access_mdio_reg is either unconnected or has no load
WARNING: [Synth 8-7129] Port wrdata[18] in module lcpu_access_mdio_reg is either unconnected or has no load
WARNING: [Synth 8-7129] Port wrdata[17] in module lcpu_access_mdio_reg is either unconnected or has no load
WARNING: [Synth 8-7129] Port wrdata[16] in module lcpu_access_mdio_reg is either unconnected or has no load
WARNING: [Synth 8-7129] Port sleep in module xpm_memory_base is either unconnected or has no load
WARNING: [Synth 8-7129] Port regcea in module xpm_memory_base is either unconnected or has no load
WARNING: [Synth 8-7129] Port injectsbiterra in module xpm_memory_base is either unconnected or has no load
WARNING: [Synth 8-7129] Port injectdbiterra in module xpm_memory_base is either unconnected or has no load
WARNING: [Synth 8-7129] Port clkb in module xpm_memory_base is either unconnected or has no load
WARNING: [Synth 8-7129] Port regceb in module xpm_memory_base is either unconnected or has no load
WARNING: [Synth 8-7129] Port injectsbiterrb in module xpm_memory_base is either unconnected or has no load
WARNING: [Synth 8-7129] Port injectdbiterrb in module xpm_memory_base is either unconnected or has no load
WARNING: [Synth 8-7129] Port address_a[12] in module single_clock_true_dual_port_ram is either unconnected or has no load
WARNING: [Synth 8-7129] Port address_a[11] in module single_clock_true_dual_port_ram is either unconnected or has no load
WARNING: [Synth 8-7129] Port address_b[12] in module single_clock_true_dual_port_ram is either unconnected or has no load
WARNING: [Synth 8-7129] Port address_b[11] in module single_clock_true_dual_port_ram is either unconnected or has no load
WARNING: [Synth 8-7129] Port rv_instr in module riscv32intfbridge is either unconnected or has no load
WARNING: [Synth 8-7129] Port pcpi_wr in module picorv32 is either unconnected or has no load
WARNING: [Synth 8-7129] Port pcpi_rd[31] in module picorv32 is either unconnected or has no load
WARNING: [Synth 8-7129] Port pcpi_rd[30] in module picorv32 is either unconnected or has no load
WARNING: [Synth 8-7129] Port pcpi_rd[29] in module picorv32 is either unconnected or has no load
WARNING: [Synth 8-7129] Port pcpi_rd[28] in module picorv32 is either unconnected or has no load
WARNING: [Synth 8-7129] Port pcpi_rd[27] in module picorv32 is either unconnected or has no load
WARNING: [Synth 8-7129] Port pcpi_rd[26] in module picorv32 is either unconnected or has no load
WARNING: [Synth 8-7129] Port pcpi_rd[25] in module picorv32 is either unconnected or has no load
WARNING: [Synth 8-7129] Port pcpi_rd[24] in module picorv32 is either unconnected or has no load
WARNING: [Synth 8-7129] Port pcpi_rd[23] in module picorv32 is either unconnected or has no load
WARNING: [Synth 8-7129] Port pcpi_rd[22] in module picorv32 is either unconnected or has no load
WARNING: [Synth 8-7129] Port pcpi_rd[21] in module picorv32 is either unconnected or has no load
WARNING: [Synth 8-7129] Port pcpi_rd[20] in module picorv32 is either unconnected or has no load
WARNING: [Synth 8-7129] Port pcpi_rd[19] in module picorv32 is either unconnected or has no load
WARNING: [Synth 8-7129] Port pcpi_rd[18] in module picorv32 is either unconnected or has no load
WARNING: [Synth 8-7129] Port pcpi_rd[17] in module picorv32 is either unconnected or has no load
WARNING: [Synth 8-7129] Port pcpi_rd[16] in module picorv32 is either unconnected or has no load
WARNING: [Synth 8-7129] Port pcpi_rd[15] in module picorv32 is either unconnected or has no load
WARNING: [Synth 8-7129] Port pcpi_rd[14] in module picorv32 is either unconnected or has no load
WARNING: [Synth 8-7129] Port pcpi_rd[13] in module picorv32 is either unconnected or has no load
WARNING: [Synth 8-7129] Port pcpi_rd[12] in module picorv32 is either unconnected or has no load
WARNING: [Synth 8-7129] Port pcpi_rd[11] in module picorv32 is either unconnected or has no load
WARNING: [Synth 8-7129] Port pcpi_rd[10] in module picorv32 is either unconnected or has no load
WARNING: [Synth 8-7129] Port pcpi_rd[9] in module picorv32 is either unconnected or has no load
WARNING: [Synth 8-7129] Port pcpi_rd[8] in module picorv32 is either unconnected or has no load
WARNING: [Synth 8-7129] Port pcpi_rd[7] in module picorv32 is either unconnected or has no load
WARNING: [Synth 8-7129] Port pcpi_rd[6] in module picorv32 is either unconnected or has no load
WARNING: [Synth 8-7129] Port pcpi_rd[5] in module picorv32 is either unconnected or has no load
WARNING: [Synth 8-7129] Port pcpi_rd[4] in module picorv32 is either unconnected or has no load
WARNING: [Synth 8-7129] Port pcpi_rd[3] in module picorv32 is either unconnected or has no load
WARNING: [Synth 8-7129] Port pcpi_rd[2] in module picorv32 is either unconnected or has no load
WARNING: [Synth 8-7129] Port pcpi_rd[1] in module picorv32 is either unconnected or has no load
WARNING: [Synth 8-7129] Port pcpi_rd[0] in module picorv32 is either unconnected or has no load
WARNING: [Synth 8-7129] Port pcpi_wait in module picorv32 is either unconnected or has no load
WARNING: [Synth 8-7129] Port pcpi_ready in module picorv32 is either unconnected or has no load
WARNING: [Synth 8-7129] Port irq[31] in module picorv32 is either unconnected or has no load
WARNING: [Synth 8-7129] Port irq[30] in module picorv32 is either unconnected or has no load
WARNING: [Synth 8-7129] Port irq[29] in module picorv32 is either unconnected or has no load
WARNING: [Synth 8-7129] Port irq[28] in module picorv32 is either unconnected or has no load
WARNING: [Synth 8-7129] Port irq[27] in module picorv32 is either unconnected or has no load
WARNING: [Synth 8-7129] Port irq[26] in module picorv32 is either unconnected or has no load
WARNING: [Synth 8-7129] Port irq[25] in module picorv32 is either unconnected or has no load
WARNING: [Synth 8-7129] Port irq[24] in module picorv32 is either unconnected or has no load
WARNING: [Synth 8-7129] Port irq[23] in module picorv32 is either unconnected or has no load
WARNING: [Synth 8-7129] Port irq[22] in module picorv32 is either unconnected or has no load
WARNING: [Synth 8-7129] Port irq[21] in module picorv32 is either unconnected or has no load
WARNING: [Synth 8-7129] Port irq[20] in module picorv32 is either unconnected or has no load
WARNING: [Synth 8-7129] Port irq[19] in module picorv32 is either unconnected or has no load
WARNING: [Synth 8-7129] Port irq[18] in module picorv32 is either unconnected or has no load
WARNING: [Synth 8-7129] Port irq[17] in module picorv32 is either unconnected or has no load
WARNING: [Synth 8-7129] Port irq[16] in module picorv32 is either unconnected or has no load
WARNING: [Synth 8-7129] Port irq[15] in module picorv32 is either unconnected or has no load
WARNING: [Synth 8-7129] Port irq[14] in module picorv32 is either unconnected or has no load
WARNING: [Synth 8-7129] Port irq[13] in module picorv32 is either unconnected or has no load
WARNING: [Synth 8-7129] Port irq[12] in module picorv32 is either unconnected or has no load
WARNING: [Synth 8-7129] Port irq[11] in module picorv32 is either unconnected or has no load
WARNING: [Synth 8-7129] Port irq[10] in module picorv32 is either unconnected or has no load
WARNING: [Synth 8-7129] Port irq[9] in module picorv32 is either unconnected or has no load
WARNING: [Synth 8-7129] Port irq[8] in module picorv32 is either unconnected or has no load
WARNING: [Synth 8-7129] Port irq[7] in module picorv32 is either unconnected or has no load
WARNING: [Synth 8-7129] Port irq[6] in module picorv32 is either unconnected or has no load
WARNING: [Synth 8-7129] Port irq[5] in module picorv32 is either unconnected or has no load
WARNING: [Synth 8-7129] Port irq[4] in module picorv32 is either unconnected or has no load
WARNING: [Synth 8-7129] Port irq[3] in module picorv32 is either unconnected or has no load
WARNING: [Synth 8-7129] Port irq[2] in module picorv32 is either unconnected or has no load
WARNING: [Synth 8-7129] Port irq[1] in module picorv32 is either unconnected or has no load
WARNING: [Synth 8-7129] Port irq[0] in module picorv32 is either unconnected or has no load
WARNING: [Synth 8-7129] Port full in module lcpu_out_uart is either unconnected or has no load
WARNING: [Synth 8-7129] Port rpkt_len[5] in module pktfifo_out_lcpu is either unconnected or has no load
WARNING: [Synth 8-7129] Port rpkt_len[4] in module pktfifo_out_lcpu is either unconnected or has no load
WARNING: [Synth 8-7129] Port rpkt_len[3] in module pktfifo_out_lcpu is either unconnected or has no load
INFO: [Common 17-14] Message 'Synth 8-7129' appears 100 times and further instances of the messages will be disabled. Use the Tcl command set_msg_config to change the current settings.
---------------------------------------------------------------------------------
Finished RTL Elaboration : Time (s): cpu = 00:00:04 ; elapsed = 00:00:05 . Memory (MB): peak = 2246.965 ; gain = 549.684 ; free physical = 1728 ; free virtual = 11260
---------------------------------------------------------------------------------
---------------------------------------------------------------------------------
Start Handling Custom Attributes
---------------------------------------------------------------------------------
---------------------------------------------------------------------------------
Finished Handling Custom Attributes : Time (s): cpu = 00:00:04 ; elapsed = 00:00:05 . Memory (MB): peak = 2264.777 ; gain = 567.496 ; free physical = 1728 ; free virtual = 11261
---------------------------------------------------------------------------------
---------------------------------------------------------------------------------
Finished RTL Optimization Phase 1 : Time (s): cpu = 00:00:04 ; elapsed = 00:00:05 . Memory (MB): peak = 2264.777 ; gain = 567.496 ; free physical = 1728 ; free virtual = 11261
---------------------------------------------------------------------------------
Netlist sorting complete. Time (s): cpu = 00:00:00.08 ; elapsed = 00:00:00.08 . Memory (MB): peak = 2270.715 ; gain = 0.000 ; free physical = 1728 ; free virtual = 11260
INFO: [Netlist 29-17] Analyzing 17 Unisim elements for replacement
INFO: [Netlist 29-28] Unisim Transformation completed in 0 CPU seconds
INFO: [Project 1-570] Preparing netlist for logic optimization

Processing XDC Constraints
Initializing timing engine
Parsing XDC File [/home/minkey/work/RiscV_WebSoC_v1/RiscV_WebSoC/build_RiscV_WebSoC_v0002_20260729_153011/pins.xdc]
Finished Parsing XDC File [/home/minkey/work/RiscV_WebSoC_v1/RiscV_WebSoC/build_RiscV_WebSoC_v0002_20260729_153011/pins.xdc]
INFO: [Project 1-236] Implementation specific constraints were found while reading constraint file [/home/minkey/work/RiscV_WebSoC_v1/RiscV_WebSoC/build_RiscV_WebSoC_v0002_20260729_153011/pins.xdc]. These constraints will be ignored for synthesis but will be used in implementation. Impacted constraints are listed in the file [.Xil/webserver_cpu_top_propImpl.xdc].
Resolution: To avoid this warning, move constraints listed in [.Xil/webserver_cpu_top_propImpl.xdc] to another XDC file and exclude this new file from synthesis with the used_in_synthesis property (File Properties dialog in GUI) and re-run elaboration/synthesis.
Parsing XDC File [/home/minkey/work/RiscV_WebSoC_v1/RiscV_WebSoC/build_RiscV_WebSoC_v0002_20260729_153011/timing.xdc]
WARNING: [Vivado 12-508] No pins matched 'u_pll/u_mmcm/CLKIN1'. [/home/minkey/work/RiscV_WebSoC_v1/RiscV_WebSoC/build_RiscV_WebSoC_v0002_20260729_153011/timing.xdc:19]
WARNING: [Vivado 12-508] No pins matched 'u_pll/u_bufg_125/O'. [/home/minkey/work/RiscV_WebSoC_v1/RiscV_WebSoC/build_RiscV_WebSoC_v0002_20260729_153011/timing.xdc:19]
CRITICAL WARNING: [Vivado 12-4739] create_generated_clock:No valid object(s) found for '-source [get_pins u_pll/u_mmcm/CLKIN1]'. [/home/minkey/work/RiscV_WebSoC_v1/RiscV_WebSoC/build_RiscV_WebSoC_v0002_20260729_153011/timing.xdc:19]
Resolution: Check if the specified object(s) exists in the current design. If it does, ensure that the correct design hierarchy was specified for the object. If you are working with clocks, make sure create_clock was used to create the clock object before it is referenced.
WARNING: [Vivado 12-508] No pins matched 'u_pll/u_mmcm/CLKIN1'. [/home/minkey/work/RiscV_WebSoC_v1/RiscV_WebSoC/build_RiscV_WebSoC_v0002_20260729_153011/timing.xdc:25]
WARNING: [Vivado 12-508] No pins matched 'u_pll/u_bufg_200/O'. [/home/minkey/work/RiscV_WebSoC_v1/RiscV_WebSoC/build_RiscV_WebSoC_v0002_20260729_153011/timing.xdc:25]
CRITICAL WARNING: [Vivado 12-4739] create_generated_clock:No valid object(s) found for '-source [get_pins u_pll/u_mmcm/CLKIN1]'. [/home/minkey/work/RiscV_WebSoC_v1/RiscV_WebSoC/build_RiscV_WebSoC_v0002_20260729_153011/timing.xdc:25]
Resolution: Check if the specified object(s) exists in the current design. If it does, ensure that the correct design hierarchy was specified for the object. If you are working with clocks, make sure create_clock was used to create the clock object before it is referenced.
WARNING: [Vivado 12-508] No pins matched 'u_pll/u_mmcm/CLKIN1'. [/home/minkey/work/RiscV_WebSoC_v1/RiscV_WebSoC/build_RiscV_WebSoC_v0002_20260729_153011/timing.xdc:31]
WARNING: [Vivado 12-508] No pins matched 'u_pll/u_bufg_125_tx/O'. [/home/minkey/work/RiscV_WebSoC_v1/RiscV_WebSoC/build_RiscV_WebSoC_v0002_20260729_153011/timing.xdc:31]
CRITICAL WARNING: [Vivado 12-4739] create_generated_clock:No valid object(s) found for '-source [get_pins u_pll/u_mmcm/CLKIN1]'. [/home/minkey/work/RiscV_WebSoC_v1/RiscV_WebSoC/build_RiscV_WebSoC_v0002_20260729_153011/timing.xdc:31]
Resolution: Check if the specified object(s) exists in the current design. If it does, ensure that the correct design hierarchy was specified for the object. If you are working with clocks, make sure create_clock was used to create the clock object before it is referenced.
WARNING: [Vivado 12-508] No pins matched 'u_pll/u_mmcm/CLKIN1'. [/home/minkey/work/RiscV_WebSoC_v1/RiscV_WebSoC/build_RiscV_WebSoC_v0002_20260729_153011/timing.xdc:37]
WARNING: [Vivado 12-508] No pins matched 'u_pll/u_bufg_50_cpu/O'. [/home/minkey/work/RiscV_WebSoC_v1/RiscV_WebSoC/build_RiscV_WebSoC_v0002_20260729_153011/timing.xdc:37]
CRITICAL WARNING: [Vivado 12-4739] create_generated_clock:No valid object(s) found for '-source [get_pins u_pll/u_mmcm/CLKIN1]'. [/home/minkey/work/RiscV_WebSoC_v1/RiscV_WebSoC/build_RiscV_WebSoC_v0002_20260729_153011/timing.xdc:37]
Resolution: Check if the specified object(s) exists in the current design. If it does, ensure that the correct design hierarchy was specified for the object. If you are working with clocks, make sure create_clock was used to create the clock object before it is referenced.
INFO: [Timing 38-2] Deriving generated clocks [/home/minkey/work/RiscV_WebSoC_v1/RiscV_WebSoC/build_RiscV_WebSoC_v0002_20260729_153011/timing.xdc:62]
WARNING: [Vivado 12-627] No clocks matched 'clk_125m_tx'. [/home/minkey/work/RiscV_WebSoC_v1/RiscV_WebSoC/build_RiscV_WebSoC_v0002_20260729_153011/timing.xdc:62]
INFO: [Vivado 12-626] No clocks found. Please use 'create_clock' or 'create_generated_clock' command to create clocks. [/home/minkey/work/RiscV_WebSoC_v1/RiscV_WebSoC/build_RiscV_WebSoC_v0002_20260729_153011/timing.xdc:62]
CRITICAL WARNING: [Vivado 12-4739] set_output_delay:No valid object(s) found for '-clock [get_clocks clk_125m_tx]'. [/home/minkey/work/RiscV_WebSoC_v1/RiscV_WebSoC/build_RiscV_WebSoC_v0002_20260729_153011/timing.xdc:62]
Resolution: Check if the specified object(s) exists in the current design. If it does, ensure that the correct design hierarchy was specified for the object. If you are working with clocks, make sure create_clock was used to create the clock object before it is referenced.
WARNING: [Vivado 12-627] No clocks matched 'clk_125m_tx'. [/home/minkey/work/RiscV_WebSoC_v1/RiscV_WebSoC/build_RiscV_WebSoC_v0002_20260729_153011/timing.xdc:64]
INFO: [Vivado 12-626] No clocks found. Please use 'create_clock' or 'create_generated_clock' command to create clocks. [/home/minkey/work/RiscV_WebSoC_v1/RiscV_WebSoC/build_RiscV_WebSoC_v0002_20260729_153011/timing.xdc:64]
CRITICAL WARNING: [Vivado 12-4739] set_output_delay:No valid object(s) found for '-clock [get_clocks clk_125m_tx]'. [/home/minkey/work/RiscV_WebSoC_v1/RiscV_WebSoC/build_RiscV_WebSoC_v0002_20260729_153011/timing.xdc:64]
Resolution: Check if the specified object(s) exists in the current design. If it does, ensure that the correct design hierarchy was specified for the object. If you are working with clocks, make sure create_clock was used to create the clock object before it is referenced.
WARNING: [Vivado 12-627] No clocks matched 'clk_125m_tx'. [/home/minkey/work/RiscV_WebSoC_v1/RiscV_WebSoC/build_RiscV_WebSoC_v0002_20260729_153011/timing.xdc:66]
INFO: [Vivado 12-626] No clocks found. Please use 'create_clock' or 'create_generated_clock' command to create clocks. [/home/minkey/work/RiscV_WebSoC_v1/RiscV_WebSoC/build_RiscV_WebSoC_v0002_20260729_153011/timing.xdc:66]
CRITICAL WARNING: [Vivado 12-4739] set_output_delay:No valid object(s) found for '-clock [get_clocks clk_125m_tx]'. [/home/minkey/work/RiscV_WebSoC_v1/RiscV_WebSoC/build_RiscV_WebSoC_v0002_20260729_153011/timing.xdc:66]
Resolution: Check if the specified object(s) exists in the current design. If it does, ensure that the correct design hierarchy was specified for the object. If you are working with clocks, make sure create_clock was used to create the clock object before it is referenced.
WARNING: [Vivado 12-627] No clocks matched 'clk_125m_tx'. [/home/minkey/work/RiscV_WebSoC_v1/RiscV_WebSoC/build_RiscV_WebSoC_v0002_20260729_153011/timing.xdc:69]
INFO: [Vivado 12-626] No clocks found. Please use 'create_clock' or 'create_generated_clock' command to create clocks. [/home/minkey/work/RiscV_WebSoC_v1/RiscV_WebSoC/build_RiscV_WebSoC_v0002_20260729_153011/timing.xdc:69]
CRITICAL WARNING: [Vivado 12-4739] set_output_delay:No valid object(s) found for '-clock [get_clocks clk_125m_tx]'. [/home/minkey/work/RiscV_WebSoC_v1/RiscV_WebSoC/build_RiscV_WebSoC_v0002_20260729_153011/timing.xdc:69]
Resolution: Check if the specified object(s) exists in the current design. If it does, ensure that the correct design hierarchy was specified for the object. If you are working with clocks, make sure create_clock was used to create the clock object before it is referenced.
WARNING: [Vivado 12-627] No clocks matched 'clk_125m_tx'. [/home/minkey/work/RiscV_WebSoC_v1/RiscV_WebSoC/build_RiscV_WebSoC_v0002_20260729_153011/timing.xdc:74]
INFO: [Vivado 12-626] No clocks found. Please use 'create_clock' or 'create_generated_clock' command to create clocks. [/home/minkey/work/RiscV_WebSoC_v1/RiscV_WebSoC/build_RiscV_WebSoC_v0002_20260729_153011/timing.xdc:74]
CRITICAL WARNING: [Vivado 12-4739] set_multicycle_path:No valid object(s) found for '-from [get_clocks clk_125m_tx]'. [/home/minkey/work/RiscV_WebSoC_v1/RiscV_WebSoC/build_RiscV_WebSoC_v0002_20260729_153011/timing.xdc:74]
Resolution: Check if the specified object(s) exists in the current design. If it does, ensure that the correct design hierarchy was specified for the object. If you are working with clocks, make sure create_clock was used to create the clock object before it is referenced.
WARNING: [Designutils 20-1567] Use of 'set_multicycle_path' with '-hold' is not supported by synthesis. The constraint will not be passed to synthesis. [/home/minkey/work/RiscV_WebSoC_v1/RiscV_WebSoC/build_RiscV_WebSoC_v0002_20260729_153011/timing.xdc:77]
WARNING: [Vivado 12-627] No clocks matched 'clk_125m'. [/home/minkey/work/RiscV_WebSoC_v1/RiscV_WebSoC/build_RiscV_WebSoC_v0002_20260729_153011/timing.xdc:84]
WARNING: [Vivado 12-627] No clocks matched 'clk_200m'. [/home/minkey/work/RiscV_WebSoC_v1/RiscV_WebSoC/build_RiscV_WebSoC_v0002_20260729_153011/timing.xdc:84]
WARNING: [Vivado 12-627] No clocks matched 'clk_125m_tx'. [/home/minkey/work/RiscV_WebSoC_v1/RiscV_WebSoC/build_RiscV_WebSoC_v0002_20260729_153011/timing.xdc:84]
WARNING: [Vivado 12-627] No clocks matched 'cpu_clk'. [/home/minkey/work/RiscV_WebSoC_v1/RiscV_WebSoC/build_RiscV_WebSoC_v0002_20260729_153011/timing.xdc:84]
INFO: [Vivado 12-626] No clocks found. Please use 'create_clock' or 'create_generated_clock' command to create clocks. [/home/minkey/work/RiscV_WebSoC_v1/RiscV_WebSoC/build_RiscV_WebSoC_v0002_20260729_153011/timing.xdc:84]
CRITICAL WARNING: [Vivado 12-4739] set_clock_groups:No valid object(s) found for '-group [get_clocks {clk_125m clk_200m clk_125m_tx cpu_clk}]'. [/home/minkey/work/RiscV_WebSoC_v1/RiscV_WebSoC/build_RiscV_WebSoC_v0002_20260729_153011/timing.xdc:84]
Resolution: Check if the specified object(s) exists in the current design. If it does, ensure that the correct design hierarchy was specified for the object. If you are working with clocks, make sure create_clock was used to create the clock object before it is referenced.
CRITICAL WARNING: [Vivado 12-4739] set_clock_groups:No valid object(s) found for '-group '. [/home/minkey/work/RiscV_WebSoC_v1/RiscV_WebSoC/build_RiscV_WebSoC_v0002_20260729_153011/timing.xdc:84]
Resolution: Check if the specified object(s) exists in the current design. If it does, ensure that the correct design hierarchy was specified for the object. If you are working with clocks, make sure create_clock was used to create the clock object before it is referenced.
Finished Parsing XDC File [/home/minkey/work/RiscV_WebSoC_v1/RiscV_WebSoC/build_RiscV_WebSoC_v0002_20260729_153011/timing.xdc]
INFO: [Project 1-236] Implementation specific constraints were found while reading constraint file [/home/minkey/work/RiscV_WebSoC_v1/RiscV_WebSoC/build_RiscV_WebSoC_v0002_20260729_153011/timing.xdc]. These constraints will be ignored for synthesis but will be used in implementation. Impacted constraints are listed in the file [.Xil/webserver_cpu_top_propImpl.xdc].
Resolution: To avoid this warning, move constraints listed in [.Xil/webserver_cpu_top_propImpl.xdc] to another XDC file and exclude this new file from synthesis with the used_in_synthesis property (File Properties dialog in GUI) and re-run elaboration/synthesis.
INFO: [Project 1-236] Implementation specific constraints were found while reading constraint file [/home/xilinx/Vivado/2024.1/data/ip/xpm/xpm_memory/tcl/xpm_memory_xdc.tcl]. These constraints will be ignored for synthesis but will be used in implementation. Impacted constraints are listed in the file [.Xil/webserver_cpu_top_propImpl.xdc].
Resolution: To avoid this warning, move constraints listed in [.Xil/webserver_cpu_top_propImpl.xdc] to another XDC file and exclude this new file from synthesis with the used_in_synthesis property (File Properties dialog in GUI) and re-run elaboration/synthesis.
INFO: [Project 1-1714] 8 XPM XDC files have been applied to the design.
Completed Processing XDC Constraints

Netlist sorting complete. Time (s): cpu = 00:00:00 ; elapsed = 00:00:00.01 . Memory (MB): peak = 2404.559 ; gain = 0.000 ; free physical = 1704 ; free virtual = 11253
INFO: [Project 1-111] Unisim Transformation Summary:
  A total of 1 instances were transformed.
  MMCME2_BASE => MMCME2_ADV: 1 instance 

Constraint Validation Runtime : Time (s): cpu = 00:00:00.02 ; elapsed = 00:00:00.02 . Memory (MB): peak = 2404.559 ; gain = 0.000 ; free physical = 1704 ; free virtual = 11253
---------------------------------------------------------------------------------
Finished Constraint Validation : Time (s): cpu = 00:00:10 ; elapsed = 00:00:10 . Memory (MB): peak = 2404.559 ; gain = 707.277 ; free physical = 1714 ; free virtual = 11264
---------------------------------------------------------------------------------
---------------------------------------------------------------------------------
Start Loading Part and Timing Information
---------------------------------------------------------------------------------
Loading part: xc7a35tfgg484-2
---------------------------------------------------------------------------------
Finished Loading Part and Timing Information : Time (s): cpu = 00:00:10 ; elapsed = 00:00:10 . Memory (MB): peak = 2412.562 ; gain = 715.281 ; free physical = 1714 ; free virtual = 11263
---------------------------------------------------------------------------------
---------------------------------------------------------------------------------
Start Applying 'set_property' XDC Constraints
---------------------------------------------------------------------------------
Applied set_property KEEP_HIERARCHY = SOFT for u_riscv/\riscv_cpu_generation.u_riscv_cpu /u_instru_ram/\gen_xilinx_xpm_tdpram.xpm_bank[0].u_xpm_memory_tdpram_bank . (constraint file  auto generated constraint).
Applied set_property KEEP_HIERARCHY = SOFT for u_riscv/\riscv_cpu_generation.u_riscv_cpu /u_instru_ram/\gen_xilinx_xpm_tdpram.xpm_bank[1].u_xpm_memory_tdpram_bank . (constraint file  auto generated constraint).
Applied set_property KEEP_HIERARCHY = SOFT for u_riscv/\riscv_cpu_generation.u_riscv_cpu /u_instru_ram/\gen_xilinx_xpm_tdpram.xpm_bank[2].u_xpm_memory_tdpram_bank . (constraint file  auto generated constraint).
Applied set_property KEEP_HIERARCHY = SOFT for u_riscv/\riscv_cpu_generation.u_riscv_cpu /u_instru_ram/\gen_xilinx_xpm_tdpram.xpm_bank[3].u_xpm_memory_tdpram_bank . (constraint file  auto generated constraint).
Applied set_property KEEP_HIERARCHY = SOFT for u_riscv/\riscv_cpu_generation.u_riscv_cpu /u_instru_ram/\gen_xilinx_xpm_tdpram.xpm_bank[4].u_xpm_memory_tdpram_bank . (constraint file  auto generated constraint).
Applied set_property KEEP_HIERARCHY = SOFT for u_riscv/\riscv_cpu_generation.u_riscv_cpu /u_instru_ram/\gen_xilinx_xpm_tdpram.xpm_bank[5].u_xpm_memory_tdpram_bank . (constraint file  auto generated constraint).
Applied set_property KEEP_HIERARCHY = SOFT for u_riscv/\riscv_cpu_generation.u_riscv_cpu /u_instru_ram/\gen_xilinx_xpm_tdpram.xpm_bank[6].u_xpm_memory_tdpram_bank . (constraint file  auto generated constraint).
Applied set_property KEEP_HIERARCHY = SOFT for u_riscv/\riscv_cpu_generation.u_riscv_cpu /u_instru_ram/\gen_xilinx_xpm_tdpram.xpm_bank[7].u_xpm_memory_tdpram_bank . (constraint file  auto generated constraint).
---------------------------------------------------------------------------------
Finished applying 'set_property' XDC Constraints : Time (s): cpu = 00:00:10 ; elapsed = 00:00:10 . Memory (MB): peak = 2412.562 ; gain = 715.281 ; free physical = 1714 ; free virtual = 11263
---------------------------------------------------------------------------------
INFO: [Synth 8-802] inferred FSM for state register 'cur_state_reg' in module 'uart_in_pktfifo'
INFO: [Synth 8-802] inferred FSM for state register 'cur_state_reg' in module 'pktfifo_out_lcpu'
INFO: [Synth 8-802] inferred FSM for state register 'mem_state_reg' in module 'picorv32'
INFO: [Synth 8-802] inferred FSM for state register 'cur_state_reg' in module 'lcpu_merge'
INFO: [Synth 8-802] inferred FSM for state register 'cur_state_reg' in module 'mdio_ctrl'
---------------------------------------------------------------------------------------------------
                   State |                     New Encoding |                Previous Encoding 
---------------------------------------------------------------------------------------------------
*
            search_start |                               01 |                               01
            move_op_data |                               10 |                               10
---------------------------------------------------------------------------------------------------
INFO: [Synth 8-3898] No Re-encoding of one hot register 'cur_state_reg' in module 'uart_in_pktfifo'
---------------------------------------------------------------------------------------------------
                   State |                     New Encoding |                Previous Encoding 
---------------------------------------------------------------------------------------------------
*
                    idle |                              001 |                              001
                 pop_pkt |                              010 |                              010
               launch_op |                              100 |                              100
---------------------------------------------------------------------------------------------------
INFO: [Synth 8-3898] No Re-encoding of one hot register 'cur_state_reg' in module 'pktfifo_out_lcpu'
---------------------------------------------------------------------------------------------------
                   State |                     New Encoding |                Previous Encoding 
---------------------------------------------------------------------------------------------------
                 iSTATE2 |                               00 |                               00
                 iSTATE0 |                               01 |                               10
                  iSTATE |                               10 |                               01
                 iSTATE1 |                               11 |                               11
---------------------------------------------------------------------------------------------------
INFO: [Synth 8-3354] encoded FSM with state register 'mem_state_reg' using encoding 'sequential' in module 'picorv32'
INFO: [Synth 8-3971] The signal "xpm_memory_base:/gen_wr_b.gen_byte_narrow.for_mem_cols[1].mem_reg" was recognized as a true dual port RAM template.
---------------------------------------------------------------------------------------------------
                   State |                     New Encoding |                Previous Encoding 
---------------------------------------------------------------------------------------------------
*
                    idle |                              001 |                              001
              sta_lcpu_1 |                              010 |                              010
              sta_lcpu_2 |                              100 |                              100
---------------------------------------------------------------------------------------------------
INFO: [Synth 8-3898] No Re-encoding of one hot register 'cur_state_reg' in module 'lcpu_merge'
---------------------------------------------------------------------------------------------------
                   State |                     New Encoding |                Previous Encoding 
---------------------------------------------------------------------------------------------------
*
                    idle |                              001 |                              001
               mdio_read |                              100 |                              100
              mdio_write |                              010 |                              010
---------------------------------------------------------------------------------------------------
INFO: [Synth 8-3898] No Re-encoding of one hot register 'cur_state_reg' in module 'mdio_ctrl'
---------------------------------------------------------------------------------
Finished RTL Optimization Phase 2 : Time (s): cpu = 00:00:12 ; elapsed = 00:00:12 . Memory (MB): peak = 2412.562 ; gain = 715.281 ; free physical = 1692 ; free virtual = 11244
---------------------------------------------------------------------------------
---------------------------------------------------------------------------------
Start RTL Component Statistics 
---------------------------------------------------------------------------------
Detailed RTL Component Info : 
+---Adders : 
	   2 Input   32 Bit       Adders := 7     
	   3 Input   32 Bit       Adders := 1     
	   2 Input   31 Bit       Adders := 3     
	   4 Input   30 Bit       Adders := 3     
	   2 Input   30 Bit       Adders := 1     
	   2 Input   16 Bit       Adders := 2     
	   3 Input   13 Bit       Adders := 2     
	   2 Input   12 Bit       Adders := 6     
	   2 Input    8 Bit       Adders := 2     
	   2 Input    7 Bit       Adders := 1     
	   2 Input    6 Bit       Adders := 1     
	   2 Input    5 Bit       Adders := 4     
	   2 Input    4 Bit       Adders := 13    
	   2 Input    3 Bit       Adders := 12    
	   2 Input    2 Bit       Adders := 6     
	   4 Input    1 Bit       Adders := 6     
	   8 Input    1 Bit       Adders := 6     
	  10 Input    1 Bit       Adders := 6     
	  14 Input    1 Bit       Adders := 2     
	  12 Input    1 Bit       Adders := 2     
	   9 Input    1 Bit       Adders := 14    
	  13 Input    1 Bit       Adders := 4     
	  11 Input    1 Bit       Adders := 2     
	   7 Input    1 Bit       Adders := 18    
	   5 Input    1 Bit       Adders := 20    
	   3 Input    1 Bit       Adders := 28    
	   2 Input    1 Bit       Adders := 2     
	   6 Input    1 Bit       Adders := 8     
+---XORs : 
	   2 Input     32 Bit         XORs := 1     
	   2 Input      1 Bit         XORs := 57    
+---Registers : 
	               36 Bit    Registers := 1     
	               32 Bit    Registers := 113   
	               31 Bit    Registers := 2     
	               30 Bit    Registers := 3     
	               26 Bit    Registers := 36    
	               16 Bit    Registers := 5     
	               13 Bit    Registers := 1     
	               12 Bit    Registers := 13    
	               10 Bit    Registers := 22    
	                9 Bit    Registers := 2     
	                8 Bit    Registers := 54    
	                7 Bit    Registers := 2     
	                6 Bit    Registers := 1     
	                5 Bit    Registers := 10    
	                4 Bit    Registers := 36    
	                3 Bit    Registers := 48    
	                2 Bit    Registers := 11    
	                1 Bit    Registers := 221   
+---RAMs : 
	              32K Bit	(4096 X 8 bit)          RAMs := 3     
	               8K Bit	(256 X 32 bit)          RAMs := 8     
	               72 Bit	(8 X 9 bit)          RAMs := 1     
	               36 Bit	(4 X 9 bit)          RAMs := 1     
+---Muxes : 
	   2 Input   32 Bit        Muxes := 170   
	   4 Input   32 Bit        Muxes := 11    
	   3 Input   32 Bit        Muxes := 4     
	   5 Input   32 Bit        Muxes := 1     
	   6 Input   32 Bit        Muxes := 1     
	   2 Input   30 Bit        Muxes := 3     
	   2 Input   16 Bit        Muxes := 3     
	   3 Input   16 Bit        Muxes := 1     
	   4 Input   10 Bit        Muxes := 1     
	   2 Input    8 Bit        Muxes := 24    
	   4 Input    8 Bit        Muxes := 1     
	   7 Input    8 Bit        Muxes := 1     
	   2 Input    6 Bit        Muxes := 1     
	   3 Input    5 Bit        Muxes := 2     
	   2 Input    5 Bit        Muxes := 19    
	   5 Input    5 Bit        Muxes := 4     
	   8 Input    5 Bit        Muxes := 2     
	   4 Input    5 Bit        Muxes := 3     
	   2 Input    4 Bit        Muxes := 9     
	  32 Input    4 Bit        Muxes := 1     
	   4 Input    4 Bit        Muxes := 4     
	   5 Input    4 Bit        Muxes := 1     
	   3 Input    4 Bit        Muxes := 1     
	   2 Input    3 Bit        Muxes := 18    
	   3 Input    3 Bit        Muxes := 1     
	   4 Input    3 Bit        Muxes := 3     
	   5 Input    3 Bit        Muxes := 1     
	   2 Input    2 Bit        Muxes := 12    
	   3 Input    2 Bit        Muxes := 1     
	   4 Input    2 Bit        Muxes := 1     
	   2 Input    1 Bit        Muxes := 231   
	   3 Input    1 Bit        Muxes := 24    
	   4 Input    1 Bit        Muxes := 31    
	   8 Input    1 Bit        Muxes := 5     
	   5 Input    1 Bit        Muxes := 5     
	   7 Input    1 Bit        Muxes := 3     
	   6 Input    1 Bit        Muxes := 1     
---------------------------------------------------------------------------------
Finished RTL Component Statistics 
---------------------------------------------------------------------------------
---------------------------------------------------------------------------------
Start Part Resource Summary
---------------------------------------------------------------------------------
Part Resources:
DSPs: 90 (col length:60)
BRAMs: 100 (col length: RAMB18 60 RAMB36 30)
---------------------------------------------------------------------------------
Finished Part Resource Summary
---------------------------------------------------------------------------------
---------------------------------------------------------------------------------
Start Cross Boundary and Area Optimization
---------------------------------------------------------------------------------
WARNING: [Synth 8-7080] Parallel synthesis criteria is not met
INFO: [Synth 8-3971] The signal "xpm_memory_tdpram:/xpm_memory_base_inst/gen_wr_a.gen_byte_narrow.for_mem_cols[1].mem_reg" was recognized as a true dual port RAM template.
---------------------------------------------------------------------------------
Finished Cross Boundary and Area Optimization : Time (s): cpu = 00:00:24 ; elapsed = 00:00:25 . Memory (MB): peak = 2412.562 ; gain = 715.281 ; free physical = 1668 ; free virtual = 11233
---------------------------------------------------------------------------------
---------------------------------------------------------------------------------
Start ROM, RAM, DSP, Shift Register and Retiming Reporting
---------------------------------------------------------------------------------

ROM: Preliminary Mapping Report
+------------+-------------------------+---------------+----------------+
|Module Name | RTL Object              | Depth x Width | Implemented As | 
+------------+-------------------------+---------------+----------------+
|mdio_ctrl   | mdio_out_en             | 256x1         | LUT            | 
|lcpu_mdio   | u_mdio_ctrl/mdio_out_en | 256x1         | LUT            | 
+------------+-------------------------+---------------+----------------+


Block RAM: Preliminary Mapping Report (see note below)
+----------------------------------------+-------------------------------------------------------------------------------------------------------------------------------------------------+------------------------+---+---+------------------------+---+---+------------------+--------+--------+
|Module Name                             | RTL Object                                                                                                                                      | PORT A (Depth x Width) | W | R | PORT B (Depth x Width) | W | R | Ports driving FF | RAMB18 | RAMB36 | 
+----------------------------------------+-------------------------------------------------------------------------------------------------------------------------------------------------+------------------------+---+---+------------------------+---+---+------------------+--------+--------+
|u_cpu_channel                           | u_package_fifo_cpu_rd/none_blk_mode.data_ram_dual.u_data_ram/gen_inferred_ram.gen_port_a_aligned.ram_reg                                        | 4 K x 8(NO_CHANGE)     | W |   | 4 K x 8(WRITE_FIRST)   |   | R | Port A and B     | 0      | 1      | 
|u_cpu_channel                           | u_package_fifo_cpu_wr/none_blk_mode.data_ram_dual.u_data_ram/gen_inferred_ram.gen_port_a_aligned.ram_reg                                        | 4 K x 8(NO_CHANGE)     | W |   | 4 K x 8(WRITE_FIRST)   |   | R | Port A and B     | 0      | 1      | 
|u_riscv                                 | lcpu_real.u_cpu/gen_uart.u_uart_lcpu_top/u_uart_lcpu/u_pkt_fifo/blk_mode.data_ram_single.u_data_ram/gen_inferred_ram.gen_port_a_aligned.ram_reg | 4096 x 8(READ_FIRST)   | W |   | 4096 x 8(WRITE_FIRST)  |   | R | Port A and B     | 1      | 0      | 
|xpm_memory_tdpram:/xpm_memory_base_inst | gen_wr_a.gen_byte_narrow.for_mem_cols[1].mem_reg                                                                                                | 256 x 32(READ_FIRST)   | W | R | 256 x 32(READ_FIRST)   | W | R | Port A and B     | 0      | 1      | 
|xpm_memory_tdpram:/xpm_memory_base_inst | gen_wr_a.gen_byte_narrow.for_mem_cols[1].mem_reg                                                                                                | 256 x 32(READ_FIRST)   | W | R | 256 x 32(READ_FIRST)   | W | R | Port A and B     | 0      | 1      | 
|xpm_memory_tdpram:/xpm_memory_base_inst | gen_wr_a.gen_byte_narrow.for_mem_cols[1].mem_reg                                                                                                | 256 x 32(READ_FIRST)   | W | R | 256 x 32(READ_FIRST)   | W | R | Port A and B     | 0      | 1      | 
|xpm_memory_tdpram:/xpm_memory_base_inst | gen_wr_a.gen_byte_narrow.for_mem_cols[1].mem_reg                                                                                                | 256 x 32(READ_FIRST)   | W | R | 256 x 32(READ_FIRST)   | W | R | Port A and B     | 0      | 1      | 
|xpm_memory_tdpram:/xpm_memory_base_inst | gen_wr_a.gen_byte_narrow.for_mem_cols[1].mem_reg                                                                                                | 256 x 32(READ_FIRST)   | W | R | 256 x 32(READ_FIRST)   | W | R | Port A and B     | 0      | 1      | 
|xpm_memory_tdpram:/xpm_memory_base_inst | gen_wr_a.gen_byte_narrow.for_mem_cols[1].mem_reg                                                                                                | 256 x 32(READ_FIRST)   | W | R | 256 x 32(READ_FIRST)   | W | R | Port A and B     | 0      | 1      | 
|xpm_memory_tdpram:/xpm_memory_base_inst | gen_wr_a.gen_byte_narrow.for_mem_cols[1].mem_reg                                                                                                | 256 x 32(READ_FIRST)   | W | R | 256 x 32(READ_FIRST)   | W | R | Port A and B     | 0      | 1      | 
|xpm_memory_tdpram:/xpm_memory_base_inst | gen_wr_a.gen_byte_narrow.for_mem_cols[1].mem_reg                                                                                                | 256 x 32(READ_FIRST)   | W | R | 256 x 32(READ_FIRST)   | W | R | Port A and B     | 0      | 1      | 
+----------------------------------------+-------------------------------------------------------------------------------------------------------------------------------------------------+------------------------+---+---+------------------------+---+---+------------------+--------+--------+

Note: The table above is a preliminary report that shows the Block RAMs at the current stage of the synthesis flow. Some Block RAMs may be reimplemented as non Block RAM primitives later in the synthesis flow. Multiple instantiated Block RAMs are reported only once. 

Distributed RAM: Preliminary Mapping Report (see note below)
+------------+----------------------------------------------------------------------------------------------------------------------+-----------+----------------------+-------------+
|Module Name | RTL Object                                                                                                           | Inference | Size (Depth x Width) | Primitives  | 
+------------+----------------------------------------------------------------------------------------------------------------------+-----------+----------------------+-------------+
|u_gmii2mac  | u_mac_top/u_mac_tx/u_fix_delay/delay_using_ram_generation.u_dly_data_buf/gen_inferred_ram.gen_port_a_nonbyte.ram_reg | Implied   | 4 x 9                | RAM32M x 2  | 
|u_gmii2mac  | u_eth_presemble/u_fix_delay/delay_using_ram_generation.u_dly_data_buf/gen_inferred_ram.gen_port_a_nonbyte.ram_reg    | Implied   | 8 x 9                | RAM32M x 2  | 
+------------+----------------------------------------------------------------------------------------------------------------------+-----------+----------------------+-------------+

Note: The table above is a preliminary report that shows the Distributed RAMs at the current stage of the synthesis flow. Some Distributed RAMs may be reimplemented as non Distributed RAM primitives later in the synthesis flow. Multiple instantiated RAMs are reported only once.
---------------------------------------------------------------------------------
Finished ROM, RAM, DSP, Shift Register and Retiming Reporting
---------------------------------------------------------------------------------
---------------------------------------------------------------------------------
Start Applying XDC Timing Constraints
---------------------------------------------------------------------------------
---------------------------------------------------------------------------------
Finished Applying XDC Timing Constraints : Time (s): cpu = 00:00:28 ; elapsed = 00:00:29 . Memory (MB): peak = 2412.562 ; gain = 715.281 ; free physical = 1665 ; free virtual = 11236
---------------------------------------------------------------------------------
---------------------------------------------------------------------------------
Start Timing Optimization
---------------------------------------------------------------------------------
---------------------------------------------------------------------------------
Finished Timing Optimization : Time (s): cpu = 00:00:29 ; elapsed = 00:00:30 . Memory (MB): peak = 2412.562 ; gain = 715.281 ; free physical = 1665 ; free virtual = 11236
---------------------------------------------------------------------------------
---------------------------------------------------------------------------------
Start ROM, RAM, DSP, Shift Register and Retiming Reporting
---------------------------------------------------------------------------------

Block RAM: Final Mapping Report
+----------------------------------------+-------------------------------------------------------------------------------------------------------------------------------------------------+------------------------+---+---+------------------------+---+---+------------------+--------+--------+
|Module Name                             | RTL Object                                                                                                                                      | PORT A (Depth x Width) | W | R | PORT B (Depth x Width) | W | R | Ports driving FF | RAMB18 | RAMB36 | 
+----------------------------------------+-------------------------------------------------------------------------------------------------------------------------------------------------+------------------------+---+---+------------------------+---+---+------------------+--------+--------+
|u_cpu_channel                           | u_package_fifo_cpu_rd/none_blk_mode.data_ram_dual.u_data_ram/gen_inferred_ram.gen_port_a_aligned.ram_reg                                        | 4 K x 8(NO_CHANGE)     | W |   | 4 K x 8(WRITE_FIRST)   |   | R | Port A and B     | 0      | 1      | 
|u_cpu_channel                           | u_package_fifo_cpu_wr/none_blk_mode.data_ram_dual.u_data_ram/gen_inferred_ram.gen_port_a_aligned.ram_reg                                        | 4 K x 8(NO_CHANGE)     | W |   | 4 K x 8(WRITE_FIRST)   |   | R | Port A and B     | 0      | 1      | 
|u_riscv                                 | lcpu_real.u_cpu/gen_uart.u_uart_lcpu_top/u_uart_lcpu/u_pkt_fifo/blk_mode.data_ram_single.u_data_ram/gen_inferred_ram.gen_port_a_aligned.ram_reg | 4096 x 8(READ_FIRST)   | W |   | 4096 x 8(WRITE_FIRST)  |   | R | Port A and B     | 1      | 0      | 
|xpm_memory_tdpram:/xpm_memory_base_inst | gen_wr_a.gen_byte_narrow.for_mem_cols[1].mem_reg                                                                                                | 256 x 32(READ_FIRST)   | W | R | 256 x 32(READ_FIRST)   | W | R | Port A and B     | 0      | 1      | 
|xpm_memory_tdpram:/xpm_memory_base_inst | gen_wr_a.gen_byte_narrow.for_mem_cols[1].mem_reg                                                                                                | 256 x 32(READ_FIRST)   | W | R | 256 x 32(READ_FIRST)   | W | R | Port A and B     | 0      | 1      | 
|xpm_memory_tdpram:/xpm_memory_base_inst | gen_wr_a.gen_byte_narrow.for_mem_cols[1].mem_reg                                                                                                | 256 x 32(READ_FIRST)   | W | R | 256 x 32(READ_FIRST)   | W | R | Port A and B     | 0      | 1      | 
|xpm_memory_tdpram:/xpm_memory_base_inst | gen_wr_a.gen_byte_narrow.for_mem_cols[1].mem_reg                                                                                                | 256 x 32(READ_FIRST)   | W | R | 256 x 32(READ_FIRST)   | W | R | Port A and B     | 0      | 1      | 
|xpm_memory_tdpram:/xpm_memory_base_inst | gen_wr_a.gen_byte_narrow.for_mem_cols[1].mem_reg                                                                                                | 256 x 32(READ_FIRST)   | W | R | 256 x 32(READ_FIRST)   | W | R | Port A and B     | 0      | 1      | 
|xpm_memory_tdpram:/xpm_memory_base_inst | gen_wr_a.gen_byte_narrow.for_mem_cols[1].mem_reg                                                                                                | 256 x 32(READ_FIRST)   | W | R | 256 x 32(READ_FIRST)   | W | R | Port A and B     | 0      | 1      | 
|xpm_memory_tdpram:/xpm_memory_base_inst | gen_wr_a.gen_byte_narrow.for_mem_cols[1].mem_reg                                                                                                | 256 x 32(READ_FIRST)   | W | R | 256 x 32(READ_FIRST)   | W | R | Port A and B     | 0      | 1      | 
|xpm_memory_tdpram:/xpm_memory_base_inst | gen_wr_a.gen_byte_narrow.for_mem_cols[1].mem_reg                                                                                                | 256 x 32(READ_FIRST)   | W | R | 256 x 32(READ_FIRST)   | W | R | Port A and B     | 0      | 1      | 
+----------------------------------------+-------------------------------------------------------------------------------------------------------------------------------------------------+------------------------+---+---+------------------------+---+---+------------------+--------+--------+


Distributed RAM: Final Mapping Report
+------------+----------------------------------------------------------------------------------------------------------------------+-----------+----------------------+-------------+
|Module Name | RTL Object                                                                                                           | Inference | Size (Depth x Width) | Primitives  | 
+------------+----------------------------------------------------------------------------------------------------------------------+-----------+----------------------+-------------+
|u_gmii2mac  | u_mac_top/u_mac_tx/u_fix_delay/delay_using_ram_generation.u_dly_data_buf/gen_inferred_ram.gen_port_a_nonbyte.ram_reg | Implied   | 4 x 9                | RAM32M x 2  | 
|u_gmii2mac  | u_eth_presemble/u_fix_delay/delay_using_ram_generation.u_dly_data_buf/gen_inferred_ram.gen_port_a_nonbyte.ram_reg    | Implied   | 8 x 9                | RAM32M x 2  | 
+------------+----------------------------------------------------------------------------------------------------------------------+-----------+----------------------+-------------+

---------------------------------------------------------------------------------
Finished ROM, RAM, DSP, Shift Register and Retiming Reporting
---------------------------------------------------------------------------------
---------------------------------------------------------------------------------
Start Technology Mapping
---------------------------------------------------------------------------------
INFO: [Synth 8-7052] The timing for the instance u_riscv/riscv_cpu_generation.u_riscv_cpu/u_instru_ram/gen_xilinx_xpm_tdpram.xpm_bank[0].u_xpm_memory_tdpram_bank/xpm_memory_base_inst/gen_wr_a.gen_byte_narrow.for_mem_cols[1].mem_reg (implemented as a Block RAM) might be sub-optimal as no optional output register could be merged into the ram block. Providing additional output register may help in improving timing.
INFO: [Synth 8-7052] The timing for the instance u_riscv/riscv_cpu_generation.u_riscv_cpu/u_instru_ram/gen_xilinx_xpm_tdpram.xpm_bank[0].u_xpm_memory_tdpram_bank/xpm_memory_base_inst/gen_wr_a.gen_byte_narrow.for_mem_cols[1].mem_reg (implemented as a Block RAM) might be sub-optimal as no optional output register could be merged into the ram block. Providing additional output register may help in improving timing.
INFO: [Synth 8-7052] The timing for the instance u_riscv/riscv_cpu_generation.u_riscv_cpu/u_instru_ram/gen_xilinx_xpm_tdpram.xpm_bank[1].u_xpm_memory_tdpram_bank/xpm_memory_base_inst/gen_wr_a.gen_byte_narrow.for_mem_cols[1].mem_reg (implemented as a Block RAM) might be sub-optimal as no optional output register could be merged into the ram block. Providing additional output register may help in improving timing.
INFO: [Synth 8-7052] The timing for the instance u_riscv/riscv_cpu_generation.u_riscv_cpu/u_instru_ram/gen_xilinx_xpm_tdpram.xpm_bank[1].u_xpm_memory_tdpram_bank/xpm_memory_base_inst/gen_wr_a.gen_byte_narrow.for_mem_cols[1].mem_reg (implemented as a Block RAM) might be sub-optimal as no optional output register could be merged into the ram block. Providing additional output register may help in improving timing.
INFO: [Synth 8-7052] The timing for the instance u_riscv/riscv_cpu_generation.u_riscv_cpu/u_instru_ram/gen_xilinx_xpm_tdpram.xpm_bank[2].u_xpm_memory_tdpram_bank/xpm_memory_base_inst/gen_wr_a.gen_byte_narrow.for_mem_cols[1].mem_reg (implemented as a Block RAM) might be sub-optimal as no optional output register could be merged into the ram block. Providing additional output register may help in improving timing.
INFO: [Synth 8-7052] The timing for the instance u_riscv/riscv_cpu_generation.u_riscv_cpu/u_instru_ram/gen_xilinx_xpm_tdpram.xpm_bank[2].u_xpm_memory_tdpram_bank/xpm_memory_base_inst/gen_wr_a.gen_byte_narrow.for_mem_cols[1].mem_reg (implemented as a Block RAM) might be sub-optimal as no optional output register could be merged into the ram block. Providing additional output register may help in improving timing.
INFO: [Synth 8-7052] The timing for the instance u_riscv/riscv_cpu_generation.u_riscv_cpu/u_instru_ram/gen_xilinx_xpm_tdpram.xpm_bank[3].u_xpm_memory_tdpram_bank/xpm_memory_base_inst/gen_wr_a.gen_byte_narrow.for_mem_cols[1].mem_reg (implemented as a Block RAM) might be sub-optimal as no optional output register could be merged into the ram block. Providing additional output register may help in improving timing.
INFO: [Synth 8-7052] The timing for the instance u_riscv/riscv_cpu_generation.u_riscv_cpu/u_instru_ram/gen_xilinx_xpm_tdpram.xpm_bank[3].u_xpm_memory_tdpram_bank/xpm_memory_base_inst/gen_wr_a.gen_byte_narrow.for_mem_cols[1].mem_reg (implemented as a Block RAM) might be sub-optimal as no optional output register could be merged into the ram block. Providing additional output register may help in improving timing.
INFO: [Synth 8-7052] The timing for the instance u_riscv/riscv_cpu_generation.u_riscv_cpu/u_instru_ram/gen_xilinx_xpm_tdpram.xpm_bank[4].u_xpm_memory_tdpram_bank/xpm_memory_base_inst/gen_wr_a.gen_byte_narrow.for_mem_cols[1].mem_reg (implemented as a Block RAM) might be sub-optimal as no optional output register could be merged into the ram block. Providing additional output register may help in improving timing.
INFO: [Synth 8-7052] The timing for the instance u_riscv/riscv_cpu_generation.u_riscv_cpu/u_instru_ram/gen_xilinx_xpm_tdpram.xpm_bank[4].u_xpm_memory_tdpram_bank/xpm_memory_base_inst/gen_wr_a.gen_byte_narrow.for_mem_cols[1].mem_reg (implemented as a Block RAM) might be sub-optimal as no optional output register could be merged into the ram block. Providing additional output register may help in improving timing.
INFO: [Synth 8-7052] The timing for the instance u_riscv/riscv_cpu_generation.u_riscv_cpu/u_instru_ram/gen_xilinx_xpm_tdpram.xpm_bank[5].u_xpm_memory_tdpram_bank/xpm_memory_base_inst/gen_wr_a.gen_byte_narrow.for_mem_cols[1].mem_reg (implemented as a Block RAM) might be sub-optimal as no optional output register could be merged into the ram block. Providing additional output register may help in improving timing.
INFO: [Synth 8-7052] The timing for the instance u_riscv/riscv_cpu_generation.u_riscv_cpu/u_instru_ram/gen_xilinx_xpm_tdpram.xpm_bank[5].u_xpm_memory_tdpram_bank/xpm_memory_base_inst/gen_wr_a.gen_byte_narrow.for_mem_cols[1].mem_reg (implemented as a Block RAM) might be sub-optimal as no optional output register could be merged into the ram block. Providing additional output register may help in improving timing.
INFO: [Synth 8-7052] The timing for the instance u_riscv/riscv_cpu_generation.u_riscv_cpu/u_instru_ram/gen_xilinx_xpm_tdpram.xpm_bank[6].u_xpm_memory_tdpram_bank/xpm_memory_base_inst/gen_wr_a.gen_byte_narrow.for_mem_cols[1].mem_reg (implemented as a Block RAM) might be sub-optimal as no optional output register could be merged into the ram block. Providing additional output register may help in improving timing.
INFO: [Synth 8-7052] The timing for the instance u_riscv/riscv_cpu_generation.u_riscv_cpu/u_instru_ram/gen_xilinx_xpm_tdpram.xpm_bank[6].u_xpm_memory_tdpram_bank/xpm_memory_base_inst/gen_wr_a.gen_byte_narrow.for_mem_cols[1].mem_reg (implemented as a Block RAM) might be sub-optimal as no optional output register could be merged into the ram block. Providing additional output register may help in improving timing.
INFO: [Synth 8-7052] The timing for the instance u_riscv/riscv_cpu_generation.u_riscv_cpu/u_instru_ram/gen_xilinx_xpm_tdpram.xpm_bank[7].u_xpm_memory_tdpram_bank/xpm_memory_base_inst/gen_wr_a.gen_byte_narrow.for_mem_cols[1].mem_reg (implemented as a Block RAM) might be sub-optimal as no optional output register could be merged into the ram block. Providing additional output register may help in improving timing.
INFO: [Synth 8-7052] The timing for the instance u_riscv/riscv_cpu_generation.u_riscv_cpu/u_instru_ram/gen_xilinx_xpm_tdpram.xpm_bank[7].u_xpm_memory_tdpram_bank/xpm_memory_base_inst/gen_wr_a.gen_byte_narrow.for_mem_cols[1].mem_reg (implemented as a Block RAM) might be sub-optimal as no optional output register could be merged into the ram block. Providing additional output register may help in improving timing.
INFO: [Synth 8-7052] The timing for the instance u_cpu_channel/u_package_fifo_cpu_rd/none_blk_mode.data_ram_dual.u_data_ram/gen_inferred_ram.gen_port_a_aligned.ram_reg (implemented as a Block RAM) might be sub-optimal as no optional output register could be merged into the ram block. Providing additional output register may help in improving timing.
INFO: [Synth 8-7052] The timing for the instance u_cpu_channel/u_package_fifo_cpu_wr/none_blk_mode.data_ram_dual.u_data_ram/gen_inferred_ram.gen_port_a_aligned.ram_reg (implemented as a Block RAM) might be sub-optimal as no optional output register could be merged into the ram block. Providing additional output register may help in improving timing.
INFO: [Synth 8-7052] The timing for the instance u_riscv/lcpu_real.u_cpu/gen_uart.u_uart_lcpu_top/u_uart_lcpu/u_pkt_fifo/blk_mode.data_ram_single.u_data_ram/gen_inferred_ram.gen_port_a_aligned.ram_reg (implemented as a Block RAM) might be sub-optimal as no optional output register could be merged into the ram block. Providing additional output register may help in improving timing.
---------------------------------------------------------------------------------
Finished Technology Mapping : Time (s): cpu = 00:00:31 ; elapsed = 00:00:32 . Memory (MB): peak = 2412.562 ; gain = 715.281 ; free physical = 1664 ; free virtual = 11235
---------------------------------------------------------------------------------
---------------------------------------------------------------------------------
Start IO Insertion
---------------------------------------------------------------------------------
---------------------------------------------------------------------------------
Start Flattening Before IO Insertion
---------------------------------------------------------------------------------
---------------------------------------------------------------------------------
Finished Flattening Before IO Insertion
---------------------------------------------------------------------------------
---------------------------------------------------------------------------------
Start Final Netlist Cleanup
---------------------------------------------------------------------------------
---------------------------------------------------------------------------------
Finished Final Netlist Cleanup
---------------------------------------------------------------------------------
---------------------------------------------------------------------------------
Finished IO Insertion : Time (s): cpu = 00:00:34 ; elapsed = 00:00:35 . Memory (MB): peak = 2412.562 ; gain = 715.281 ; free physical = 1681 ; free virtual = 11253
---------------------------------------------------------------------------------
---------------------------------------------------------------------------------
Start Renaming Generated Instances
---------------------------------------------------------------------------------
---------------------------------------------------------------------------------
Finished Renaming Generated Instances : Time (s): cpu = 00:00:34 ; elapsed = 00:00:35 . Memory (MB): peak = 2412.562 ; gain = 715.281 ; free physical = 1681 ; free virtual = 11253
---------------------------------------------------------------------------------
---------------------------------------------------------------------------------
Start Rebuilding User Hierarchy
---------------------------------------------------------------------------------
---------------------------------------------------------------------------------
Finished Rebuilding User Hierarchy : Time (s): cpu = 00:00:34 ; elapsed = 00:00:35 . Memory (MB): peak = 2412.562 ; gain = 715.281 ; free physical = 1680 ; free virtual = 11251
---------------------------------------------------------------------------------
---------------------------------------------------------------------------------
Start Renaming Generated Ports
---------------------------------------------------------------------------------
---------------------------------------------------------------------------------
Finished Renaming Generated Ports : Time (s): cpu = 00:00:34 ; elapsed = 00:00:35 . Memory (MB): peak = 2412.562 ; gain = 715.281 ; free physical = 1680 ; free virtual = 11251
---------------------------------------------------------------------------------
---------------------------------------------------------------------------------
Start Handling Custom Attributes
---------------------------------------------------------------------------------
---------------------------------------------------------------------------------
Finished Handling Custom Attributes : Time (s): cpu = 00:00:34 ; elapsed = 00:00:35 . Memory (MB): peak = 2412.562 ; gain = 715.281 ; free physical = 1680 ; free virtual = 11251
---------------------------------------------------------------------------------
---------------------------------------------------------------------------------
Start Renaming Generated Nets
---------------------------------------------------------------------------------
---------------------------------------------------------------------------------
Finished Renaming Generated Nets : Time (s): cpu = 00:00:34 ; elapsed = 00:00:35 . Memory (MB): peak = 2412.562 ; gain = 715.281 ; free physical = 1680 ; free virtual = 11251
---------------------------------------------------------------------------------
---------------------------------------------------------------------------------
Start ROM, RAM, DSP, Shift Register and Retiming Reporting
---------------------------------------------------------------------------------

Static Shift Register Report:
+------------------+-----------------------------------------------------------------------+--------+-------+--------------+--------------------+-------------------+--------+---------+
|Module Name       | RTL Name                                                              | Length | Width | Reset Signal | Pull out first Reg | Pull out last Reg | SRL16E | SRLC32E | 
+------------------+-----------------------------------------------------------------------+--------+-------+--------------+--------------------+-------------------+--------+---------+
|webserver_cpu_top | u_cpu_channel/u_package_fifo_cpu_rd/none_blk_mode.ram_data_a_r_reg[7] | 5      | 8     | YES          | NO                 | YES               | 8      | 0       | 
+------------------+-----------------------------------------------------------------------+--------+-------+--------------+--------------------+-------------------+--------+---------+

---------------------------------------------------------------------------------
Finished ROM, RAM, DSP, Shift Register and Retiming Reporting
---------------------------------------------------------------------------------
---------------------------------------------------------------------------------
Start Writing Synthesis Report
---------------------------------------------------------------------------------

Report BlackBoxes: 
+-+--------------+----------+
| |BlackBox name |Instances |
+-+--------------+----------+
+-+--------------+----------+

Report Cell Usage: 
+------+------------+------+
|      |Cell        |Count |
+------+------------+------+
|1     |BUFG        |     8|
|2     |CARRY4      |   203|
|3     |IDDR        |     5|
|4     |IDELAYCTRL  |     1|
|5     |IDELAYE2    |     5|
|6     |LUT1        |   104|
|7     |LUT2        |   498|
|8     |LUT3        |   374|
|9     |LUT4        |   580|
|10    |LUT5        |   593|
|11    |LUT6        |  2037|
|12    |MMCME2_BASE |     1|
|13    |MUXF7       |   314|
|14    |MUXF8       |    48|
|15    |ODDR        |     6|
|16    |RAM32M      |     4|
|17    |RAMB18E1    |     1|
|18    |RAMB36E1    |    10|
|20    |SRL16E      |     8|
|21    |FDCE        |  2436|
|22    |FDPE        |    21|
|23    |FDRE        |  2839|
|24    |FDSE        |    30|
|25    |IBUF        |     9|
|26    |IOBUF       |     1|
|27    |OBUF        |    13|
+------+------------+------+
---------------------------------------------------------------------------------
Finished Writing Synthesis Report : Time (s): cpu = 00:00:35 ; elapsed = 00:00:35 . Memory (MB): peak = 2412.562 ; gain = 715.281 ; free physical = 1680 ; free virtual = 11251
---------------------------------------------------------------------------------
Synthesis finished with 0 errors, 0 critical warnings and 81 warnings.
Synthesis Optimization Runtime : Time (s): cpu = 00:00:32 ; elapsed = 00:00:33 . Memory (MB): peak = 2412.562 ; gain = 575.500 ; free physical = 1680 ; free virtual = 11252
Synthesis Optimization Complete : Time (s): cpu = 00:00:35 ; elapsed = 00:00:36 . Memory (MB): peak = 2412.570 ; gain = 715.281 ; free physical = 1680 ; free virtual = 11252
INFO: [Project 1-571] Translating synthesized netlist
Netlist sorting complete. Time (s): cpu = 00:00:00.06 ; elapsed = 00:00:00.06 . Memory (MB): peak = 2412.570 ; gain = 0.000 ; free physical = 1970 ; free virtual = 11545
INFO: [Netlist 29-17] Analyzing 598 Unisim elements for replacement
INFO: [Netlist 29-28] Unisim Transformation completed in 0 CPU seconds
INFO: [Project 1-570] Preparing netlist for logic optimization
INFO: [Opt 31-138] Pushed 0 inverter(s) to 0 load pin(s).
Netlist sorting complete. Time (s): cpu = 00:00:00 ; elapsed = 00:00:00 . Memory (MB): peak = 2468.590 ; gain = 0.000 ; free physical = 1970 ; free virtual = 11546
INFO: [Project 1-111] Unisim Transformation Summary:
  A total of 6 instances were transformed.
  IOBUF => IOBUF (IBUF, OBUFT): 1 instance 
  MMCME2_BASE => MMCME2_ADV: 1 instance 
  RAM32M => RAM32M (RAMD32(x6), RAMS32(x2)): 4 instances

Synth Design complete | Checksum: 1258a6
INFO: [Common 17-83] Releasing license: Synthesis
195 Infos, 256 Warnings, 11 Critical Warnings and 0 Errors encountered.
synth_design completed successfully
synth_design: Time (s): cpu = 00:00:41 ; elapsed = 00:00:40 . Memory (MB): peak = 2468.590 ; gain = 1054.410 ; free physical = 1970 ; free virtual = 11545
INFO: [Common 17-2834] synth_design peak Physical Memory [PSS] (MB): overall = 1955.964; main = 1619.562; forked = 390.604
INFO: [Common 17-2834] synth_design peak Virtual Memory [VSS] (MB): overall = 3445.926; main = 2468.594; forked = 1033.359
INFO: [runtcl-6] Synthesis results are not added to the cache due to CRITICAL_WARNING
Write ShapeDB Complete: Time (s): cpu = 00:00:00.02 ; elapsed = 00:00:00 . Memory (MB): peak = 2492.602 ; gain = 0.000 ; free physical = 1969 ; free virtual = 11546
INFO: [Common 17-1381] The checkpoint '/home/minkey/work/RiscV_WebSoC_v1/RiscV_WebSoC/build_RiscV_WebSoC_v0002_20260729_153011/RiscV_WebSoC_v0002_20260729_153011.runs/synth_1/webserver_cpu_top.dcp' has been generated.
INFO: [Vivado 12-24828] Executing command : report_utilization -file webserver_cpu_top_utilization_synth.rpt -pb webserver_cpu_top_utilization_synth.pb
INFO: [Common 17-206] Exiting Vivado at Wed Jul 29 15:31:11 2026...
[Wed Jul 29 15:31:11 2026] synth_1 finished
wait_on_runs: Time (s): cpu = 00:00:50 ; elapsed = 00:00:49 . Memory (MB): peak = 1373.508 ; gain = 0.000 ; free physical = 3322 ; free virtual = 12886
# puts "Running Implementation..."
Running Implementation...
# launch_runs impl_1 -to_step write_bitstream -jobs 8
[Wed Jul 29 15:31:11 2026] Launched impl_1...
Run output will be captured here: /home/minkey/work/RiscV_WebSoC_v1/RiscV_WebSoC/build_RiscV_WebSoC_v0002_20260729_153011/RiscV_WebSoC_v0002_20260729_153011.runs/impl_1/runme.log
# wait_on_run impl_1
[Wed Jul 29 15:31:11 2026] Waiting for impl_1 to finish...

*** Running vivado
    with args -log webserver_cpu_top.vdi -applog -m64 -product Vivado -messageDb vivado.pb -mode batch -source webserver_cpu_top.tcl -notrace


****** Vivado v2024.1 (64-bit)
  **** SW Build 5076996 on Wed May 22 18:36:09 MDT 2024
  **** IP Build 5075265 on Wed May 22 21:45:21 MDT 2024
  **** SharedData Build 5076995 on Wed May 22 18:29:18 MDT 2024
  **** Start of session at: Wed Jul 29 15:31:13 2026
    ** Copyright 1986-2022 Xilinx, Inc. All Rights Reserved.
    ** Copyright 2022-2024 Advanced Micro Devices, Inc. All Rights Reserved.

source webserver_cpu_top.tcl -notrace
Command: link_design -top webserver_cpu_top -part xc7a35tfgg484-2
Design is defaulting to srcset: sources_1
Design is defaulting to constrset: constrs_1
INFO: [Device 21-403] Loading part xc7a35tfgg484-2
INFO: [Device 21-9227] Part: xc7a35tfgg484-2 does not have CEAM library.
Netlist sorting complete. Time (s): cpu = 00:00:00.04 ; elapsed = 00:00:00.04 . Memory (MB): peak = 1700.254 ; gain = 0.000 ; free physical = 2566 ; free virtual = 12131
INFO: [Netlist 29-17] Analyzing 598 Unisim elements for replacement
INFO: [Netlist 29-28] Unisim Transformation completed in 0 CPU seconds
INFO: [Project 1-479] Netlist was created with Vivado 2024.1
INFO: [Project 1-570] Preparing netlist for logic optimization
Parsing XDC File [/home/minkey/work/RiscV_WebSoC_v1/RiscV_WebSoC/build_RiscV_WebSoC_v0002_20260729_153011/pins.xdc]
Finished Parsing XDC File [/home/minkey/work/RiscV_WebSoC_v1/RiscV_WebSoC/build_RiscV_WebSoC_v0002_20260729_153011/pins.xdc]
Parsing XDC File [/home/minkey/work/RiscV_WebSoC_v1/RiscV_WebSoC/build_RiscV_WebSoC_v0002_20260729_153011/timing.xdc]
WARNING: [Vivado 12-508] No pins matched 'u_pll/u_mmcm/CLKIN1'. [/home/minkey/work/RiscV_WebSoC_v1/RiscV_WebSoC/build_RiscV_WebSoC_v0002_20260729_153011/timing.xdc:19]
WARNING: [Vivado 12-508] No pins matched 'u_pll/u_bufg_125/O'. [/home/minkey/work/RiscV_WebSoC_v1/RiscV_WebSoC/build_RiscV_WebSoC_v0002_20260729_153011/timing.xdc:19]
CRITICAL WARNING: [Vivado 12-4739] create_generated_clock:No valid object(s) found for '-source [get_pins u_pll/u_mmcm/CLKIN1]'. [/home/minkey/work/RiscV_WebSoC_v1/RiscV_WebSoC/build_RiscV_WebSoC_v0002_20260729_153011/timing.xdc:19]
Resolution: Check if the specified object(s) exists in the current design. If it does, ensure that the correct design hierarchy was specified for the object. If you are working with clocks, make sure create_clock was used to create the clock object before it is referenced.
WARNING: [Vivado 12-508] No pins matched 'u_pll/u_mmcm/CLKIN1'. [/home/minkey/work/RiscV_WebSoC_v1/RiscV_WebSoC/build_RiscV_WebSoC_v0002_20260729_153011/timing.xdc:25]
WARNING: [Vivado 12-508] No pins matched 'u_pll/u_bufg_200/O'. [/home/minkey/work/RiscV_WebSoC_v1/RiscV_WebSoC/build_RiscV_WebSoC_v0002_20260729_153011/timing.xdc:25]
CRITICAL WARNING: [Vivado 12-4739] create_generated_clock:No valid object(s) found for '-source [get_pins u_pll/u_mmcm/CLKIN1]'. [/home/minkey/work/RiscV_WebSoC_v1/RiscV_WebSoC/build_RiscV_WebSoC_v0002_20260729_153011/timing.xdc:25]
Resolution: Check if the specified object(s) exists in the current design. If it does, ensure that the correct design hierarchy was specified for the object. If you are working with clocks, make sure create_clock was used to create the clock object before it is referenced.
WARNING: [Vivado 12-508] No pins matched 'u_pll/u_mmcm/CLKIN1'. [/home/minkey/work/RiscV_WebSoC_v1/RiscV_WebSoC/build_RiscV_WebSoC_v0002_20260729_153011/timing.xdc:31]
WARNING: [Vivado 12-508] No pins matched 'u_pll/u_bufg_125_tx/O'. [/home/minkey/work/RiscV_WebSoC_v1/RiscV_WebSoC/build_RiscV_WebSoC_v0002_20260729_153011/timing.xdc:31]
CRITICAL WARNING: [Vivado 12-4739] create_generated_clock:No valid object(s) found for '-source [get_pins u_pll/u_mmcm/CLKIN1]'. [/home/minkey/work/RiscV_WebSoC_v1/RiscV_WebSoC/build_RiscV_WebSoC_v0002_20260729_153011/timing.xdc:31]
Resolution: Check if the specified object(s) exists in the current design. If it does, ensure that the correct design hierarchy was specified for the object. If you are working with clocks, make sure create_clock was used to create the clock object before it is referenced.
WARNING: [Vivado 12-508] No pins matched 'u_pll/u_mmcm/CLKIN1'. [/home/minkey/work/RiscV_WebSoC_v1/RiscV_WebSoC/build_RiscV_WebSoC_v0002_20260729_153011/timing.xdc:37]
WARNING: [Vivado 12-508] No pins matched 'u_pll/u_bufg_50_cpu/O'. [/home/minkey/work/RiscV_WebSoC_v1/RiscV_WebSoC/build_RiscV_WebSoC_v0002_20260729_153011/timing.xdc:37]
CRITICAL WARNING: [Vivado 12-4739] create_generated_clock:No valid object(s) found for '-source [get_pins u_pll/u_mmcm/CLKIN1]'. [/home/minkey/work/RiscV_WebSoC_v1/RiscV_WebSoC/build_RiscV_WebSoC_v0002_20260729_153011/timing.xdc:37]
Resolution: Check if the specified object(s) exists in the current design. If it does, ensure that the correct design hierarchy was specified for the object. If you are working with clocks, make sure create_clock was used to create the clock object before it is referenced.
INFO: [Timing 38-35] Done setting XDC timing constraints. [/home/minkey/work/RiscV_WebSoC_v1/RiscV_WebSoC/build_RiscV_WebSoC_v0002_20260729_153011/timing.xdc:62]
INFO: [Timing 38-2] Deriving generated clocks [/home/minkey/work/RiscV_WebSoC_v1/RiscV_WebSoC/build_RiscV_WebSoC_v0002_20260729_153011/timing.xdc:62]
WARNING: [Vivado 12-627] No clocks matched 'clk_125m_tx'. [/home/minkey/work/RiscV_WebSoC_v1/RiscV_WebSoC/build_RiscV_WebSoC_v0002_20260729_153011/timing.xdc:62]
INFO: [Vivado 12-626] No clocks found. Please use 'create_clock' or 'create_generated_clock' command to create clocks. [/home/minkey/work/RiscV_WebSoC_v1/RiscV_WebSoC/build_RiscV_WebSoC_v0002_20260729_153011/timing.xdc:62]
CRITICAL WARNING: [Vivado 12-4739] set_output_delay:No valid object(s) found for '-clock [get_clocks clk_125m_tx]'. [/home/minkey/work/RiscV_WebSoC_v1/RiscV_WebSoC/build_RiscV_WebSoC_v0002_20260729_153011/timing.xdc:62]
Resolution: Check if the specified object(s) exists in the current design. If it does, ensure that the correct design hierarchy was specified for the object. If you are working with clocks, make sure create_clock was used to create the clock object before it is referenced.
WARNING: [Vivado 12-627] No clocks matched 'clk_125m_tx'. [/home/minkey/work/RiscV_WebSoC_v1/RiscV_WebSoC/build_RiscV_WebSoC_v0002_20260729_153011/timing.xdc:64]
INFO: [Vivado 12-626] No clocks found. Please use 'create_clock' or 'create_generated_clock' command to create clocks. [/home/minkey/work/RiscV_WebSoC_v1/RiscV_WebSoC/build_RiscV_WebSoC_v0002_20260729_153011/timing.xdc:64]
CRITICAL WARNING: [Vivado 12-4739] set_output_delay:No valid object(s) found for '-clock [get_clocks clk_125m_tx]'. [/home/minkey/work/RiscV_WebSoC_v1/RiscV_WebSoC/build_RiscV_WebSoC_v0002_20260729_153011/timing.xdc:64]
Resolution: Check if the specified object(s) exists in the current design. If it does, ensure that the correct design hierarchy was specified for the object. If you are working with clocks, make sure create_clock was used to create the clock object before it is referenced.
WARNING: [Vivado 12-627] No clocks matched 'clk_125m_tx'. [/home/minkey/work/RiscV_WebSoC_v1/RiscV_WebSoC/build_RiscV_WebSoC_v0002_20260729_153011/timing.xdc:66]
INFO: [Vivado 12-626] No clocks found. Please use 'create_clock' or 'create_generated_clock' command to create clocks. [/home/minkey/work/RiscV_WebSoC_v1/RiscV_WebSoC/build_RiscV_WebSoC_v0002_20260729_153011/timing.xdc:66]
CRITICAL WARNING: [Vivado 12-4739] set_output_delay:No valid object(s) found for '-clock [get_clocks clk_125m_tx]'. [/home/minkey/work/RiscV_WebSoC_v1/RiscV_WebSoC/build_RiscV_WebSoC_v0002_20260729_153011/timing.xdc:66]
Resolution: Check if the specified object(s) exists in the current design. If it does, ensure that the correct design hierarchy was specified for the object. If you are working with clocks, make sure create_clock was used to create the clock object before it is referenced.
WARNING: [Vivado 12-627] No clocks matched 'clk_125m_tx'. [/home/minkey/work/RiscV_WebSoC_v1/RiscV_WebSoC/build_RiscV_WebSoC_v0002_20260729_153011/timing.xdc:69]
INFO: [Vivado 12-626] No clocks found. Please use 'create_clock' or 'create_generated_clock' command to create clocks. [/home/minkey/work/RiscV_WebSoC_v1/RiscV_WebSoC/build_RiscV_WebSoC_v0002_20260729_153011/timing.xdc:69]
CRITICAL WARNING: [Vivado 12-4739] set_output_delay:No valid object(s) found for '-clock [get_clocks clk_125m_tx]'. [/home/minkey/work/RiscV_WebSoC_v1/RiscV_WebSoC/build_RiscV_WebSoC_v0002_20260729_153011/timing.xdc:69]
Resolution: Check if the specified object(s) exists in the current design. If it does, ensure that the correct design hierarchy was specified for the object. If you are working with clocks, make sure create_clock was used to create the clock object before it is referenced.
WARNING: [Vivado 12-627] No clocks matched 'clk_125m_tx'. [/home/minkey/work/RiscV_WebSoC_v1/RiscV_WebSoC/build_RiscV_WebSoC_v0002_20260729_153011/timing.xdc:74]
INFO: [Vivado 12-626] No clocks found. Please use 'create_clock' or 'create_generated_clock' command to create clocks. [/home/minkey/work/RiscV_WebSoC_v1/RiscV_WebSoC/build_RiscV_WebSoC_v0002_20260729_153011/timing.xdc:74]
CRITICAL WARNING: [Vivado 12-4739] set_multicycle_path:No valid object(s) found for '-from [get_clocks clk_125m_tx]'. [/home/minkey/work/RiscV_WebSoC_v1/RiscV_WebSoC/build_RiscV_WebSoC_v0002_20260729_153011/timing.xdc:74]
Resolution: Check if the specified object(s) exists in the current design. If it does, ensure that the correct design hierarchy was specified for the object. If you are working with clocks, make sure create_clock was used to create the clock object before it is referenced.
WARNING: [Vivado 12-627] No clocks matched 'clk_125m_tx'. [/home/minkey/work/RiscV_WebSoC_v1/RiscV_WebSoC/build_RiscV_WebSoC_v0002_20260729_153011/timing.xdc:77]
INFO: [Vivado 12-626] No clocks found. Please use 'create_clock' or 'create_generated_clock' command to create clocks. [/home/minkey/work/RiscV_WebSoC_v1/RiscV_WebSoC/build_RiscV_WebSoC_v0002_20260729_153011/timing.xdc:77]
CRITICAL WARNING: [Vivado 12-4739] set_multicycle_path:No valid object(s) found for '-from [get_clocks clk_125m_tx]'. [/home/minkey/work/RiscV_WebSoC_v1/RiscV_WebSoC/build_RiscV_WebSoC_v0002_20260729_153011/timing.xdc:77]
Resolution: Check if the specified object(s) exists in the current design. If it does, ensure that the correct design hierarchy was specified for the object. If you are working with clocks, make sure create_clock was used to create the clock object before it is referenced.
WARNING: [Vivado 12-627] No clocks matched 'clk_125m'. [/home/minkey/work/RiscV_WebSoC_v1/RiscV_WebSoC/build_RiscV_WebSoC_v0002_20260729_153011/timing.xdc:84]
WARNING: [Vivado 12-627] No clocks matched 'clk_200m'. [/home/minkey/work/RiscV_WebSoC_v1/RiscV_WebSoC/build_RiscV_WebSoC_v0002_20260729_153011/timing.xdc:84]
WARNING: [Vivado 12-627] No clocks matched 'clk_125m_tx'. [/home/minkey/work/RiscV_WebSoC_v1/RiscV_WebSoC/build_RiscV_WebSoC_v0002_20260729_153011/timing.xdc:84]
WARNING: [Vivado 12-627] No clocks matched 'cpu_clk'. [/home/minkey/work/RiscV_WebSoC_v1/RiscV_WebSoC/build_RiscV_WebSoC_v0002_20260729_153011/timing.xdc:84]
INFO: [Vivado 12-626] No clocks found. Please use 'create_clock' or 'create_generated_clock' command to create clocks. [/home/minkey/work/RiscV_WebSoC_v1/RiscV_WebSoC/build_RiscV_WebSoC_v0002_20260729_153011/timing.xdc:84]
CRITICAL WARNING: [Vivado 12-4739] set_clock_groups:No valid object(s) found for '-group [get_clocks {clk_125m clk_200m clk_125m_tx cpu_clk}]'. [/home/minkey/work/RiscV_WebSoC_v1/RiscV_WebSoC/build_RiscV_WebSoC_v0002_20260729_153011/timing.xdc:84]
Resolution: Check if the specified object(s) exists in the current design. If it does, ensure that the correct design hierarchy was specified for the object. If you are working with clocks, make sure create_clock was used to create the clock object before it is referenced.
CRITICAL WARNING: [Vivado 12-4739] set_clock_groups:No valid object(s) found for '-group '. [/home/minkey/work/RiscV_WebSoC_v1/RiscV_WebSoC/build_RiscV_WebSoC_v0002_20260729_153011/timing.xdc:84]
Resolution: Check if the specified object(s) exists in the current design. If it does, ensure that the correct design hierarchy was specified for the object. If you are working with clocks, make sure create_clock was used to create the clock object before it is referenced.
Finished Parsing XDC File [/home/minkey/work/RiscV_WebSoC_v1/RiscV_WebSoC/build_RiscV_WebSoC_v0002_20260729_153011/timing.xdc]
INFO: [Project 1-1714] 8 XPM XDC files have been applied to the design.
INFO: [Opt 31-138] Pushed 0 inverter(s) to 0 load pin(s).
Netlist sorting complete. Time (s): cpu = 00:00:00 ; elapsed = 00:00:00 . Memory (MB): peak = 2454.484 ; gain = 0.000 ; free physical = 1995 ; free virtual = 11577
INFO: [Project 1-111] Unisim Transformation Summary:
  A total of 5 instances were transformed.
  IOBUF => IOBUF (IBUF, OBUFT): 1 instance 
  RAM32M => RAM32M (RAMD32(x6), RAMS32(x2)): 4 instances

18 Infos, 18 Warnings, 12 Critical Warnings and 0 Errors encountered.
link_design completed successfully
link_design: Time (s): cpu = 00:00:08 ; elapsed = 00:00:08 . Memory (MB): peak = 2454.484 ; gain = 1041.332 ; free physical = 1995 ; free virtual = 11577
Command: opt_design
Attempting to get a license for feature 'Implementation' and/or device 'xc7a35t'
INFO: [Common 17-349] Got license for feature 'Implementation' and/or device 'xc7a35t'
Running DRC as a precondition to command opt_design

Starting DRC Task
INFO: [DRC 23-27] Running DRC with 8 threads
INFO: [Project 1-461] DRC finished with 0 Errors
INFO: [Project 1-462] Please refer to the DRC report (report_drc) for more information.

Time (s): cpu = 00:00:01 ; elapsed = 00:00:00.6 . Memory (MB): peak = 2518.516 ; gain = 64.031 ; free physical = 1971 ; free virtual = 11554

Starting Cache Timing Information Task
INFO: [Timing 38-35] Done setting XDC timing constraints.
Ending Cache Timing Information Task | Checksum: 12180e8e7

Time (s): cpu = 00:00:00.27 ; elapsed = 00:00:00.1 . Memory (MB): peak = 2518.516 ; gain = 0.000 ; free physical = 1969 ; free virtual = 11552

Starting Logic Optimization Task

Phase 1 Initialization

Phase 1.1 Core Generation And Design Setup
Phase 1.1 Core Generation And Design Setup | Checksum: 12180e8e7

Time (s): cpu = 00:00:00 ; elapsed = 00:00:00 . Memory (MB): peak = 2759.398 ; gain = 0.000 ; free physical = 1665 ; free virtual = 11249

Phase 1.2 Setup Constraints And Sort Netlist
Phase 1.2 Setup Constraints And Sort Netlist | Checksum: 12180e8e7

Time (s): cpu = 00:00:00.01 ; elapsed = 00:00:00.01 . Memory (MB): peak = 2759.398 ; gain = 0.000 ; free physical = 1665 ; free virtual = 11249
Phase 1 Initialization | Checksum: 12180e8e7

Time (s): cpu = 00:00:00.01 ; elapsed = 00:00:00.01 . Memory (MB): peak = 2759.398 ; gain = 0.000 ; free physical = 1665 ; free virtual = 11249

Phase 2 Timer Update And Timing Data Collection

Phase 2.1 Timer Update
Phase 2.1 Timer Update | Checksum: 12180e8e7

Time (s): cpu = 00:00:00.25 ; elapsed = 00:00:00.07 . Memory (MB): peak = 2759.398 ; gain = 0.000 ; free physical = 1665 ; free virtual = 11248

Phase 2.2 Timing Data Collection
Phase 2.2 Timing Data Collection | Checksum: 12180e8e7

Time (s): cpu = 00:00:00.25 ; elapsed = 00:00:00.08 . Memory (MB): peak = 2759.398 ; gain = 0.000 ; free physical = 1665 ; free virtual = 11248
Phase 2 Timer Update And Timing Data Collection | Checksum: 12180e8e7

Time (s): cpu = 00:00:00.26 ; elapsed = 00:00:00.08 . Memory (MB): peak = 2759.398 ; gain = 0.000 ; free physical = 1665 ; free virtual = 11248

Phase 3 Retarget
INFO: [Opt 31-1834] Total Chains To Be Transformed Were: 0 AND Number of Transformed insts Created are: 0
INFO: [Opt 31-1566] Pulled 2 inverters resulting in an inversion of 77 pins
INFO: [Opt 31-138] Pushed 1 inverter(s) to 1 load pin(s).
INFO: [Opt 31-49] Retargeted 0 cell(s).
Phase 3 Retarget | Checksum: 1b26dbaf8

Time (s): cpu = 00:00:00.37 ; elapsed = 00:00:00.16 . Memory (MB): peak = 2759.398 ; gain = 0.000 ; free physical = 1665 ; free virtual = 11248
Retarget | Checksum: 1b26dbaf8
INFO: [Opt 31-389] Phase Retarget created 0 cells and removed 2 cells
INFO: [Opt 31-1021] In phase Retarget, 1 netlist objects are constrained preventing optimization. Please run opt_design with -debug_log to get more detail. 

Phase 4 Constant propagation
INFO: [Opt 31-138] Pushed 0 inverter(s) to 0 load pin(s).
Phase 4 Constant propagation | Checksum: 136db5937

Time (s): cpu = 00:00:00.41 ; elapsed = 00:00:00.2 . Memory (MB): peak = 2759.398 ; gain = 0.000 ; free physical = 1664 ; free virtual = 11248
Constant propagation | Checksum: 136db5937
INFO: [Opt 31-389] Phase Constant propagation created 0 cells and removed 0 cells

Phase 5 Sweep
Phase 5 Sweep | Checksum: 150826f27

Time (s): cpu = 00:00:00.47 ; elapsed = 00:00:00.26 . Memory (MB): peak = 2759.398 ; gain = 0.000 ; free physical = 1664 ; free virtual = 11248
Sweep | Checksum: 150826f27
INFO: [Opt 31-389] Phase Sweep created 4 cells and removed 0 cells

Phase 6 BUFG optimization
Phase 6 BUFG optimization | Checksum: 150826f27

Time (s): cpu = 00:00:00.53 ; elapsed = 00:00:00.3 . Memory (MB): peak = 2759.398 ; gain = 0.000 ; free physical = 1664 ; free virtual = 11248
BUFG optimization | Checksum: 150826f27
INFO: [Opt 31-662] Phase BUFG optimization created 0 cells of which 0 are BUFGs and removed 0 cells.

Phase 7 Shift Register Optimization
INFO: [Opt 31-1064] SRL Remap converted 0 SRLs to 0 registers and converted 0 registers of register chains to 0 SRLs
Phase 7 Shift Register Optimization | Checksum: 150826f27

Time (s): cpu = 00:00:00.54 ; elapsed = 00:00:00.3 . Memory (MB): peak = 2759.398 ; gain = 0.000 ; free physical = 1664 ; free virtual = 11248
Shift Register Optimization | Checksum: 150826f27
INFO: [Opt 31-389] Phase Shift Register Optimization created 0 cells and removed 0 cells

Phase 8 Post Processing Netlist
Phase 8 Post Processing Netlist | Checksum: 150826f27

Time (s): cpu = 00:00:00.56 ; elapsed = 00:00:00.33 . Memory (MB): peak = 2759.398 ; gain = 0.000 ; free physical = 1664 ; free virtual = 11248
Post Processing Netlist | Checksum: 150826f27
INFO: [Opt 31-389] Phase Post Processing Netlist created 0 cells and removed 0 cells

Phase 9 Finalization

Phase 9.1 Finalizing Design Cores and Updating Shapes
Phase 9.1 Finalizing Design Cores and Updating Shapes | Checksum: 21707ffa0

Time (s): cpu = 00:00:00.66 ; elapsed = 00:00:00.39 . Memory (MB): peak = 2759.398 ; gain = 0.000 ; free physical = 1664 ; free virtual = 11248

Phase 9.2 Verifying Netlist Connectivity

Starting Connectivity Check Task

Time (s): cpu = 00:00:00 ; elapsed = 00:00:00.01 . Memory (MB): peak = 2759.398 ; gain = 0.000 ; free physical = 1664 ; free virtual = 11248
Phase 9.2 Verifying Netlist Connectivity | Checksum: 21707ffa0

Time (s): cpu = 00:00:00.67 ; elapsed = 00:00:00.4 . Memory (MB): peak = 2759.398 ; gain = 0.000 ; free physical = 1664 ; free virtual = 11248
Phase 9 Finalization | Checksum: 21707ffa0

Time (s): cpu = 00:00:00.67 ; elapsed = 00:00:00.4 . Memory (MB): peak = 2759.398 ; gain = 0.000 ; free physical = 1664 ; free virtual = 11248
Opt_design Change Summary
=========================


-------------------------------------------------------------------------------------------------------------------------
|  Phase                        |  #Cells created  |  #Cells Removed  |  #Constrained objects preventing optimizations  |
-------------------------------------------------------------------------------------------------------------------------
|  Retarget                     |               0  |               2  |                                              1  |
|  Constant propagation         |               0  |               0  |                                              0  |
|  Sweep                        |               4  |               0  |                                              0  |
|  BUFG optimization            |               0  |               0  |                                              0  |
|  Shift Register Optimization  |               0  |               0  |                                              0  |
|  Post Processing Netlist      |               0  |               0  |                                              0  |
-------------------------------------------------------------------------------------------------------------------------


Ending Logic Optimization Task | Checksum: 21707ffa0

Time (s): cpu = 00:00:00.67 ; elapsed = 00:00:00.4 . Memory (MB): peak = 2759.398 ; gain = 0.000 ; free physical = 1664 ; free virtual = 11248

Starting Power Optimization Task
INFO: [Pwropt 34-132] Skipping clock gating for clocks with a period < 2.00 ns.
INFO: [Timing 38-35] Done setting XDC timing constraints.
Running Vector-less Activity Propagation...
INFO: [Pwropt 34-9] Applying IDT optimizations ...
INFO: [Pwropt 34-10] Applying ODC optimizations ...

Finished Running Vector-less Activity Propagation


Starting PowerOpt Patch Enables Task
INFO: [Pwropt 34-162] WRITE_MODE attribute of 0 BRAM(s) out of a total of 11 has been updated to save power. Run report_power_opt to get a complete listing of the BRAMs updated.
INFO: [Pwropt 34-201] Structural ODC has moved 0 WE to EN ports
Number of BRAM Ports augmented: 0 newly gated: 9 Total Ports: 22
Ending PowerOpt Patch Enables Task | Checksum: 234ad1ddd

Time (s): cpu = 00:00:00.09 ; elapsed = 00:00:00.05 . Memory (MB): peak = 3081.391 ; gain = 0.000 ; free physical = 1475 ; free virtual = 11064
Ending Power Optimization Task | Checksum: 234ad1ddd

Time (s): cpu = 00:00:05 ; elapsed = 00:00:04 . Memory (MB): peak = 3081.391 ; gain = 321.992 ; free physical = 1475 ; free virtual = 11064

Starting Final Cleanup Task
Ending Final Cleanup Task | Checksum: 234ad1ddd

Time (s): cpu = 00:00:00 ; elapsed = 00:00:00 . Memory (MB): peak = 3081.391 ; gain = 0.000 ; free physical = 1475 ; free virtual = 11064

Starting Netlist Obfuscation Task
Netlist sorting complete. Time (s): cpu = 00:00:00.01 ; elapsed = 00:00:00.01 . Memory (MB): peak = 3081.391 ; gain = 0.000 ; free physical = 1475 ; free virtual = 11064
Ending Netlist Obfuscation Task | Checksum: 20e7abd8b

Time (s): cpu = 00:00:00.01 ; elapsed = 00:00:00.01 . Memory (MB): peak = 3081.391 ; gain = 0.000 ; free physical = 1475 ; free virtual = 11064
INFO: [Common 17-83] Releasing license: Implementation
43 Infos, 18 Warnings, 12 Critical Warnings and 0 Errors encountered.
opt_design completed successfully
opt_design: Time (s): cpu = 00:00:08 ; elapsed = 00:00:06 . Memory (MB): peak = 3081.391 ; gain = 626.906 ; free physical = 1475 ; free virtual = 11064
INFO: [Vivado 12-24828] Executing command : report_drc -file webserver_cpu_top_drc_opted.rpt -pb webserver_cpu_top_drc_opted.pb -rpx webserver_cpu_top_drc_opted.rpx
Command: report_drc -file webserver_cpu_top_drc_opted.rpt -pb webserver_cpu_top_drc_opted.pb -rpx webserver_cpu_top_drc_opted.rpx
INFO: [IP_Flow 19-234] Refreshing IP repositories
INFO: [IP_Flow 19-1704] No user IP repositories specified
INFO: [IP_Flow 19-2313] Loaded Vivado IP repository '/home/xilinx/Vivado/2024.1/data/ip'.
INFO: [DRC 23-27] Running DRC with 8 threads
INFO: [Vivado_Tcl 2-168] The results of DRC are in file /home/minkey/work/RiscV_WebSoC_v1/RiscV_WebSoC/build_RiscV_WebSoC_v0002_20260729_153011/RiscV_WebSoC_v0002_20260729_153011.runs/impl_1/webserver_cpu_top_drc_opted.rpt.
report_drc completed successfully
INFO: [Timing 38-480] Writing timing data to binary archive.
Wrote PlaceDB: Time (s): cpu = 00:00:00.01 ; elapsed = 00:00:00 . Memory (MB): peak = 3081.391 ; gain = 0.000 ; free physical = 1455 ; free virtual = 11058
Wrote PulsedLatchDB: Time (s): cpu = 00:00:00 ; elapsed = 00:00:00 . Memory (MB): peak = 3081.391 ; gain = 0.000 ; free physical = 1455 ; free virtual = 11058
Writing XDEF routing.
Write ShapeDB Complete: Time (s): cpu = 00:00:00.04 ; elapsed = 00:00:00 . Memory (MB): peak = 3081.391 ; gain = 0.000 ; free physical = 1455 ; free virtual = 11058
Writing XDEF routing logical nets.
Writing XDEF routing special nets.
Wrote RouteStorage: Time (s): cpu = 00:00:00.07 ; elapsed = 00:00:00.02 . Memory (MB): peak = 3081.391 ; gain = 0.000 ; free physical = 1455 ; free virtual = 11058
Wrote Netlist Cache: Time (s): cpu = 00:00:00 ; elapsed = 00:00:00 . Memory (MB): peak = 3081.391 ; gain = 0.000 ; free physical = 1455 ; free virtual = 11058
Wrote Device Cache: Time (s): cpu = 00:00:00.01 ; elapsed = 00:00:00 . Memory (MB): peak = 3081.391 ; gain = 0.000 ; free physical = 1454 ; free virtual = 11058
Write Physdb Complete: Time (s): cpu = 00:00:00.1 ; elapsed = 00:00:00.02 . Memory (MB): peak = 3081.391 ; gain = 0.000 ; free physical = 1454 ; free virtual = 11058
INFO: [Common 17-1381] The checkpoint '/home/minkey/work/RiscV_WebSoC_v1/RiscV_WebSoC/build_RiscV_WebSoC_v0002_20260729_153011/RiscV_WebSoC_v0002_20260729_153011.runs/impl_1/webserver_cpu_top_opt.dcp' has been generated.
Command: place_design
Attempting to get a license for feature 'Implementation' and/or device 'xc7a35t'
INFO: [Common 17-349] Got license for feature 'Implementation' and/or device 'xc7a35t'
INFO: [Common 17-83] Releasing license: Implementation
INFO: [DRC 23-27] Running DRC with 8 threads
INFO: [Vivado_Tcl 4-198] DRC finished with 0 Errors
INFO: [Vivado_Tcl 4-199] Please refer to the DRC report (report_drc) for more information.
Running DRC as a precondition to command place_design
INFO: [DRC 23-27] Running DRC with 8 threads
INFO: [Vivado_Tcl 4-198] DRC finished with 0 Errors, 36 Warnings
INFO: [Vivado_Tcl 4-199] Please refer to the DRC report (report_drc) for more information.
INFO: [Place 30-611] Multithreading enabled for place_design using a maximum of 8 CPUs

Starting Placer Task

Phase 1 Placer Initialization

Phase 1.1 Placer Initialization Netlist Sorting
Netlist sorting complete. Time (s): cpu = 00:00:00 ; elapsed = 00:00:00 . Memory (MB): peak = 3081.391 ; gain = 0.000 ; free physical = 1459 ; free virtual = 11063
Phase 1.1 Placer Initialization Netlist Sorting | Checksum: 14a3cd690

Time (s): cpu = 00:00:00.01 ; elapsed = 00:00:00.01 . Memory (MB): peak = 3081.391 ; gain = 0.000 ; free physical = 1459 ; free virtual = 11063
Netlist sorting complete. Time (s): cpu = 00:00:00 ; elapsed = 00:00:00 . Memory (MB): peak = 3081.391 ; gain = 0.000 ; free physical = 1459 ; free virtual = 11063

Phase 1.2 IO Placement/ Clock Placement/ Build Placer Device
INFO: [Timing 38-35] Done setting XDC timing constraints.
Phase 1.2 IO Placement/ Clock Placement/ Build Placer Device | Checksum: 10fc81f5b

Time (s): cpu = 00:00:01 ; elapsed = 00:00:00.48 . Memory (MB): peak = 3081.391 ; gain = 0.000 ; free physical = 1459 ; free virtual = 11067

Phase 1.3 Build Placer Netlist Model
Phase 1.3 Build Placer Netlist Model | Checksum: 1ada26d87

Time (s): cpu = 00:00:03 ; elapsed = 00:00:01 . Memory (MB): peak = 3081.391 ; gain = 0.000 ; free physical = 1454 ; free virtual = 11065

Phase 1.4 Constrain Clocks/Macros
Phase 1.4 Constrain Clocks/Macros | Checksum: 1ada26d87

Time (s): cpu = 00:00:03 ; elapsed = 00:00:01 . Memory (MB): peak = 3081.391 ; gain = 0.000 ; free physical = 1454 ; free virtual = 11065
Phase 1 Placer Initialization | Checksum: 1ada26d87

Time (s): cpu = 00:00:03 ; elapsed = 00:00:01 . Memory (MB): peak = 3081.391 ; gain = 0.000 ; free physical = 1454 ; free virtual = 11065

Phase 2 Global Placement

Phase 2.1 Floorplanning
Phase 2.1 Floorplanning | Checksum: 1ab67073b

Time (s): cpu = 00:00:04 ; elapsed = 00:00:01 . Memory (MB): peak = 3081.391 ; gain = 0.000 ; free physical = 1484 ; free virtual = 11095

Phase 2.2 Update Timing before SLR Path Opt
Phase 2.2 Update Timing before SLR Path Opt | Checksum: 14e11d723

Time (s): cpu = 00:00:04 ; elapsed = 00:00:02 . Memory (MB): peak = 3081.391 ; gain = 0.000 ; free physical = 1502 ; free virtual = 11113

Phase 2.3 Post-Processing in Floorplanning
Phase 2.3 Post-Processing in Floorplanning | Checksum: 14e11d723

Time (s): cpu = 00:00:04 ; elapsed = 00:00:02 . Memory (MB): peak = 3081.391 ; gain = 0.000 ; free physical = 1502 ; free virtual = 11113

Phase 2.4 Global Placement Core

Phase 2.4.1 UpdateTiming Before Physical Synthesis
Phase 2.4.1 UpdateTiming Before Physical Synthesis | Checksum: 19fa2f8f4

Time (s): cpu = 00:00:12 ; elapsed = 00:00:04 . Memory (MB): peak = 3081.391 ; gain = 0.000 ; free physical = 1436 ; free virtual = 11048

Phase 2.4.2 Physical Synthesis In Placer
INFO: [Physopt 32-1035] Found 0 LUTNM shape to break, 108 LUT instances to create LUTNM shape
INFO: [Physopt 32-1044] Break lutnm for timing: one critical 0, two critical 0, total 0, new lutff created 0
INFO: [Physopt 32-1138] End 1 Pass. Optimized 49 nets or LUTs. Breaked 0 LUT, combined 49 existing LUTs and moved 0 existing LUT
INFO: [Physopt 32-65] No nets found for high-fanout optimization.
INFO: [Physopt 32-232] Optimized 0 net. Created 0 new instance.
INFO: [Physopt 32-775] End 1 Pass. Optimized 0 net or cell. Created 0 new cell, deleted 0 existing cell and moved 0 existing cell
INFO: [Physopt 32-670] No setup violation found.  DSP Register Optimization was not performed.
INFO: [Physopt 32-670] No setup violation found.  Shift Register to Pipeline Optimization was not performed.
INFO: [Physopt 32-670] No setup violation found.  Shift Register Optimization was not performed.
INFO: [Physopt 32-670] No setup violation found.  BRAM Register Optimization was not performed.
INFO: [Physopt 32-670] No setup violation found.  URAM Register Optimization was not performed.
INFO: [Physopt 32-949] No candidate nets found for dynamic/static region interface net replication
INFO: [Physopt 32-775] End 1 Pass. Optimized 0 net or cell. Created 0 new cell, deleted 0 existing cell and moved 0 existing cell
Netlist sorting complete. Time (s): cpu = 00:00:00 ; elapsed = 00:00:00 . Memory (MB): peak = 3081.391 ; gain = 0.000 ; free physical = 1436 ; free virtual = 11049

Summary of Physical Synthesis Optimizations
============================================


-----------------------------------------------------------------------------------------------------------------------------------------------------------
|  Optimization                                     |  Added Cells  |  Removed Cells  |  Optimized Cells/Nets  |  Dont Touch  |  Iterations  |  Elapsed   |
-----------------------------------------------------------------------------------------------------------------------------------------------------------
|  LUT Combining                                    |            0  |             49  |                    49  |           0  |           1  |  00:00:00  |
|  Retime                                           |            0  |              0  |                     0  |           0  |           1  |  00:00:00  |
|  Very High Fanout                                 |            0  |              0  |                     0  |           0  |           1  |  00:00:00  |
|  DSP Register                                     |            0  |              0  |                     0  |           0  |           0  |  00:00:00  |
|  Shift Register to Pipeline                       |            0  |              0  |                     0  |           0  |           0  |  00:00:00  |
|  Shift Register                                   |            0  |              0  |                     0  |           0  |           0  |  00:00:00  |
|  BRAM Register                                    |            0  |              0  |                     0  |           0  |           0  |  00:00:00  |
|  URAM Register                                    |            0  |              0  |                     0  |           0  |           0  |  00:00:00  |
|  Dynamic/Static Region Interface Net Replication  |            0  |              0  |                     0  |           0  |           1  |  00:00:00  |
|  Total                                            |            0  |             49  |                    49  |           0  |           4  |  00:00:00  |
-----------------------------------------------------------------------------------------------------------------------------------------------------------


Phase 2.4.2 Physical Synthesis In Placer | Checksum: 1b6d1dbbf

Time (s): cpu = 00:00:13 ; elapsed = 00:00:05 . Memory (MB): peak = 3081.391 ; gain = 0.000 ; free physical = 1436 ; free virtual = 11049
Phase 2.4 Global Placement Core | Checksum: 24e2a429f

Time (s): cpu = 00:00:14 ; elapsed = 00:00:05 . Memory (MB): peak = 3081.391 ; gain = 0.000 ; free physical = 1435 ; free virtual = 11049
Phase 2 Global Placement | Checksum: 24e2a429f

Time (s): cpu = 00:00:14 ; elapsed = 00:00:05 . Memory (MB): peak = 3081.391 ; gain = 0.000 ; free physical = 1435 ; free virtual = 11048

Phase 3 Detail Placement

Phase 3.1 Commit Multi Column Macros
Phase 3.1 Commit Multi Column Macros | Checksum: 1b0c7b547

Time (s): cpu = 00:00:14 ; elapsed = 00:00:05 . Memory (MB): peak = 3081.391 ; gain = 0.000 ; free physical = 1434 ; free virtual = 11048

Phase 3.2 Commit Most Macros & LUTRAMs
Phase 3.2 Commit Most Macros & LUTRAMs | Checksum: 31f462ed9

Time (s): cpu = 00:00:15 ; elapsed = 00:00:05 . Memory (MB): peak = 3081.391 ; gain = 0.000 ; free physical = 1434 ; free virtual = 11048

Phase 3.3 Area Swap Optimization
Phase 3.3 Area Swap Optimization | Checksum: 282ec18e4

Time (s): cpu = 00:00:15 ; elapsed = 00:00:05 . Memory (MB): peak = 3081.391 ; gain = 0.000 ; free physical = 1434 ; free virtual = 11048

Phase 3.4 Pipeline Register Optimization
Phase 3.4 Pipeline Register Optimization | Checksum: 312e9de12

Time (s): cpu = 00:00:15 ; elapsed = 00:00:05 . Memory (MB): peak = 3081.391 ; gain = 0.000 ; free physical = 1434 ; free virtual = 11048

Phase 3.5 Small Shape Detail Placement
Phase 3.5 Small Shape Detail Placement | Checksum: 283235802

Time (s): cpu = 00:00:17 ; elapsed = 00:00:07 . Memory (MB): peak = 3081.391 ; gain = 0.000 ; free physical = 1434 ; free virtual = 11049

Phase 3.6 Re-assign LUT pins
Phase 3.6 Re-assign LUT pins | Checksum: 1fd8a5d33

Time (s): cpu = 00:00:17 ; elapsed = 00:00:07 . Memory (MB): peak = 3081.391 ; gain = 0.000 ; free physical = 1434 ; free virtual = 11049

Phase 3.7 Pipeline Register Optimization
Phase 3.7 Pipeline Register Optimization | Checksum: 25dc2f67e

Time (s): cpu = 00:00:17 ; elapsed = 00:00:07 . Memory (MB): peak = 3081.391 ; gain = 0.000 ; free physical = 1434 ; free virtual = 11049
Phase 3 Detail Placement | Checksum: 25dc2f67e

Time (s): cpu = 00:00:17 ; elapsed = 00:00:07 . Memory (MB): peak = 3081.391 ; gain = 0.000 ; free physical = 1434 ; free virtual = 11049

Phase 4 Post Placement Optimization and Clean-Up

Phase 4.1 Post Commit Optimization
INFO: [Timing 38-35] Done setting XDC timing constraints.

Phase 4.1.1 Post Placement Optimization
Post Placement Optimization Initialization | Checksum: 19ea44305

Phase 4.1.1.1 BUFG Insertion

Starting Physical Synthesis Task

Phase 1 Physical Synthesis Initialization
INFO: [Physopt 32-721] Multithreading enabled for phys_opt_design using a maximum of 8 CPUs
INFO: [Physopt 32-619] Estimated Timing Summary | WNS=0.174 | TNS=0.000 |
Phase 1 Physical Synthesis Initialization | Checksum: 19a38c5da

Time (s): cpu = 00:00:00.44 ; elapsed = 00:00:00.15 . Memory (MB): peak = 3081.391 ; gain = 0.000 ; free physical = 1431 ; free virtual = 11046
INFO: [Place 46-33] Processed net u_reg/RAMIF_program_ram/reset_l, BUFG insertion was skipped due to placement/routing conflicts.
INFO: [Place 46-56] BUFG insertion identified 1 candidate nets. Inserted BUFG: 0, Replicated BUFG Driver: 0, Skipped due to Placement/Routing Conflicts: 1, Skipped due to Timing Degradation: 0, Skipped due to netlist editing failed: 0.
Ending Physical Synthesis Task | Checksum: 1b08a69c3

Time (s): cpu = 00:00:00.59 ; elapsed = 00:00:00.25 . Memory (MB): peak = 3081.391 ; gain = 0.000 ; free physical = 1431 ; free virtual = 11045
Phase 4.1.1.1 BUFG Insertion | Checksum: 19ea44305

Time (s): cpu = 00:00:20 ; elapsed = 00:00:08 . Memory (MB): peak = 3081.391 ; gain = 0.000 ; free physical = 1431 ; free virtual = 11045

Phase 4.1.1.2 Post Placement Timing Optimization
INFO: [Place 30-746] Post Placement Timing Summary WNS=0.297. For the most accurate timing information please run report_timing.
Phase 4.1.1.2 Post Placement Timing Optimization | Checksum: 13c0728e9

Time (s): cpu = 00:00:20 ; elapsed = 00:00:08 . Memory (MB): peak = 3081.391 ; gain = 0.000 ; free physical = 1431 ; free virtual = 11046

Time (s): cpu = 00:00:20 ; elapsed = 00:00:08 . Memory (MB): peak = 3081.391 ; gain = 0.000 ; free physical = 1431 ; free virtual = 11045
Phase 4.1 Post Commit Optimization | Checksum: 13c0728e9

Time (s): cpu = 00:00:20 ; elapsed = 00:00:09 . Memory (MB): peak = 3081.391 ; gain = 0.000 ; free physical = 1431 ; free virtual = 11045

Phase 4.2 Post Placement Cleanup
Phase 4.2 Post Placement Cleanup | Checksum: 13c0728e9

Time (s): cpu = 00:00:21 ; elapsed = 00:00:09 . Memory (MB): peak = 3081.391 ; gain = 0.000 ; free physical = 1431 ; free virtual = 11045

Phase 4.3 Placer Reporting

Phase 4.3.1 Print Estimated Congestion
INFO: [Place 30-612] Post-Placement Estimated Congestion 
 ____________________________________________________
|           | Global Congestion | Short Congestion  |
| Direction | Region Size       | Region Size       |
|___________|___________________|___________________|
|      North|                1x1|                4x4|
|___________|___________________|___________________|
|      South|                1x1|                4x4|
|___________|___________________|___________________|
|       East|                1x1|                2x2|
|___________|___________________|___________________|
|       West|                1x1|                2x2|
|___________|___________________|___________________|

Phase 4.3.1 Print Estimated Congestion | Checksum: 13c0728e9

Time (s): cpu = 00:00:21 ; elapsed = 00:00:09 . Memory (MB): peak = 3081.391 ; gain = 0.000 ; free physical = 1431 ; free virtual = 11045
Phase 4.3 Placer Reporting | Checksum: 13c0728e9

Time (s): cpu = 00:00:21 ; elapsed = 00:00:09 . Memory (MB): peak = 3081.391 ; gain = 0.000 ; free physical = 1431 ; free virtual = 11045

Phase 4.4 Final Placement Cleanup
Netlist sorting complete. Time (s): cpu = 00:00:00 ; elapsed = 00:00:00 . Memory (MB): peak = 3081.391 ; gain = 0.000 ; free physical = 1431 ; free virtual = 11045

Time (s): cpu = 00:00:21 ; elapsed = 00:00:09 . Memory (MB): peak = 3081.391 ; gain = 0.000 ; free physical = 1431 ; free virtual = 11045
Phase 4 Post Placement Optimization and Clean-Up | Checksum: 1fd96c043

Time (s): cpu = 00:00:21 ; elapsed = 00:00:09 . Memory (MB): peak = 3081.391 ; gain = 0.000 ; free physical = 1431 ; free virtual = 11045
Ending Placer Task | Checksum: 18f637ed4

Time (s): cpu = 00:00:21 ; elapsed = 00:00:09 . Memory (MB): peak = 3081.391 ; gain = 0.000 ; free physical = 1431 ; free virtual = 11045
81 Infos, 18 Warnings, 12 Critical Warnings and 0 Errors encountered.
place_design completed successfully
place_design: Time (s): cpu = 00:00:23 ; elapsed = 00:00:10 . Memory (MB): peak = 3081.391 ; gain = 0.000 ; free physical = 1431 ; free virtual = 11045
INFO: [Vivado 12-24838] Running report commands "report_control_sets, report_io, report_utilization" in parallel.
Running report generation with 3 threads.
INFO: [Vivado 12-24828] Executing command : report_control_sets -verbose -file webserver_cpu_top_control_sets_placed.rpt
report_control_sets: Time (s): cpu = 00:00:00.15 ; elapsed = 00:00:00.14 . Memory (MB): peak = 3081.391 ; gain = 0.000 ; free physical = 1402 ; free virtual = 11016
INFO: [Vivado 12-24828] Executing command : report_utilization -file webserver_cpu_top_utilization_placed.rpt -pb webserver_cpu_top_utilization_placed.pb
INFO: [Vivado 12-24828] Executing command : report_io -file webserver_cpu_top_io_placed.rpt
report_io: Time (s): cpu = 00:00:00.2 ; elapsed = 00:00:00.23 . Memory (MB): peak = 3081.391 ; gain = 0.000 ; free physical = 1392 ; free virtual = 11007
INFO: [Timing 38-480] Writing timing data to binary archive.
Write ShapeDB Complete: Time (s): cpu = 00:00:00.05 ; elapsed = 00:00:00.01 . Memory (MB): peak = 3081.391 ; gain = 0.000 ; free physical = 1390 ; free virtual = 11006
Wrote PlaceDB: Time (s): cpu = 00:00:00.67 ; elapsed = 00:00:00.27 . Memory (MB): peak = 3081.391 ; gain = 0.000 ; free physical = 1366 ; free virtual = 10991
Wrote PulsedLatchDB: Time (s): cpu = 00:00:00 ; elapsed = 00:00:00 . Memory (MB): peak = 3081.391 ; gain = 0.000 ; free physical = 1366 ; free virtual = 10991
Writing XDEF routing.
Writing XDEF routing logical nets.
Writing XDEF routing special nets.
Wrote RouteStorage: Time (s): cpu = 00:00:00.01 ; elapsed = 00:00:00.02 . Memory (MB): peak = 3081.391 ; gain = 0.000 ; free physical = 1366 ; free virtual = 10991
Wrote Netlist Cache: Time (s): cpu = 00:00:00.01 ; elapsed = 00:00:00.01 . Memory (MB): peak = 3081.391 ; gain = 0.000 ; free physical = 1366 ; free virtual = 10991
Wrote Device Cache: Time (s): cpu = 00:00:00 ; elapsed = 00:00:00 . Memory (MB): peak = 3081.391 ; gain = 0.000 ; free physical = 1366 ; free virtual = 10992
Write Physdb Complete: Time (s): cpu = 00:00:00.7 ; elapsed = 00:00:00.3 . Memory (MB): peak = 3081.391 ; gain = 0.000 ; free physical = 1366 ; free virtual = 10992
INFO: [Common 17-1381] The checkpoint '/home/minkey/work/RiscV_WebSoC_v1/RiscV_WebSoC/build_RiscV_WebSoC_v0002_20260729_153011/RiscV_WebSoC_v0002_20260729_153011.runs/impl_1/webserver_cpu_top_placed.dcp' has been generated.
Command: phys_opt_design
Attempting to get a license for feature 'Implementation' and/or device 'xc7a35t'
INFO: [Common 17-349] Got license for feature 'Implementation' and/or device 'xc7a35t'

Starting Initial Update Timing Task

Time (s): cpu = 00:00:01 ; elapsed = 00:00:00.46 . Memory (MB): peak = 3081.391 ; gain = 0.000 ; free physical = 1365 ; free virtual = 10982
INFO: [Vivado_Tcl 4-2279] Estimated Timing Summary | WNS= 0.297 | TNS= 0.000 | 
INFO: [Vivado_Tcl 4-383] Design worst setup slack (WNS) is greater than or equal to 0.000 ns. All physical synthesis setup optimizations will be skipped.
INFO: [Vivado_Tcl 4-232] No setup violation found. The netlist was not modified.
INFO: [Common 17-83] Releasing license: Implementation
92 Infos, 18 Warnings, 12 Critical Warnings and 0 Errors encountered.
phys_opt_design completed successfully
INFO: [Timing 38-480] Writing timing data to binary archive.
Write ShapeDB Complete: Time (s): cpu = 00:00:00.05 ; elapsed = 00:00:00.02 . Memory (MB): peak = 3081.391 ; gain = 0.000 ; free physical = 1363 ; free virtual = 10981
Wrote PlaceDB: Time (s): cpu = 00:00:00.67 ; elapsed = 00:00:00.27 . Memory (MB): peak = 3081.391 ; gain = 0.000 ; free physical = 1349 ; free virtual = 10976
Wrote PulsedLatchDB: Time (s): cpu = 00:00:00 ; elapsed = 00:00:00 . Memory (MB): peak = 3081.391 ; gain = 0.000 ; free physical = 1349 ; free virtual = 10976
Writing XDEF routing.
Writing XDEF routing logical nets.
Writing XDEF routing special nets.
Wrote RouteStorage: Time (s): cpu = 00:00:00.02 ; elapsed = 00:00:00.01 . Memory (MB): peak = 3081.391 ; gain = 0.000 ; free physical = 1349 ; free virtual = 10977
Wrote Netlist Cache: Time (s): cpu = 00:00:00.01 ; elapsed = 00:00:00.01 . Memory (MB): peak = 3081.391 ; gain = 0.000 ; free physical = 1349 ; free virtual = 10977
Wrote Device Cache: Time (s): cpu = 00:00:00 ; elapsed = 00:00:00 . Memory (MB): peak = 3081.391 ; gain = 0.000 ; free physical = 1349 ; free virtual = 10977
Write Physdb Complete: Time (s): cpu = 00:00:00.7 ; elapsed = 00:00:00.31 . Memory (MB): peak = 3081.391 ; gain = 0.000 ; free physical = 1349 ; free virtual = 10977
INFO: [Common 17-1381] The checkpoint '/home/minkey/work/RiscV_WebSoC_v1/RiscV_WebSoC/build_RiscV_WebSoC_v0002_20260729_153011/RiscV_WebSoC_v0002_20260729_153011.runs/impl_1/webserver_cpu_top_physopt.dcp' has been generated.
Command: route_design
Attempting to get a license for feature 'Implementation' and/or device 'xc7a35t'
INFO: [Common 17-349] Got license for feature 'Implementation' and/or device 'xc7a35t'
Running DRC as a precondition to command route_design
INFO: [DRC 23-27] Running DRC with 8 threads
INFO: [Vivado_Tcl 4-198] DRC finished with 0 Errors
INFO: [Vivado_Tcl 4-199] Please refer to the DRC report (report_drc) for more information.


Starting Routing Task
INFO: [Route 35-254] Multithreading enabled for route_design using a maximum of 8 CPUs

Phase 1 Build RT Design
Checksum: PlaceDB: 9af6c81 ConstDB: 0 ShapeSum: e532b5fc RouteDB: a0815c57
Post Restoration Checksum: NetGraph: f69607a0 | NumContArr: de675ec1 | Constraints: c2a8fa9d | Timing: c2a8fa9d
Phase 1 Build RT Design | Checksum: 35a4f5b9b

Time (s): cpu = 00:00:11 ; elapsed = 00:00:08 . Memory (MB): peak = 3081.391 ; gain = 0.000 ; free physical = 1355 ; free virtual = 10977

Phase 2 Router Initialization

Phase 2.1 Fix Topology Constraints
Phase 2.1 Fix Topology Constraints | Checksum: 35a4f5b9b

Time (s): cpu = 00:00:11 ; elapsed = 00:00:08 . Memory (MB): peak = 3081.391 ; gain = 0.000 ; free physical = 1355 ; free virtual = 10978

Phase 2.2 Pre Route Cleanup
Phase 2.2 Pre Route Cleanup | Checksum: 35a4f5b9b

Time (s): cpu = 00:00:11 ; elapsed = 00:00:08 . Memory (MB): peak = 3081.391 ; gain = 0.000 ; free physical = 1355 ; free virtual = 10979
 Number of Nodes with overlaps = 0

Phase 2.3 Update Timing
Phase 2.3 Update Timing | Checksum: 33d0256ee

Time (s): cpu = 00:00:14 ; elapsed = 00:00:09 . Memory (MB): peak = 3081.391 ; gain = 0.000 ; free physical = 1337 ; free virtual = 10962
INFO: [Route 35-416] Intermediate Timing Summary | WNS=0.000  | TNS=0.000  | WHS=-0.951 | THS=-167.717|


Router Utilization Summary
  Global Vertical Routing Utilization    = 0 %
  Global Horizontal Routing Utilization  = 0 %
  Routable Net Status*
  *Does not include unroutable nets such as driverless and loadless.
  Run report_route_status for detailed report.
  Number of Failed Nets               = 8553
    (Failed Nets is the sum of unrouted and partially routed nets)
  Number of Unrouted Nets             = 8553
  Number of Partially Routed Nets     = 0
  Number of Node Overlaps             = 0

Phase 2 Router Initialization | Checksum: 2d788f34c

Time (s): cpu = 00:00:15 ; elapsed = 00:00:10 . Memory (MB): peak = 3081.391 ; gain = 0.000 ; free physical = 1338 ; free virtual = 10962

Phase 3 Global Routing
Phase 3 Global Routing | Checksum: 2d788f34c

Time (s): cpu = 00:00:15 ; elapsed = 00:00:10 . Memory (MB): peak = 3081.391 ; gain = 0.000 ; free physical = 1338 ; free virtual = 10962

Phase 4 Initial Routing

Phase 4.1 Initial Net Routing Pass
Phase 4.1 Initial Net Routing Pass | Checksum: 1fcf2436d

Time (s): cpu = 00:00:17 ; elapsed = 00:00:10 . Memory (MB): peak = 3081.391 ; gain = 0.000 ; free physical = 1337 ; free virtual = 10961
Phase 4 Initial Routing | Checksum: 1fcf2436d

Time (s): cpu = 00:00:17 ; elapsed = 00:00:10 . Memory (MB): peak = 3081.391 ; gain = 0.000 ; free physical = 1337 ; free virtual = 10961

Phase 5 Rip-up And Reroute

Phase 5.1 Global Iteration 0
 Number of Nodes with overlaps = 811
 Number of Nodes with overlaps = 24
 Number of Nodes with overlaps = 3
 Number of Nodes with overlaps = 1
 Number of Nodes with overlaps = 0
INFO: [Route 35-416] Intermediate Timing Summary | WNS=-0.001 | TNS=-0.001 | WHS=N/A    | THS=N/A    |

Phase 5.1 Global Iteration 0 | Checksum: 1c4002113

Time (s): cpu = 00:00:21 ; elapsed = 00:00:12 . Memory (MB): peak = 3081.391 ; gain = 0.000 ; free physical = 1323 ; free virtual = 10948

Phase 5.2 Global Iteration 1
 Number of Nodes with overlaps = 0
INFO: [Route 35-416] Intermediate Timing Summary | WNS=-0.001 | TNS=-0.001 | WHS=N/A    | THS=N/A    |

Phase 5.2 Global Iteration 1 | Checksum: 1e59d3557

Time (s): cpu = 00:00:21 ; elapsed = 00:00:12 . Memory (MB): peak = 3081.391 ; gain = 0.000 ; free physical = 1323 ; free virtual = 10948
Phase 5 Rip-up And Reroute | Checksum: 1e59d3557

Time (s): cpu = 00:00:21 ; elapsed = 00:00:12 . Memory (MB): peak = 3081.391 ; gain = 0.000 ; free physical = 1323 ; free virtual = 10948

Phase 6 Delay and Skew Optimization

Phase 6.1 Delay CleanUp

Phase 6.1.1 Update Timing
Phase 6.1.1 Update Timing | Checksum: 23b2d1a4f

Time (s): cpu = 00:00:22 ; elapsed = 00:00:12 . Memory (MB): peak = 3081.391 ; gain = 0.000 ; free physical = 1324 ; free virtual = 10949
INFO: [Route 35-416] Intermediate Timing Summary | WNS=-0.001 | TNS=-0.001 | WHS=N/A    | THS=N/A    |

 Number of Nodes with overlaps = 0
Phase 6.1 Delay CleanUp | Checksum: 23b2d1a4f

Time (s): cpu = 00:00:22 ; elapsed = 00:00:12 . Memory (MB): peak = 3081.391 ; gain = 0.000 ; free physical = 1324 ; free virtual = 10949

Phase 6.2 Clock Skew Optimization
Phase 6.2 Clock Skew Optimization | Checksum: 23b2d1a4f

Time (s): cpu = 00:00:22 ; elapsed = 00:00:12 . Memory (MB): peak = 3081.391 ; gain = 0.000 ; free physical = 1324 ; free virtual = 10949
Phase 6 Delay and Skew Optimization | Checksum: 23b2d1a4f

Time (s): cpu = 00:00:22 ; elapsed = 00:00:12 . Memory (MB): peak = 3081.391 ; gain = 0.000 ; free physical = 1324 ; free virtual = 10949

Phase 7 Post Hold Fix

Phase 7.1 Hold Fix Iter
INFO: [Route 35-416] Intermediate Timing Summary | WNS=-0.001 | TNS=-0.001 | WHS=0.060  | THS=0.000  |

Phase 7.1 Hold Fix Iter | Checksum: 279948ea7

Time (s): cpu = 00:00:23 ; elapsed = 00:00:12 . Memory (MB): peak = 3081.391 ; gain = 0.000 ; free physical = 1329 ; free virtual = 10954
Phase 7 Post Hold Fix | Checksum: 279948ea7

Time (s): cpu = 00:00:23 ; elapsed = 00:00:12 . Memory (MB): peak = 3081.391 ; gain = 0.000 ; free physical = 1329 ; free virtual = 10954

Phase 8 Route finalize

Router Utilization Summary
  Global Vertical Routing Utilization    = 3.06482 %
  Global Horizontal Routing Utilization  = 3.62272 %
  Routable Net Status*
  *Does not include unroutable nets such as driverless and loadless.
  Run report_route_status for detailed report.
  Number of Failed Nets               = 0
    (Failed Nets is the sum of unrouted and partially routed nets)
  Number of Unrouted Nets             = 0
  Number of Partially Routed Nets     = 0
  Number of Node Overlaps             = 0


--GLOBAL Congestion:
Utilization threshold used for congestion level computation: 0.85
Congestion Report
North Dir 1x1 Area, Max Cong = 53.1532%, No Congested Regions.
South Dir 1x1 Area, Max Cong = 54.955%, No Congested Regions.
East Dir 1x1 Area, Max Cong = 63.2353%, No Congested Regions.
West Dir 1x1 Area, Max Cong = 69.1176%, No Congested Regions.

------------------------------
Reporting congestion hotspots
------------------------------
Direction: North
----------------
Congested clusters found at Level 0
Effective congestion level: 0 Aspect Ratio: 1 Sparse Ratio: 0
Direction: South
----------------
Congested clusters found at Level 0
Effective congestion level: 0 Aspect Ratio: 1 Sparse Ratio: 0
Direction: East
----------------
Congested clusters found at Level 0
Effective congestion level: 0 Aspect Ratio: 1 Sparse Ratio: 0
Direction: West
----------------
Congested clusters found at Level 0
Effective congestion level: 0 Aspect Ratio: 1 Sparse Ratio: 0

Phase 8 Route finalize | Checksum: 279948ea7

Time (s): cpu = 00:00:23 ; elapsed = 00:00:12 . Memory (MB): peak = 3081.391 ; gain = 0.000 ; free physical = 1330 ; free virtual = 10955

Phase 9 Verifying routed nets

 Verification completed successfully
Phase 9 Verifying routed nets | Checksum: 279948ea7

Time (s): cpu = 00:00:23 ; elapsed = 00:00:13 . Memory (MB): peak = 3081.391 ; gain = 0.000 ; free physical = 1330 ; free virtual = 10955

Phase 10 Depositing Routes
Phase 10 Depositing Routes | Checksum: 2ad18ceff

Time (s): cpu = 00:00:23 ; elapsed = 00:00:13 . Memory (MB): peak = 3081.391 ; gain = 0.000 ; free physical = 1329 ; free virtual = 10954

Phase 11 Post Process Routing
Phase 11 Post Process Routing | Checksum: 2ad18ceff

Time (s): cpu = 00:00:23 ; elapsed = 00:00:13 . Memory (MB): peak = 3081.391 ; gain = 0.000 ; free physical = 1329 ; free virtual = 10954

Phase 12 Post Router Timing
INFO: [Route 35-57] Estimated Timing Summary | WNS=-0.001 | TNS=-0.001 | WHS=0.060  | THS=0.000  |

WARNING: [Route 35-328] Router estimated timing not met.
Resolution: For a complete and accurate timing signoff, report_timing_summary must be run after route_design. Alternatively, route_design can be run with the -timing_summary option to enable a complete timing signoff at the end of route_design.
Phase 12 Post Router Timing | Checksum: 2ad18ceff

Time (s): cpu = 00:00:23 ; elapsed = 00:00:13 . Memory (MB): peak = 3081.391 ; gain = 0.000 ; free physical = 1329 ; free virtual = 10954
Total Elapsed time in route_design: 12.79 secs

Phase 13 Post-Route Event Processing
Phase 13 Post-Route Event Processing | Checksum: 25c5f1f29

Time (s): cpu = 00:00:23 ; elapsed = 00:00:13 . Memory (MB): peak = 3081.391 ; gain = 0.000 ; free physical = 1329 ; free virtual = 10954
INFO: [Route 35-16] Router Completed Successfully
Ending Routing Task | Checksum: 25c5f1f29

Time (s): cpu = 00:00:23 ; elapsed = 00:00:13 . Memory (MB): peak = 3081.391 ; gain = 0.000 ; free physical = 1329 ; free virtual = 10954

Routing Is Done.
INFO: [Common 17-83] Releasing license: Implementation
107 Infos, 19 Warnings, 12 Critical Warnings and 0 Errors encountered.
route_design completed successfully
route_design: Time (s): cpu = 00:00:25 ; elapsed = 00:00:13 . Memory (MB): peak = 3081.391 ; gain = 0.000 ; free physical = 1329 ; free virtual = 10954
INFO: [Vivado 12-24828] Executing command : report_drc -file webserver_cpu_top_drc_routed.rpt -pb webserver_cpu_top_drc_routed.pb -rpx webserver_cpu_top_drc_routed.rpx
Command: report_drc -file webserver_cpu_top_drc_routed.rpt -pb webserver_cpu_top_drc_routed.pb -rpx webserver_cpu_top_drc_routed.rpx
INFO: [IP_Flow 19-1839] IP Catalog is up to date.
INFO: [DRC 23-27] Running DRC with 8 threads
INFO: [Vivado_Tcl 2-168] The results of DRC are in file /home/minkey/work/RiscV_WebSoC_v1/RiscV_WebSoC/build_RiscV_WebSoC_v0002_20260729_153011/RiscV_WebSoC_v0002_20260729_153011.runs/impl_1/webserver_cpu_top_drc_routed.rpt.
report_drc completed successfully
INFO: [Vivado 12-24828] Executing command : report_methodology -file webserver_cpu_top_methodology_drc_routed.rpt -pb webserver_cpu_top_methodology_drc_routed.pb -rpx webserver_cpu_top_methodology_drc_routed.rpx
Command: report_methodology -file webserver_cpu_top_methodology_drc_routed.rpt -pb webserver_cpu_top_methodology_drc_routed.pb -rpx webserver_cpu_top_methodology_drc_routed.rpx
INFO: [Timing 38-35] Done setting XDC timing constraints.
INFO: [DRC 23-133] Running Methodology with 8 threads
INFO: [Vivado_Tcl 2-1520] The results of Report Methodology are in file /home/minkey/work/RiscV_WebSoC_v1/RiscV_WebSoC/build_RiscV_WebSoC_v0002_20260729_153011/RiscV_WebSoC_v0002_20260729_153011.runs/impl_1/webserver_cpu_top_methodology_drc_routed.rpt.
report_methodology completed successfully
INFO: [Vivado 12-24828] Executing command : report_timing_summary -max_paths 10 -report_unconstrained -file webserver_cpu_top_timing_summary_routed.rpt -pb webserver_cpu_top_timing_summary_routed.pb -rpx webserver_cpu_top_timing_summary_routed.rpx -warn_on_violation 
INFO: [Timing 38-35] Done setting XDC timing constraints.
INFO: [Timing 38-91] UpdateTimingParams: Speed grade: -2, Delay Type: min_max.
INFO: [Timing 38-191] Multithreading enabled for timing update using a maximum of 8 CPUs
INFO: [Vivado 12-24838] Running report commands "report_bus_skew, report_incremental_reuse, report_route_status" in parallel.
Running report generation with 3 threads.
INFO: [Vivado 12-24828] Executing command : report_incremental_reuse -file webserver_cpu_top_incremental_reuse_routed.rpt
INFO: [Vivado_Tcl 4-1062] Incremental flow is disabled. No incremental reuse Info to report.
INFO: [Vivado 12-24828] Executing command : report_route_status -file webserver_cpu_top_route_status.rpt -pb webserver_cpu_top_route_status.pb
INFO: [Vivado 12-24828] Executing command : report_bus_skew -warn_on_violation -file webserver_cpu_top_bus_skew_routed.rpt -pb webserver_cpu_top_bus_skew_routed.pb -rpx webserver_cpu_top_bus_skew_routed.rpx
INFO: [Timing 38-91] UpdateTimingParams: Speed grade: -2, Delay Type: min_max.
INFO: [Timing 38-191] Multithreading enabled for timing update using a maximum of 8 CPUs
INFO: [Vivado 12-24828] Executing command : report_power -file webserver_cpu_top_power_routed.rpt -pb webserver_cpu_top_power_summary_routed.pb -rpx webserver_cpu_top_power_routed.rpx
Command: report_power -file webserver_cpu_top_power_routed.rpt -pb webserver_cpu_top_power_summary_routed.pb -rpx webserver_cpu_top_power_routed.rpx
Running Vector-less Activity Propagation...

Finished Running Vector-less Activity Propagation
127 Infos, 19 Warnings, 12 Critical Warnings and 0 Errors encountered.
report_power completed successfully
INFO: [Vivado 12-24828] Executing command : report_clock_utilization -file webserver_cpu_top_clock_utilization_routed.rpt
WARNING: [Device 21-9320] Failed to find the Oracle tile group with name 'HSR_BOUNDARY_TOP'. This is required for Clock regions and Virtual grid.
WARNING: [Device 21-2174] Failed to initialize Virtual grid.
INFO: [Timing 38-480] Writing timing data to binary archive.
Write ShapeDB Complete: Time (s): cpu = 00:00:00.05 ; elapsed = 00:00:00.01 . Memory (MB): peak = 3131.559 ; gain = 0.000 ; free physical = 1263 ; free virtual = 10897
Wrote PlaceDB: Time (s): cpu = 00:00:00.66 ; elapsed = 00:00:00.28 . Memory (MB): peak = 3131.559 ; gain = 0.000 ; free physical = 1253 ; free virtual = 10896
Wrote PulsedLatchDB: Time (s): cpu = 00:00:00 ; elapsed = 00:00:00 . Memory (MB): peak = 3131.559 ; gain = 0.000 ; free physical = 1253 ; free virtual = 10896
Writing XDEF routing.
Writing XDEF routing logical nets.
Writing XDEF routing special nets.
Wrote RouteStorage: Time (s): cpu = 00:00:00.07 ; elapsed = 00:00:00.05 . Memory (MB): peak = 3131.559 ; gain = 0.000 ; free physical = 1251 ; free virtual = 10895
Wrote Netlist Cache: Time (s): cpu = 00:00:00.01 ; elapsed = 00:00:00 . Memory (MB): peak = 3131.559 ; gain = 0.000 ; free physical = 1251 ; free virtual = 10896
Wrote Device Cache: Time (s): cpu = 00:00:00 ; elapsed = 00:00:00.01 . Memory (MB): peak = 3131.559 ; gain = 0.000 ; free physical = 1248 ; free virtual = 10894
Write Physdb Complete: Time (s): cpu = 00:00:00.74 ; elapsed = 00:00:00.34 . Memory (MB): peak = 3131.559 ; gain = 0.000 ; free physical = 1248 ; free virtual = 10894
INFO: [Common 17-1381] The checkpoint '/home/minkey/work/RiscV_WebSoC_v1/RiscV_WebSoC/build_RiscV_WebSoC_v0002_20260729_153011/RiscV_WebSoC_v0002_20260729_153011.runs/impl_1/webserver_cpu_top_routed.dcp' has been generated.
Command: write_bitstream -force webserver_cpu_top.bit
Attempting to get a license for feature 'Implementation' and/or device 'xc7a35t'
INFO: [Common 17-349] Got license for feature 'Implementation' and/or device 'xc7a35t'
Running DRC as a precondition to command write_bitstream
INFO: [IP_Flow 19-1839] IP Catalog is up to date.
INFO: [DRC 23-27] Running DRC with 8 threads
WARNING: [DRC CHECK-3] Report rule limit reached: REQP-1839 rule limit reached: 20 violations have been found.
WARNING: [DRC RBOR-1] RAMB output registers: RAMB u_cpu_channel/u_package_fifo_cpu_wr/none_blk_mode.data_ram_dual.u_data_ram/gen_inferred_ram.gen_port_a_aligned.ram_reg output DOB (8) is connected to asynchronous registers, if you use synchronous controls you will get better results both in area and delay (RAMB has synchronous registers built in).
WARNING: [DRC REQP-1839] RAMB36 async control check: The RAMB36E1 u_cpu_channel/u_package_fifo_cpu_rd/none_blk_mode.data_ram_dual.u_data_ram/gen_inferred_ram.gen_port_a_aligned.ram_reg has an input control pin u_cpu_channel/u_package_fifo_cpu_rd/none_blk_mode.data_ram_dual.u_data_ram/gen_inferred_ram.gen_port_a_aligned.ram_reg/ADDRARDADDR[10] (net: u_cpu_channel/u_package_fifo_cpu_rd/none_blk_mode.data_ram_dual.u_data_ram/D[7]) which is driven by a register (u_cpu_channel/u_package_fifo_cpu_rd/none_blk_mode.ram_addr_a_r_reg[7]) that has an active asychronous set or reset. This may cause corruption of the memory contents and/or read values when the set/reset is asserted and is not analyzed by the default static timing analysis. It is suggested to eliminate the use of a set/reset to registers driving this RAMB pin or else use a synchronous reset in which the assertion of the reset is timed by default.
WARNING: [DRC REQP-1839] RAMB36 async control check: The RAMB36E1 u_cpu_channel/u_package_fifo_cpu_rd/none_blk_mode.data_ram_dual.u_data_ram/gen_inferred_ram.gen_port_a_aligned.ram_reg has an input control pin u_cpu_channel/u_package_fifo_cpu_rd/none_blk_mode.data_ram_dual.u_data_ram/gen_inferred_ram.gen_port_a_aligned.ram_reg/ADDRARDADDR[11] (net: u_cpu_channel/u_package_fifo_cpu_rd/none_blk_mode.data_ram_dual.u_data_ram/D[8]) which is driven by a register (u_cpu_channel/u_package_fifo_cpu_rd/none_blk_mode.ram_addr_a_r_reg[8]) that has an active asychronous set or reset. This may cause corruption of the memory contents and/or read values when the set/reset is asserted and is not analyzed by the default static timing analysis. It is suggested to eliminate the use of a set/reset to registers driving this RAMB pin or else use a synchronous reset in which the assertion of the reset is timed by default.
WARNING: [DRC REQP-1839] RAMB36 async control check: The RAMB36E1 u_cpu_channel/u_package_fifo_cpu_rd/none_blk_mode.data_ram_dual.u_data_ram/gen_inferred_ram.gen_port_a_aligned.ram_reg has an input control pin u_cpu_channel/u_package_fifo_cpu_rd/none_blk_mode.data_ram_dual.u_data_ram/gen_inferred_ram.gen_port_a_aligned.ram_reg/ADDRARDADDR[12] (net: u_cpu_channel/u_package_fifo_cpu_rd/none_blk_mode.data_ram_dual.u_data_ram/D[9]) which is driven by a register (u_cpu_channel/u_package_fifo_cpu_rd/none_blk_mode.ram_addr_a_r_reg[9]) that has an active asychronous set or reset. This may cause corruption of the memory contents and/or read values when the set/reset is asserted and is not analyzed by the default static timing analysis. It is suggested to eliminate the use of a set/reset to registers driving this RAMB pin or else use a synchronous reset in which the assertion of the reset is timed by default.
WARNING: [DRC REQP-1839] RAMB36 async control check: The RAMB36E1 u_cpu_channel/u_package_fifo_cpu_rd/none_blk_mode.data_ram_dual.u_data_ram/gen_inferred_ram.gen_port_a_aligned.ram_reg has an input control pin u_cpu_channel/u_package_fifo_cpu_rd/none_blk_mode.data_ram_dual.u_data_ram/gen_inferred_ram.gen_port_a_aligned.ram_reg/ADDRARDADDR[13] (net: u_cpu_channel/u_package_fifo_cpu_rd/none_blk_mode.data_ram_dual.u_data_ram/D[10]) which is driven by a register (u_cpu_channel/u_package_fifo_cpu_rd/none_blk_mode.ram_addr_a_r_reg[10]) that has an active asychronous set or reset. This may cause corruption of the memory contents and/or read values when the set/reset is asserted and is not analyzed by the default static timing analysis. It is suggested to eliminate the use of a set/reset to registers driving this RAMB pin or else use a synchronous reset in which the assertion of the reset is timed by default.
WARNING: [DRC REQP-1839] RAMB36 async control check: The RAMB36E1 u_cpu_channel/u_package_fifo_cpu_rd/none_blk_mode.data_ram_dual.u_data_ram/gen_inferred_ram.gen_port_a_aligned.ram_reg has an input control pin u_cpu_channel/u_package_fifo_cpu_rd/none_blk_mode.data_ram_dual.u_data_ram/gen_inferred_ram.gen_port_a_aligned.ram_reg/ADDRARDADDR[14] (net: u_cpu_channel/u_package_fifo_cpu_rd/none_blk_mode.data_ram_dual.u_data_ram/D[11]) which is driven by a register (u_cpu_channel/u_package_fifo_cpu_rd/none_blk_mode.ram_addr_a_r_reg[11]) that has an active asychronous set or reset. This may cause corruption of the memory contents and/or read values when the set/reset is asserted and is not analyzed by the default static timing analysis. It is suggested to eliminate the use of a set/reset to registers driving this RAMB pin or else use a synchronous reset in which the assertion of the reset is timed by default.
WARNING: [DRC REQP-1839] RAMB36 async control check: The RAMB36E1 u_cpu_channel/u_package_fifo_cpu_rd/none_blk_mode.data_ram_dual.u_data_ram/gen_inferred_ram.gen_port_a_aligned.ram_reg has an input control pin u_cpu_channel/u_package_fifo_cpu_rd/none_blk_mode.data_ram_dual.u_data_ram/gen_inferred_ram.gen_port_a_aligned.ram_reg/ADDRARDADDR[3] (net: u_cpu_channel/u_package_fifo_cpu_rd/none_blk_mode.data_ram_dual.u_data_ram/D[0]) which is driven by a register (u_cpu_channel/u_package_fifo_cpu_rd/none_blk_mode.ram_addr_a_r_reg[0]) that has an active asychronous set or reset. This may cause corruption of the memory contents and/or read values when the set/reset is asserted and is not analyzed by the default static timing analysis. It is suggested to eliminate the use of a set/reset to registers driving this RAMB pin or else use a synchronous reset in which the assertion of the reset is timed by default.
WARNING: [DRC REQP-1839] RAMB36 async control check: The RAMB36E1 u_cpu_channel/u_package_fifo_cpu_rd/none_blk_mode.data_ram_dual.u_data_ram/gen_inferred_ram.gen_port_a_aligned.ram_reg has an input control pin u_cpu_channel/u_package_fifo_cpu_rd/none_blk_mode.data_ram_dual.u_data_ram/gen_inferred_ram.gen_port_a_aligned.ram_reg/ADDRARDADDR[4] (net: u_cpu_channel/u_package_fifo_cpu_rd/none_blk_mode.data_ram_dual.u_data_ram/D[1]) which is driven by a register (u_cpu_channel/u_package_fifo_cpu_rd/none_blk_mode.ram_addr_a_r_reg[1]) that has an active asychronous set or reset. This may cause corruption of the memory contents and/or read values when the set/reset is asserted and is not analyzed by the default static timing analysis. It is suggested to eliminate the use of a set/reset to registers driving this RAMB pin or else use a synchronous reset in which the assertion of the reset is timed by default.
WARNING: [DRC REQP-1839] RAMB36 async control check: The RAMB36E1 u_cpu_channel/u_package_fifo_cpu_rd/none_blk_mode.data_ram_dual.u_data_ram/gen_inferred_ram.gen_port_a_aligned.ram_reg has an input control pin u_cpu_channel/u_package_fifo_cpu_rd/none_blk_mode.data_ram_dual.u_data_ram/gen_inferred_ram.gen_port_a_aligned.ram_reg/ADDRARDADDR[5] (net: u_cpu_channel/u_package_fifo_cpu_rd/none_blk_mode.data_ram_dual.u_data_ram/D[2]) which is driven by a register (u_cpu_channel/u_package_fifo_cpu_rd/none_blk_mode.ram_addr_a_r_reg[2]) that has an active asychronous set or reset. This may cause corruption of the memory contents and/or read values when the set/reset is asserted and is not analyzed by the default static timing analysis. It is suggested to eliminate the use of a set/reset to registers driving this RAMB pin or else use a synchronous reset in which the assertion of the reset is timed by default.
WARNING: [DRC REQP-1839] RAMB36 async control check: The RAMB36E1 u_cpu_channel/u_package_fifo_cpu_rd/none_blk_mode.data_ram_dual.u_data_ram/gen_inferred_ram.gen_port_a_aligned.ram_reg has an input control pin u_cpu_channel/u_package_fifo_cpu_rd/none_blk_mode.data_ram_dual.u_data_ram/gen_inferred_ram.gen_port_a_aligned.ram_reg/ADDRARDADDR[6] (net: u_cpu_channel/u_package_fifo_cpu_rd/none_blk_mode.data_ram_dual.u_data_ram/D[3]) which is driven by a register (u_cpu_channel/u_package_fifo_cpu_rd/none_blk_mode.ram_addr_a_r_reg[3]) that has an active asychronous set or reset. This may cause corruption of the memory contents and/or read values when the set/reset is asserted and is not analyzed by the default static timing analysis. It is suggested to eliminate the use of a set/reset to registers driving this RAMB pin or else use a synchronous reset in which the assertion of the reset is timed by default.
WARNING: [DRC REQP-1839] RAMB36 async control check: The RAMB36E1 u_cpu_channel/u_package_fifo_cpu_rd/none_blk_mode.data_ram_dual.u_data_ram/gen_inferred_ram.gen_port_a_aligned.ram_reg has an input control pin u_cpu_channel/u_package_fifo_cpu_rd/none_blk_mode.data_ram_dual.u_data_ram/gen_inferred_ram.gen_port_a_aligned.ram_reg/ADDRARDADDR[7] (net: u_cpu_channel/u_package_fifo_cpu_rd/none_blk_mode.data_ram_dual.u_data_ram/D[4]) which is driven by a register (u_cpu_channel/u_package_fifo_cpu_rd/none_blk_mode.ram_addr_a_r_reg[4]) that has an active asychronous set or reset. This may cause corruption of the memory contents and/or read values when the set/reset is asserted and is not analyzed by the default static timing analysis. It is suggested to eliminate the use of a set/reset to registers driving this RAMB pin or else use a synchronous reset in which the assertion of the reset is timed by default.
WARNING: [DRC REQP-1839] RAMB36 async control check: The RAMB36E1 u_cpu_channel/u_package_fifo_cpu_rd/none_blk_mode.data_ram_dual.u_data_ram/gen_inferred_ram.gen_port_a_aligned.ram_reg has an input control pin u_cpu_channel/u_package_fifo_cpu_rd/none_blk_mode.data_ram_dual.u_data_ram/gen_inferred_ram.gen_port_a_aligned.ram_reg/ADDRARDADDR[8] (net: u_cpu_channel/u_package_fifo_cpu_rd/none_blk_mode.data_ram_dual.u_data_ram/D[5]) which is driven by a register (u_cpu_channel/u_package_fifo_cpu_rd/none_blk_mode.ram_addr_a_r_reg[5]) that has an active asychronous set or reset. This may cause corruption of the memory contents and/or read values when the set/reset is asserted and is not analyzed by the default static timing analysis. It is suggested to eliminate the use of a set/reset to registers driving this RAMB pin or else use a synchronous reset in which the assertion of the reset is timed by default.
WARNING: [DRC REQP-1839] RAMB36 async control check: The RAMB36E1 u_cpu_channel/u_package_fifo_cpu_rd/none_blk_mode.data_ram_dual.u_data_ram/gen_inferred_ram.gen_port_a_aligned.ram_reg has an input control pin u_cpu_channel/u_package_fifo_cpu_rd/none_blk_mode.data_ram_dual.u_data_ram/gen_inferred_ram.gen_port_a_aligned.ram_reg/ADDRARDADDR[9] (net: u_cpu_channel/u_package_fifo_cpu_rd/none_blk_mode.data_ram_dual.u_data_ram/D[6]) which is driven by a register (u_cpu_channel/u_package_fifo_cpu_rd/none_blk_mode.ram_addr_a_r_reg[6]) that has an active asychronous set or reset. This may cause corruption of the memory contents and/or read values when the set/reset is asserted and is not analyzed by the default static timing analysis. It is suggested to eliminate the use of a set/reset to registers driving this RAMB pin or else use a synchronous reset in which the assertion of the reset is timed by default.
WARNING: [DRC REQP-1839] RAMB36 async control check: The RAMB36E1 u_cpu_channel/u_package_fifo_cpu_rd/none_blk_mode.data_ram_dual.u_data_ram/gen_inferred_ram.gen_port_a_aligned.ram_reg has an input control pin u_cpu_channel/u_package_fifo_cpu_rd/none_blk_mode.data_ram_dual.u_data_ram/gen_inferred_ram.gen_port_a_aligned.ram_reg/ADDRBWRADDR[14] (net: u_cpu_channel/u_package_fifo_cpu_rd/none_blk_mode.data_ram_dual.u_data_ram/none_blk_mode.rpkt_data_addr[11]) which is driven by a register (u_cpu_channel/u_package_fifo_cpu_rd/none_blk_mode.nb_rptr_for_data_reg[10]) that has an active asychronous set or reset. This may cause corruption of the memory contents and/or read values when the set/reset is asserted and is not analyzed by the default static timing analysis. It is suggested to eliminate the use of a set/reset to registers driving this RAMB pin or else use a synchronous reset in which the assertion of the reset is timed by default.
WARNING: [DRC REQP-1839] RAMB36 async control check: The RAMB36E1 u_cpu_channel/u_package_fifo_cpu_rd/none_blk_mode.data_ram_dual.u_data_ram/gen_inferred_ram.gen_port_a_aligned.ram_reg has an input control pin u_cpu_channel/u_package_fifo_cpu_rd/none_blk_mode.data_ram_dual.u_data_ram/gen_inferred_ram.gen_port_a_aligned.ram_reg/ADDRBWRADDR[14] (net: u_cpu_channel/u_package_fifo_cpu_rd/none_blk_mode.data_ram_dual.u_data_ram/none_blk_mode.rpkt_data_addr[11]) which is driven by a register (u_cpu_channel/u_package_fifo_cpu_rd/none_blk_mode.nb_rptr_for_data_reg[11]) that has an active asychronous set or reset. This may cause corruption of the memory contents and/or read values when the set/reset is asserted and is not analyzed by the default static timing analysis. It is suggested to eliminate the use of a set/reset to registers driving this RAMB pin or else use a synchronous reset in which the assertion of the reset is timed by default.
WARNING: [DRC REQP-1839] RAMB36 async control check: The RAMB36E1 u_cpu_channel/u_package_fifo_cpu_rd/none_blk_mode.data_ram_dual.u_data_ram/gen_inferred_ram.gen_port_a_aligned.ram_reg has an input control pin u_cpu_channel/u_package_fifo_cpu_rd/none_blk_mode.data_ram_dual.u_data_ram/gen_inferred_ram.gen_port_a_aligned.ram_reg/ADDRBWRADDR[14] (net: u_cpu_channel/u_package_fifo_cpu_rd/none_blk_mode.data_ram_dual.u_data_ram/none_blk_mode.rpkt_data_addr[11]) which is driven by a register (u_cpu_channel/u_package_fifo_cpu_rd/none_blk_mode.nb_rptr_for_data_reg[1]) that has an active asychronous set or reset. This may cause corruption of the memory contents and/or read values when the set/reset is asserted and is not analyzed by the default static timing analysis. It is suggested to eliminate the use of a set/reset to registers driving this RAMB pin or else use a synchronous reset in which the assertion of the reset is timed by default.
WARNING: [DRC REQP-1839] RAMB36 async control check: The RAMB36E1 u_cpu_channel/u_package_fifo_cpu_rd/none_blk_mode.data_ram_dual.u_data_ram/gen_inferred_ram.gen_port_a_aligned.ram_reg has an input control pin u_cpu_channel/u_package_fifo_cpu_rd/none_blk_mode.data_ram_dual.u_data_ram/gen_inferred_ram.gen_port_a_aligned.ram_reg/ADDRBWRADDR[14] (net: u_cpu_channel/u_package_fifo_cpu_rd/none_blk_mode.data_ram_dual.u_data_ram/none_blk_mode.rpkt_data_addr[11]) which is driven by a register (u_cpu_channel/u_package_fifo_cpu_rd/none_blk_mode.nb_rptr_for_data_reg[2]) that has an active asychronous set or reset. This may cause corruption of the memory contents and/or read values when the set/reset is asserted and is not analyzed by the default static timing analysis. It is suggested to eliminate the use of a set/reset to registers driving this RAMB pin or else use a synchronous reset in which the assertion of the reset is timed by default.
WARNING: [DRC REQP-1839] RAMB36 async control check: The RAMB36E1 u_cpu_channel/u_package_fifo_cpu_rd/none_blk_mode.data_ram_dual.u_data_ram/gen_inferred_ram.gen_port_a_aligned.ram_reg has an input control pin u_cpu_channel/u_package_fifo_cpu_rd/none_blk_mode.data_ram_dual.u_data_ram/gen_inferred_ram.gen_port_a_aligned.ram_reg/ADDRBWRADDR[14] (net: u_cpu_channel/u_package_fifo_cpu_rd/none_blk_mode.data_ram_dual.u_data_ram/none_blk_mode.rpkt_data_addr[11]) which is driven by a register (u_cpu_channel/u_package_fifo_cpu_rd/none_blk_mode.nb_rptr_for_data_reg[3]) that has an active asychronous set or reset. This may cause corruption of the memory contents and/or read values when the set/reset is asserted and is not analyzed by the default static timing analysis. It is suggested to eliminate the use of a set/reset to registers driving this RAMB pin or else use a synchronous reset in which the assertion of the reset is timed by default.
WARNING: [DRC REQP-1839] RAMB36 async control check: The RAMB36E1 u_cpu_channel/u_package_fifo_cpu_rd/none_blk_mode.data_ram_dual.u_data_ram/gen_inferred_ram.gen_port_a_aligned.ram_reg has an input control pin u_cpu_channel/u_package_fifo_cpu_rd/none_blk_mode.data_ram_dual.u_data_ram/gen_inferred_ram.gen_port_a_aligned.ram_reg/ADDRBWRADDR[14] (net: u_cpu_channel/u_package_fifo_cpu_rd/none_blk_mode.data_ram_dual.u_data_ram/none_blk_mode.rpkt_data_addr[11]) which is driven by a register (u_cpu_channel/u_package_fifo_cpu_rd/none_blk_mode.nb_rptr_for_data_reg[4]) that has an active asychronous set or reset. This may cause corruption of the memory contents and/or read values when the set/reset is asserted and is not analyzed by the default static timing analysis. It is suggested to eliminate the use of a set/reset to registers driving this RAMB pin or else use a synchronous reset in which the assertion of the reset is timed by default.
WARNING: [DRC REQP-1839] RAMB36 async control check: The RAMB36E1 u_cpu_channel/u_package_fifo_cpu_rd/none_blk_mode.data_ram_dual.u_data_ram/gen_inferred_ram.gen_port_a_aligned.ram_reg has an input control pin u_cpu_channel/u_package_fifo_cpu_rd/none_blk_mode.data_ram_dual.u_data_ram/gen_inferred_ram.gen_port_a_aligned.ram_reg/ADDRBWRADDR[14] (net: u_cpu_channel/u_package_fifo_cpu_rd/none_blk_mode.data_ram_dual.u_data_ram/none_blk_mode.rpkt_data_addr[11]) which is driven by a register (u_cpu_channel/u_package_fifo_cpu_rd/none_blk_mode.nb_rptr_for_data_reg[5]) that has an active asychronous set or reset. This may cause corruption of the memory contents and/or read values when the set/reset is asserted and is not analyzed by the default static timing analysis. It is suggested to eliminate the use of a set/reset to registers driving this RAMB pin or else use a synchronous reset in which the assertion of the reset is timed by default.
WARNING: [DRC REQP-1839] RAMB36 async control check: The RAMB36E1 u_cpu_channel/u_package_fifo_cpu_rd/none_blk_mode.data_ram_dual.u_data_ram/gen_inferred_ram.gen_port_a_aligned.ram_reg has an input control pin u_cpu_channel/u_package_fifo_cpu_rd/none_blk_mode.data_ram_dual.u_data_ram/gen_inferred_ram.gen_port_a_aligned.ram_reg/ADDRBWRADDR[14] (net: u_cpu_channel/u_package_fifo_cpu_rd/none_blk_mode.data_ram_dual.u_data_ram/none_blk_mode.rpkt_data_addr[11]) which is driven by a register (u_cpu_channel/u_package_fifo_cpu_rd/none_blk_mode.nb_rptr_for_data_reg[6]) that has an active asychronous set or reset. This may cause corruption of the memory contents and/or read values when the set/reset is asserted and is not analyzed by the default static timing analysis. It is suggested to eliminate the use of a set/reset to registers driving this RAMB pin or else use a synchronous reset in which the assertion of the reset is timed by default.
WARNING: [DRC REQP-1840] RAMB18 async control check: The RAMB18E1 u_riscv/lcpu_real.u_cpu/gen_uart.u_uart_lcpu_top/u_uart_lcpu/u_pkt_fifo/blk_mode.data_ram_single.u_data_ram/gen_inferred_ram.gen_port_a_aligned.ram_reg has an input control pin u_riscv/lcpu_real.u_cpu/gen_uart.u_uart_lcpu_top/u_uart_lcpu/u_pkt_fifo/blk_mode.data_ram_single.u_data_ram/gen_inferred_ram.gen_port_a_aligned.ram_reg/ADDRARDADDR[10] (net: u_riscv/lcpu_real.u_cpu/gen_uart.u_uart_lcpu_top/u_uart_lcpu/u_pkt_fifo/blk_mode.data_ram_single.u_data_ram/Q[6]) which is driven by a register (u_riscv/lcpu_real.u_cpu/gen_uart.u_uart_lcpu_top/u_uart_lcpu/u_pkt_fifo/blk_mode.ram_addr_a_r_reg[6]) that has an active asychronous set or reset. This may cause corruption of the memory contents and/or read values when the set/reset is asserted and is not analyzed by the default static timing analysis. It is suggested to eliminate the use of a set/reset to registers driving this RAMB pin or else use a synchronous reset in which the assertion of the reset is timed by default.
WARNING: [DRC REQP-1840] RAMB18 async control check: The RAMB18E1 u_riscv/lcpu_real.u_cpu/gen_uart.u_uart_lcpu_top/u_uart_lcpu/u_pkt_fifo/blk_mode.data_ram_single.u_data_ram/gen_inferred_ram.gen_port_a_aligned.ram_reg has an input control pin u_riscv/lcpu_real.u_cpu/gen_uart.u_uart_lcpu_top/u_uart_lcpu/u_pkt_fifo/blk_mode.data_ram_single.u_data_ram/gen_inferred_ram.gen_port_a_aligned.ram_reg/ADDRARDADDR[4] (net: u_riscv/lcpu_real.u_cpu/gen_uart.u_uart_lcpu_top/u_uart_lcpu/u_pkt_fifo/blk_mode.data_ram_single.u_data_ram/Q[0]) which is driven by a register (u_riscv/lcpu_real.u_cpu/gen_uart.u_uart_lcpu_top/u_uart_lcpu/u_pkt_fifo/blk_mode.ram_addr_a_r_reg[0]) that has an active asychronous set or reset. This may cause corruption of the memory contents and/or read values when the set/reset is asserted and is not analyzed by the default static timing analysis. It is suggested to eliminate the use of a set/reset to registers driving this RAMB pin or else use a synchronous reset in which the assertion of the reset is timed by default.
WARNING: [DRC REQP-1840] RAMB18 async control check: The RAMB18E1 u_riscv/lcpu_real.u_cpu/gen_uart.u_uart_lcpu_top/u_uart_lcpu/u_pkt_fifo/blk_mode.data_ram_single.u_data_ram/gen_inferred_ram.gen_port_a_aligned.ram_reg has an input control pin u_riscv/lcpu_real.u_cpu/gen_uart.u_uart_lcpu_top/u_uart_lcpu/u_pkt_fifo/blk_mode.data_ram_single.u_data_ram/gen_inferred_ram.gen_port_a_aligned.ram_reg/ADDRARDADDR[5] (net: u_riscv/lcpu_real.u_cpu/gen_uart.u_uart_lcpu_top/u_uart_lcpu/u_pkt_fifo/blk_mode.data_ram_single.u_data_ram/Q[1]) which is driven by a register (u_riscv/lcpu_real.u_cpu/gen_uart.u_uart_lcpu_top/u_uart_lcpu/u_pkt_fifo/blk_mode.ram_addr_a_r_reg[1]) that has an active asychronous set or reset. This may cause corruption of the memory contents and/or read values when the set/reset is asserted and is not analyzed by the default static timing analysis. It is suggested to eliminate the use of a set/reset to registers driving this RAMB pin or else use a synchronous reset in which the assertion of the reset is timed by default.
WARNING: [DRC REQP-1840] RAMB18 async control check: The RAMB18E1 u_riscv/lcpu_real.u_cpu/gen_uart.u_uart_lcpu_top/u_uart_lcpu/u_pkt_fifo/blk_mode.data_ram_single.u_data_ram/gen_inferred_ram.gen_port_a_aligned.ram_reg has an input control pin u_riscv/lcpu_real.u_cpu/gen_uart.u_uart_lcpu_top/u_uart_lcpu/u_pkt_fifo/blk_mode.data_ram_single.u_data_ram/gen_inferred_ram.gen_port_a_aligned.ram_reg/ADDRARDADDR[6] (net: u_riscv/lcpu_real.u_cpu/gen_uart.u_uart_lcpu_top/u_uart_lcpu/u_pkt_fifo/blk_mode.data_ram_single.u_data_ram/Q[2]) which is driven by a register (u_riscv/lcpu_real.u_cpu/gen_uart.u_uart_lcpu_top/u_uart_lcpu/u_pkt_fifo/blk_mode.ram_addr_a_r_reg[2]) that has an active asychronous set or reset. This may cause corruption of the memory contents and/or read values when the set/reset is asserted and is not analyzed by the default static timing analysis. It is suggested to eliminate the use of a set/reset to registers driving this RAMB pin or else use a synchronous reset in which the assertion of the reset is timed by default.
WARNING: [DRC REQP-1840] RAMB18 async control check: The RAMB18E1 u_riscv/lcpu_real.u_cpu/gen_uart.u_uart_lcpu_top/u_uart_lcpu/u_pkt_fifo/blk_mode.data_ram_single.u_data_ram/gen_inferred_ram.gen_port_a_aligned.ram_reg has an input control pin u_riscv/lcpu_real.u_cpu/gen_uart.u_uart_lcpu_top/u_uart_lcpu/u_pkt_fifo/blk_mode.data_ram_single.u_data_ram/gen_inferred_ram.gen_port_a_aligned.ram_reg/ADDRARDADDR[7] (net: u_riscv/lcpu_real.u_cpu/gen_uart.u_uart_lcpu_top/u_uart_lcpu/u_pkt_fifo/blk_mode.data_ram_single.u_data_ram/Q[3]) which is driven by a register (u_riscv/lcpu_real.u_cpu/gen_uart.u_uart_lcpu_top/u_uart_lcpu/u_pkt_fifo/blk_mode.ram_addr_a_r_reg[3]) that has an active asychronous set or reset. This may cause corruption of the memory contents and/or read values when the set/reset is asserted and is not analyzed by the default static timing analysis. It is suggested to eliminate the use of a set/reset to registers driving this RAMB pin or else use a synchronous reset in which the assertion of the reset is timed by default.
WARNING: [DRC REQP-1840] RAMB18 async control check: The RAMB18E1 u_riscv/lcpu_real.u_cpu/gen_uart.u_uart_lcpu_top/u_uart_lcpu/u_pkt_fifo/blk_mode.data_ram_single.u_data_ram/gen_inferred_ram.gen_port_a_aligned.ram_reg has an input control pin u_riscv/lcpu_real.u_cpu/gen_uart.u_uart_lcpu_top/u_uart_lcpu/u_pkt_fifo/blk_mode.data_ram_single.u_data_ram/gen_inferred_ram.gen_port_a_aligned.ram_reg/ADDRARDADDR[8] (net: u_riscv/lcpu_real.u_cpu/gen_uart.u_uart_lcpu_top/u_uart_lcpu/u_pkt_fifo/blk_mode.data_ram_single.u_data_ram/Q[4]) which is driven by a register (u_riscv/lcpu_real.u_cpu/gen_uart.u_uart_lcpu_top/u_uart_lcpu/u_pkt_fifo/blk_mode.ram_addr_a_r_reg[4]) that has an active asychronous set or reset. This may cause corruption of the memory contents and/or read values when the set/reset is asserted and is not analyzed by the default static timing analysis. It is suggested to eliminate the use of a set/reset to registers driving this RAMB pin or else use a synchronous reset in which the assertion of the reset is timed by default.
WARNING: [DRC REQP-1840] RAMB18 async control check: The RAMB18E1 u_riscv/lcpu_real.u_cpu/gen_uart.u_uart_lcpu_top/u_uart_lcpu/u_pkt_fifo/blk_mode.data_ram_single.u_data_ram/gen_inferred_ram.gen_port_a_aligned.ram_reg has an input control pin u_riscv/lcpu_real.u_cpu/gen_uart.u_uart_lcpu_top/u_uart_lcpu/u_pkt_fifo/blk_mode.data_ram_single.u_data_ram/gen_inferred_ram.gen_port_a_aligned.ram_reg/ADDRARDADDR[9] (net: u_riscv/lcpu_real.u_cpu/gen_uart.u_uart_lcpu_top/u_uart_lcpu/u_pkt_fifo/blk_mode.data_ram_single.u_data_ram/Q[5]) which is driven by a register (u_riscv/lcpu_real.u_cpu/gen_uart.u_uart_lcpu_top/u_uart_lcpu/u_pkt_fifo/blk_mode.ram_addr_a_r_reg[5]) that has an active asychronous set or reset. This may cause corruption of the memory contents and/or read values when the set/reset is asserted and is not analyzed by the default static timing analysis. It is suggested to eliminate the use of a set/reset to registers driving this RAMB pin or else use a synchronous reset in which the assertion of the reset is timed by default.
WARNING: [DRC REQP-1840] RAMB18 async control check: The RAMB18E1 u_riscv/lcpu_real.u_cpu/gen_uart.u_uart_lcpu_top/u_uart_lcpu/u_pkt_fifo/blk_mode.data_ram_single.u_data_ram/gen_inferred_ram.gen_port_a_aligned.ram_reg has an input control pin u_riscv/lcpu_real.u_cpu/gen_uart.u_uart_lcpu_top/u_uart_lcpu/u_pkt_fifo/blk_mode.data_ram_single.u_data_ram/gen_inferred_ram.gen_port_a_aligned.ram_reg/ADDRBWRADDR[10] (net: u_riscv/lcpu_real.u_cpu/gen_uart.u_uart_lcpu_top/u_uart_lcpu/u_pkt_fifo/blk_mode.data_ram_single.u_data_ram/ADDRBWRADDR[6]) which is driven by a register (u_riscv/lcpu_real.u_cpu/gen_uart.u_uart_lcpu_top/u_uart_lcpu/u_pkt_fifo/blk_mode.block_raddr_reg_reg[1]) that has an active asychronous set or reset. This may cause corruption of the memory contents and/or read values when the set/reset is asserted and is not analyzed by the default static timing analysis. It is suggested to eliminate the use of a set/reset to registers driving this RAMB pin or else use a synchronous reset in which the assertion of the reset is timed by default.
WARNING: [DRC REQP-1840] RAMB18 async control check: The RAMB18E1 u_riscv/lcpu_real.u_cpu/gen_uart.u_uart_lcpu_top/u_uart_lcpu/u_pkt_fifo/blk_mode.data_ram_single.u_data_ram/gen_inferred_ram.gen_port_a_aligned.ram_reg has an input control pin u_riscv/lcpu_real.u_cpu/gen_uart.u_uart_lcpu_top/u_uart_lcpu/u_pkt_fifo/blk_mode.data_ram_single.u_data_ram/gen_inferred_ram.gen_port_a_aligned.ram_reg/ADDRBWRADDR[4] (net: u_riscv/lcpu_real.u_cpu/gen_uart.u_uart_lcpu_top/u_uart_lcpu/u_pkt_fifo/blk_mode.data_ram_single.u_data_ram/ADDRBWRADDR[0]) which is driven by a register (u_riscv/lcpu_real.u_cpu/gen_uart.u_uart_lcpu_top/u_uart_lcpu/u_pktfifo_lcpu/rpkt_raddr_reg[0]) that has an active asychronous set or reset. This may cause corruption of the memory contents and/or read values when the set/reset is asserted and is not analyzed by the default static timing analysis. It is suggested to eliminate the use of a set/reset to registers driving this RAMB pin or else use a synchronous reset in which the assertion of the reset is timed by default.
WARNING: [DRC REQP-1840] RAMB18 async control check: The RAMB18E1 u_riscv/lcpu_real.u_cpu/gen_uart.u_uart_lcpu_top/u_uart_lcpu/u_pkt_fifo/blk_mode.data_ram_single.u_data_ram/gen_inferred_ram.gen_port_a_aligned.ram_reg has an input control pin u_riscv/lcpu_real.u_cpu/gen_uart.u_uart_lcpu_top/u_uart_lcpu/u_pkt_fifo/blk_mode.data_ram_single.u_data_ram/gen_inferred_ram.gen_port_a_aligned.ram_reg/ADDRBWRADDR[5] (net: u_riscv/lcpu_real.u_cpu/gen_uart.u_uart_lcpu_top/u_uart_lcpu/u_pkt_fifo/blk_mode.data_ram_single.u_data_ram/ADDRBWRADDR[1]) which is driven by a register (u_riscv/lcpu_real.u_cpu/gen_uart.u_uart_lcpu_top/u_uart_lcpu/u_pktfifo_lcpu/rpkt_raddr_reg[1]) that has an active asychronous set or reset. This may cause corruption of the memory contents and/or read values when the set/reset is asserted and is not analyzed by the default static timing analysis. It is suggested to eliminate the use of a set/reset to registers driving this RAMB pin or else use a synchronous reset in which the assertion of the reset is timed by default.
WARNING: [DRC REQP-1840] RAMB18 async control check: The RAMB18E1 u_riscv/lcpu_real.u_cpu/gen_uart.u_uart_lcpu_top/u_uart_lcpu/u_pkt_fifo/blk_mode.data_ram_single.u_data_ram/gen_inferred_ram.gen_port_a_aligned.ram_reg has an input control pin u_riscv/lcpu_real.u_cpu/gen_uart.u_uart_lcpu_top/u_uart_lcpu/u_pkt_fifo/blk_mode.data_ram_single.u_data_ram/gen_inferred_ram.gen_port_a_aligned.ram_reg/ADDRBWRADDR[6] (net: u_riscv/lcpu_real.u_cpu/gen_uart.u_uart_lcpu_top/u_uart_lcpu/u_pkt_fifo/blk_mode.data_ram_single.u_data_ram/ADDRBWRADDR[2]) which is driven by a register (u_riscv/lcpu_real.u_cpu/gen_uart.u_uart_lcpu_top/u_uart_lcpu/u_pktfifo_lcpu/rpkt_raddr_reg[2]) that has an active asychronous set or reset. This may cause corruption of the memory contents and/or read values when the set/reset is asserted and is not analyzed by the default static timing analysis. It is suggested to eliminate the use of a set/reset to registers driving this RAMB pin or else use a synchronous reset in which the assertion of the reset is timed by default.
WARNING: [DRC REQP-1840] RAMB18 async control check: The RAMB18E1 u_riscv/lcpu_real.u_cpu/gen_uart.u_uart_lcpu_top/u_uart_lcpu/u_pkt_fifo/blk_mode.data_ram_single.u_data_ram/gen_inferred_ram.gen_port_a_aligned.ram_reg has an input control pin u_riscv/lcpu_real.u_cpu/gen_uart.u_uart_lcpu_top/u_uart_lcpu/u_pkt_fifo/blk_mode.data_ram_single.u_data_ram/gen_inferred_ram.gen_port_a_aligned.ram_reg/ADDRBWRADDR[7] (net: u_riscv/lcpu_real.u_cpu/gen_uart.u_uart_lcpu_top/u_uart_lcpu/u_pkt_fifo/blk_mode.data_ram_single.u_data_ram/ADDRBWRADDR[3]) which is driven by a register (u_riscv/lcpu_real.u_cpu/gen_uart.u_uart_lcpu_top/u_uart_lcpu/u_pktfifo_lcpu/rpkt_raddr_reg[3]) that has an active asychronous set or reset. This may cause corruption of the memory contents and/or read values when the set/reset is asserted and is not analyzed by the default static timing analysis. It is suggested to eliminate the use of a set/reset to registers driving this RAMB pin or else use a synchronous reset in which the assertion of the reset is timed by default.
WARNING: [DRC REQP-1840] RAMB18 async control check: The RAMB18E1 u_riscv/lcpu_real.u_cpu/gen_uart.u_uart_lcpu_top/u_uart_lcpu/u_pkt_fifo/blk_mode.data_ram_single.u_data_ram/gen_inferred_ram.gen_port_a_aligned.ram_reg has an input control pin u_riscv/lcpu_real.u_cpu/gen_uart.u_uart_lcpu_top/u_uart_lcpu/u_pkt_fifo/blk_mode.data_ram_single.u_data_ram/gen_inferred_ram.gen_port_a_aligned.ram_reg/ADDRBWRADDR[8] (net: u_riscv/lcpu_real.u_cpu/gen_uart.u_uart_lcpu_top/u_uart_lcpu/u_pkt_fifo/blk_mode.data_ram_single.u_data_ram/ADDRBWRADDR[4]) which is driven by a register (u_riscv/lcpu_real.u_cpu/gen_uart.u_uart_lcpu_top/u_uart_lcpu/u_pktfifo_lcpu/rpkt_raddr_reg[4]) that has an active asychronous set or reset. This may cause corruption of the memory contents and/or read values when the set/reset is asserted and is not analyzed by the default static timing analysis. It is suggested to eliminate the use of a set/reset to registers driving this RAMB pin or else use a synchronous reset in which the assertion of the reset is timed by default.
WARNING: [DRC REQP-1840] RAMB18 async control check: The RAMB18E1 u_riscv/lcpu_real.u_cpu/gen_uart.u_uart_lcpu_top/u_uart_lcpu/u_pkt_fifo/blk_mode.data_ram_single.u_data_ram/gen_inferred_ram.gen_port_a_aligned.ram_reg has an input control pin u_riscv/lcpu_real.u_cpu/gen_uart.u_uart_lcpu_top/u_uart_lcpu/u_pkt_fifo/blk_mode.data_ram_single.u_data_ram/gen_inferred_ram.gen_port_a_aligned.ram_reg/ADDRBWRADDR[9] (net: u_riscv/lcpu_real.u_cpu/gen_uart.u_uart_lcpu_top/u_uart_lcpu/u_pkt_fifo/blk_mode.data_ram_single.u_data_ram/ADDRBWRADDR[5]) which is driven by a register (u_riscv/lcpu_real.u_cpu/gen_uart.u_uart_lcpu_top/u_uart_lcpu/u_pkt_fifo/blk_mode.block_raddr_reg_reg[0]) that has an active asychronous set or reset. This may cause corruption of the memory contents and/or read values when the set/reset is asserted and is not analyzed by the default static timing analysis. It is suggested to eliminate the use of a set/reset to registers driving this RAMB pin or else use a synchronous reset in which the assertion of the reset is timed by default.
WARNING: [DRC REQP-1840] RAMB18 async control check: The RAMB18E1 u_riscv/lcpu_real.u_cpu/gen_uart.u_uart_lcpu_top/u_uart_lcpu/u_pkt_fifo/blk_mode.data_ram_single.u_data_ram/gen_inferred_ram.gen_port_a_aligned.ram_reg has an input control pin u_riscv/lcpu_real.u_cpu/gen_uart.u_uart_lcpu_top/u_uart_lcpu/u_pkt_fifo/blk_mode.data_ram_single.u_data_ram/gen_inferred_ram.gen_port_a_aligned.ram_reg/ENARDEN (net: u_riscv/lcpu_real.u_cpu/gen_uart.u_uart_lcpu_top/u_uart_lcpu/u_pkt_fifo/blk_mode.data_ram_single.u_data_ram/blk_mode.ram_wren_a_r) which is driven by a register (u_riscv/lcpu_real.u_cpu/gen_uart.u_uart_lcpu_top/u_uart_lcpu/u_pkt_fifo/blk_mode.ram_wren_a_r_reg) that has an active asychronous set or reset. This may cause corruption of the memory contents and/or read values when the set/reset is asserted and is not analyzed by the default static timing analysis. It is suggested to eliminate the use of a set/reset to registers driving this RAMB pin or else use a synchronous reset in which the assertion of the reset is timed by default.
INFO: [Vivado 12-3199] DRC finished with 0 Errors, 37 Warnings
INFO: [Vivado 12-3200] Please refer to the DRC report (report_drc) for more information.
INFO: [Designutils 20-2272] Running write_bitstream with 8 threads.
Loading data files...
Loading site data...
Loading route data...
Processing options...
Creating bitmap...
Creating bitstream...
Writing bitstream ./webserver_cpu_top.bit...
INFO: [Vivado 12-1842] Bitgen Completed Successfully.
INFO: [Project 1-1876] WebTalk data collection is mandatory when using a ULT device. To see the specific WebTalk data collected for your design, open the usage_statistics_webtalk.html or usage_statistics_webtalk.xml file in the implementation directory.
INFO: [Common 17-83] Releasing license: Implementation
139 Infos, 58 Warnings, 12 Critical Warnings and 0 Errors encountered.
write_bitstream completed successfully
write_bitstream: Time (s): cpu = 00:00:11 ; elapsed = 00:00:06 . Memory (MB): peak = 3383.652 ; gain = 252.094 ; free physical = 978 ; free virtual = 10621
INFO: [Common 17-206] Exiting Vivado at Wed Jul 29 15:32:11 2026...
[Wed Jul 29 15:32:11 2026] impl_1 finished
wait_on_runs: Time (s): cpu = 00:01:41 ; elapsed = 00:01:00 . Memory (MB): peak = 1373.508 ; gain = 0.000 ; free physical = 3254 ; free virtual = 12897
# set bit_src "$proj_dir/${proj_name}.runs/impl_1/webserver_cpu_top.bit"
# set bit_dst "$proj_dir/${proj_name}.bit"
# if {[file exists $bit_src]} {
#     file copy -force $bit_src $bit_dst
#     puts "Bitstream: $bit_dst"
# }
Bitstream: /home/minkey/work/RiscV_WebSoC_v1/RiscV_WebSoC/build_RiscV_WebSoC_v0002_20260729_153011/RiscV_WebSoC_v0002_20260729_153011.bit
# open_run impl_1
INFO: [Device 21-403] Loading part xc7a35tfgg484-2
INFO: [Device 21-9227] Part: xc7a35tfgg484-2 does not have CEAM library.
Netlist sorting complete. Time (s): cpu = 00:00:00.04 ; elapsed = 00:00:00.04 . Memory (MB): peak = 1703.504 ; gain = 0.000 ; free physical = 2923 ; free virtual = 12568
INFO: [Netlist 29-17] Analyzing 598 Unisim elements for replacement
INFO: [Netlist 29-28] Unisim Transformation completed in 0 CPU seconds
INFO: [Project 1-479] Netlist was created with Vivado 2024.1
INFO: [Project 1-570] Preparing netlist for logic optimization
Read ShapeDB Complete: Time (s): cpu = 00:00:00.01 ; elapsed = 00:00:00.01 . Memory (MB): peak = 1781.191 ; gain = 2.000 ; free physical = 2838 ; free virtual = 12483
INFO: [Timing 38-478] Restoring timing data from binary archive.
INFO: [Timing 38-479] Binary timing data restore complete.
INFO: [Project 1-856] Restoring constraints from binary archive.
INFO: [Project 1-853] Binary constraint restore complete.
INFO: [Designutils 20-5722] Start Reading Physical Databases.
Reading placement.
Read Netlist Cache: Time (s): cpu = 00:00:00.01 ; elapsed = 00:00:00.01 . Memory (MB): peak = 2402.613 ; gain = 0.000 ; free physical = 2323 ; free virtual = 11968
Reading placer database...
Read Device Cache: Time (s): cpu = 00:00:00 ; elapsed = 00:00:00.01 . Memory (MB): peak = 2402.613 ; gain = 0.000 ; free physical = 2323 ; free virtual = 11968
Read PlaceDB: Time (s): cpu = 00:00:00.2 ; elapsed = 00:00:00.21 . Memory (MB): peak = 2402.613 ; gain = 0.000 ; free physical = 2308 ; free virtual = 11953
Read PulsedLatchDB: Time (s): cpu = 00:00:00 ; elapsed = 00:00:00 . Memory (MB): peak = 2402.613 ; gain = 0.000 ; free physical = 2308 ; free virtual = 11953
Reading routing.
Read RouteStorage: Time (s): cpu = 00:00:00.1 ; elapsed = 00:00:00.04 . Memory (MB): peak = 2402.613 ; gain = 0.000 ; free physical = 2308 ; free virtual = 11953
Read Physdb Files: Time (s): cpu = 00:00:00.33 ; elapsed = 00:00:00.27 . Memory (MB): peak = 2402.613 ; gain = 0.000 ; free physical = 2308 ; free virtual = 11953
Restored from archive | CPU: 0.370000 secs | Memory: 12.042183 MB |
Finished XDEF File Restore: Time (s): cpu = 00:00:00.36 ; elapsed = 00:00:00.3 . Memory (MB): peak = 2402.613 ; gain = 5.938 ; free physical = 2308 ; free virtual = 11953
Netlist sorting complete. Time (s): cpu = 00:00:00 ; elapsed = 00:00:00 . Memory (MB): peak = 2402.613 ; gain = 0.000 ; free physical = 2308 ; free virtual = 11953
INFO: [Project 1-111] Unisim Transformation Summary:
  A total of 5 instances were transformed.
  IOBUF => IOBUF (IBUF, OBUFT): 1 instance 
  RAM32M => RAM32M (RAMD32(x6), RAMS32(x2)): 4 instances

open_run: Time (s): cpu = 00:00:08 ; elapsed = 00:00:08 . Memory (MB): peak = 2402.613 ; gain = 1029.105 ; free physical = 2308 ; free virtual = 11953
# report_timing_summary -file "$proj_dir/timing_summary.rpt"
INFO: [Timing 38-91] UpdateTimingParams: Speed grade: -2, Delay Type: min_max.
INFO: [Timing 38-191] Multithreading enabled for timing update using a maximum of 8 CPUs
# report_utilization    -file "$proj_dir/utilization.rpt"
# close_design
# puts "============================================"
============================================
# puts " Build Complete!"
 Build Complete!
# puts " Bitstream: $bit_dst"
 Bitstream: /home/minkey/work/RiscV_WebSoC_v1/RiscV_WebSoC/build_RiscV_WebSoC_v0002_20260729_153011/RiscV_WebSoC_v0002_20260729_153011.bit
# puts "============================================"
============================================
INFO: [Common 17-206] Exiting Vivado at Wed Jul 29 15:32:20 2026...
