#-----------------------------------------------------------
# Vivado v2024.1 (64-bit)
# SW Build 5076996 on Wed May 22 18:36:09 MDT 2024
# IP Build 5075265 on Wed May 22 21:45:21 MDT 2024
# SharedData Build 5076995 on Wed May 22 18:29:18 MDT 2024
# Start of session at: Mon Jul 27 22:19:30 2026
# Process ID: 206271
# Current directory: /home/haitaoz/work/FPGA_Prj/RiscV_WebSoC/build_xilinx
# Command line: vivado -mode batch -source build.tcl -log vivado2.log -journal vivado2.jou
# Log file: /home/haitaoz/work/FPGA_Prj/RiscV_WebSoC/build_xilinx/vivado2.log
# Journal file: /home/haitaoz/work/FPGA_Prj/RiscV_WebSoC/build_xilinx/vivado2.jou
# Running On        :haitaoz-pc
# Platform          :Ubuntu
# Operating System  :Ubuntu 26.04 LTS
# Processor Detail  :AMD Ryzen 7 5800H with Radeon Graphics
# CPU Frequency     :3315.611 MHz
# CPU Physical cores:8
# CPU Logical cores :16
# Host memory       :13954 MB
# Swap memory       :4294 MB
# Total Virtual     :18249 MB
# Available Virtual :10521 MB
#-----------------------------------------------------------
source build.tcl
# set proj_name "RiscV_WebSoC"
# set proj_dir  [file normalize "."]
# set rtl_dir   [file normalize "../rtl"]
# create_project -force $proj_name $proj_dir -part xc7a35tfgg484-2
# puts "\[OK\] Project created"
[OK] Project created
# set vfiles [glob -nocomplain ${rtl_dir}/*.v ${rtl_dir}/*.sv]
# foreach f [lsort $vfiles] {
#     add_files -norecurse $f
# }
# puts "\[OK\] Added [llength $vfiles] RTL files"
[OK] Added 43 RTL files
# set_property FILE_TYPE SYSTEMVERILOG [get_files -filter {FILE_TYPE == Verilog}]
# set_property top webserver_cpu_top [current_fileset]
# update_compile_order -fileset sources_1
# set jtag_xci [file normalize "jtag_axi_0.xci"]
# if {[file exists $jtag_xci]} {
#     read_ip $jtag_xci
#     upgrade_ip [get_ips]
#     generate_target all [get_ips]
#     puts "\[OK\] JTAG IP added"
# }
INFO: [IP_Flow 19-234] Refreshing IP repositories
INFO: [IP_Flow 19-1704] No user IP repositories specified
INFO: [IP_Flow 19-2313] Loaded Vivado IP repository '/home/haitaoz/Xilinx/2024.1/Vivado/2024.1/data/ip'.
WARNING: [Vivado 12-13650] The IP file '/home/haitaoz/work/FPGA_Prj/RiscV_WebSoC/build_xilinx/jtag_axi_0.xci' has been moved from its original location, as a result the outputs for this IP will now be generated in '/home/haitaoz/work/FPGA_Prj/RiscV_WebSoC/build_xilinx/JtagCPU_Amd.gen/sources_1/ip/jtag_axi_0'. Alternatively a copy of the IP can be imported into the project using one of the 'import_ip' or 'import_files' commands.
WARNING: [Coretcl 2-1042] No IP was identified for upgrade.
[OK] JTAG IP added
# add_files -fileset constrs_1 -norecurse [file normalize "pins.xdc"]
# add_files -fileset constrs_1 -norecurse [file normalize "timing.xdc"]
# puts "Running Synthesis..."
Running Synthesis...
# launch_runs synth_1 -jobs 8
INFO: [Vivado 12-4149] The synthesis checkpoint for IP '/home/haitaoz/work/FPGA_Prj/RiscV_WebSoC/build_xilinx/jtag_axi_0.xci' is already up-to-date
WARNING: [Vivado 12-7122] Auto Incremental Compile:: No reference checkpoint was found in run synth_1. Auto-incremental flow will not be run, the standard flow will be run instead.
[Mon Jul 27 22:19:39 2026] Launched synth_1...
Run output will be captured here: /home/haitaoz/work/FPGA_Prj/RiscV_WebSoC/build_xilinx/RiscV_WebSoC.runs/synth_1/runme.log
# wait_on_run synth_1
[Mon Jul 27 22:19:39 2026] Waiting for synth_1 to finish...

*** Running vivado
    with args -log webserver_cpu_top.vds -m64 -product Vivado -mode batch -messageDb vivado.pb -notrace -source webserver_cpu_top.tcl


****** Vivado v2024.1 (64-bit)
  **** SW Build 5076996 on Wed May 22 18:36:09 MDT 2024
  **** IP Build 5075265 on Wed May 22 21:45:21 MDT 2024
  **** SharedData Build 5076995 on Wed May 22 18:29:18 MDT 2024
  **** Start of session at: Mon Jul 27 22:19:40 2026
    ** Copyright 1986-2022 Xilinx, Inc. All Rights Reserved.
    ** Copyright 2022-2024 Advanced Micro Devices, Inc. All Rights Reserved.

source webserver_cpu_top.tcl -notrace
Command: synth_design -top webserver_cpu_top -part xc7a35tfgg484-2
Starting synth_design
Attempting to get a license for feature 'Synthesis' and/or device 'xc7a35t'
INFO: [Common 17-349] Got license for feature 'Synthesis' and/or device 'xc7a35t'
INFO: [Device 21-403] Loading part xc7a35tfgg484-2
INFO: [Device 21-9227] Part: xc7a35tfgg484-2 does not have CEAM library.
INFO: [Synth 8-7079] Multithreading enabled for synth_design using a maximum of 4 processes.
INFO: [Synth 8-7078] Launching helper process for spawning children vivado processes
INFO: [Synth 8-7075] Helper process launched with PID 206628
---------------------------------------------------------------------------------
Starting RTL Elaboration : Time (s): cpu = 00:00:03 ; elapsed = 00:00:03 . Memory (MB): peak = 2217.875 ; gain = 411.715 ; free physical = 2928 ; free virtual = 7991
---------------------------------------------------------------------------------
INFO: [Synth 8-11241] undeclared symbol 'rx_byte_cnt', assumed default net type 'wire' [/home/haitaoz/work/FPGA_Prj/RiscV_WebSoC/rtl/cpu_channel.v:105]
WARNING: [Synth 8-11065] parameter 'ram_latency_cycles' becomes localparam in 'ramintf' with formal parameter declaration list [/home/haitaoz/work/FPGA_Prj/RiscV_WebSoC/rtl/ramintf.v:21]
INFO: [Synth 8-6157] synthesizing module 'webserver_cpu_top' [/home/haitaoz/work/FPGA_Prj/RiscV_WebSoC/rtl/webserver_cpu_top.v:8]
INFO: [Synth 8-6157] synthesizing module 'mmcm_50_125' [/home/haitaoz/work/FPGA_Prj/RiscV_WebSoC/rtl/mmcm_50_125.v:21]
INFO: [Synth 8-6157] synthesizing module 'MMCME2_BASE' [/home/haitaoz/Xilinx/2024.1/Vivado/2024.1/scripts/rt/data/unisim_comp.v:82508]
	Parameter BANDWIDTH bound to: OPTIMIZED - type: string 
	Parameter CLKFBOUT_MULT_F bound to: 20.000000 - type: double 
	Parameter CLKFBOUT_PHASE bound to: 0.000000 - type: double 
	Parameter CLKIN1_PERIOD bound to: 20.000000 - type: double 
	Parameter CLKOUT0_DIVIDE_F bound to: 8.000000 - type: double 
	Parameter CLKOUT0_DUTY_CYCLE bound to: 0.500000 - type: double 
	Parameter CLKOUT0_PHASE bound to: 0.000000 - type: double 
	Parameter CLKOUT1_DIVIDE bound to: 5 - type: integer 
	Parameter CLKOUT1_DUTY_CYCLE bound to: 0.500000 - type: double 
	Parameter CLKOUT1_PHASE bound to: 0.000000 - type: double 
	Parameter CLKOUT2_DIVIDE bound to: 8 - type: integer 
	Parameter CLKOUT2_DUTY_CYCLE bound to: 0.500000 - type: double 
	Parameter CLKOUT2_PHASE bound to: 90.000000 - type: double 
	Parameter CLKOUT3_DIVIDE bound to: 20 - type: integer 
	Parameter CLKOUT3_DUTY_CYCLE bound to: 0.500000 - type: double 
	Parameter CLKOUT3_PHASE bound to: 0.000000 - type: double 
	Parameter DIVCLK_DIVIDE bound to: 1 - type: integer 
	Parameter REF_JITTER1 bound to: 0.010000 - type: double 
	Parameter STARTUP_WAIT bound to: FALSE - type: string 
INFO: [Synth 8-6155] done synthesizing module 'MMCME2_BASE' (0#1) [/home/haitaoz/Xilinx/2024.1/Vivado/2024.1/scripts/rt/data/unisim_comp.v:82508]
WARNING: [Synth 8-7071] port 'CLKFBOUTB' of module 'MMCME2_BASE' is unconnected for instance 'u_mmcm' [/home/haitaoz/work/FPGA_Prj/RiscV_WebSoC/rtl/mmcm_50_125.v:79]
WARNING: [Synth 8-7071] port 'CLKOUT0B' of module 'MMCME2_BASE' is unconnected for instance 'u_mmcm' [/home/haitaoz/work/FPGA_Prj/RiscV_WebSoC/rtl/mmcm_50_125.v:79]
WARNING: [Synth 8-7071] port 'CLKOUT1B' of module 'MMCME2_BASE' is unconnected for instance 'u_mmcm' [/home/haitaoz/work/FPGA_Prj/RiscV_WebSoC/rtl/mmcm_50_125.v:79]
WARNING: [Synth 8-7071] port 'CLKOUT2B' of module 'MMCME2_BASE' is unconnected for instance 'u_mmcm' [/home/haitaoz/work/FPGA_Prj/RiscV_WebSoC/rtl/mmcm_50_125.v:79]
WARNING: [Synth 8-7071] port 'CLKOUT3B' of module 'MMCME2_BASE' is unconnected for instance 'u_mmcm' [/home/haitaoz/work/FPGA_Prj/RiscV_WebSoC/rtl/mmcm_50_125.v:79]
WARNING: [Synth 8-7071] port 'CLKOUT4' of module 'MMCME2_BASE' is unconnected for instance 'u_mmcm' [/home/haitaoz/work/FPGA_Prj/RiscV_WebSoC/rtl/mmcm_50_125.v:79]
WARNING: [Synth 8-7071] port 'CLKOUT5' of module 'MMCME2_BASE' is unconnected for instance 'u_mmcm' [/home/haitaoz/work/FPGA_Prj/RiscV_WebSoC/rtl/mmcm_50_125.v:79]
WARNING: [Synth 8-7071] port 'CLKOUT6' of module 'MMCME2_BASE' is unconnected for instance 'u_mmcm' [/home/haitaoz/work/FPGA_Prj/RiscV_WebSoC/rtl/mmcm_50_125.v:79]
WARNING: [Synth 8-7023] instance 'u_mmcm' of module 'MMCME2_BASE' has 18 connections declared, but only 10 given [/home/haitaoz/work/FPGA_Prj/RiscV_WebSoC/rtl/mmcm_50_125.v:79]
INFO: [Synth 8-6157] synthesizing module 'BUFG' [/home/haitaoz/Xilinx/2024.1/Vivado/2024.1/scripts/rt/data/unisim_comp.v:1951]
INFO: [Synth 8-6155] done synthesizing module 'BUFG' (0#1) [/home/haitaoz/Xilinx/2024.1/Vivado/2024.1/scripts/rt/data/unisim_comp.v:1951]
INFO: [Synth 8-6155] done synthesizing module 'mmcm_50_125' (0#1) [/home/haitaoz/work/FPGA_Prj/RiscV_WebSoC/rtl/mmcm_50_125.v:21]
INFO: [Synth 8-6157] synthesizing module 'fpga_build_time' [/home/haitaoz/work/FPGA_Prj/RiscV_WebSoC/rtl/fpga_build_time.v:6]
INFO: [Synth 8-6155] done synthesizing module 'fpga_build_time' (0#1) [/home/haitaoz/work/FPGA_Prj/RiscV_WebSoC/rtl/fpga_build_time.v:6]
INFO: [Synth 8-6157] synthesizing module 'rgmii_gmii_bridge' [/home/haitaoz/work/FPGA_Prj/RiscV_WebSoC/rtl/rgmii_gmii_bridge.v:22]
INFO: [Synth 8-6157] synthesizing module 'gmii_to_rgmii' [/home/haitaoz/work/FPGA_Prj/RiscV_WebSoC/rtl/gmii_to_rgmii.v:14]
INFO: [Synth 8-6157] synthesizing module 'ODDR' [/home/haitaoz/Xilinx/2024.1/Vivado/2024.1/scripts/rt/data/unisim_comp.v:100102]
	Parameter DDR_CLK_EDGE bound to: OPPOSITE_EDGE - type: string 
	Parameter INIT bound to: 1'b0 
	Parameter SRTYPE bound to: ASYNC - type: string 
INFO: [Synth 8-6155] done synthesizing module 'ODDR' (0#1) [/home/haitaoz/Xilinx/2024.1/Vivado/2024.1/scripts/rt/data/unisim_comp.v:100102]
INFO: [Synth 8-6155] done synthesizing module 'gmii_to_rgmii' (0#1) [/home/haitaoz/work/FPGA_Prj/RiscV_WebSoC/rtl/gmii_to_rgmii.v:14]
INFO: [Synth 8-6157] synthesizing module 'rgmii_to_gmii' [/home/haitaoz/work/FPGA_Prj/RiscV_WebSoC/rtl/rgmii_to_gmii.v:19]
INFO: [Synth 8-6157] synthesizing module 'IDELAYE2' [/home/haitaoz/Xilinx/2024.1/Vivado/2024.1/scripts/rt/data/unisim_comp.v:75752]
	Parameter DELAY_SRC bound to: IDATAIN - type: string 
	Parameter HIGH_PERFORMANCE_MODE bound to: TRUE - type: string 
	Parameter IDELAY_TYPE bound to: FIXED - type: string 
	Parameter IDELAY_VALUE bound to: 20 - type: integer 
	Parameter REFCLK_FREQUENCY bound to: 200.000000 - type: double 
	Parameter SIGNAL_PATTERN bound to: DATA - type: string 
INFO: [Synth 8-6155] done synthesizing module 'IDELAYE2' (0#1) [/home/haitaoz/Xilinx/2024.1/Vivado/2024.1/scripts/rt/data/unisim_comp.v:75752]
INFO: [Synth 8-6157] synthesizing module 'IDDR' [/home/haitaoz/Xilinx/2024.1/Vivado/2024.1/scripts/rt/data/unisim_comp.v:75617]
	Parameter DDR_CLK_EDGE bound to: SAME_EDGE_PIPELINED - type: string 
	Parameter INIT_Q1 bound to: 1'b0 
	Parameter INIT_Q2 bound to: 1'b0 
	Parameter SRTYPE bound to: ASYNC - type: string 
INFO: [Synth 8-6155] done synthesizing module 'IDDR' (0#1) [/home/haitaoz/Xilinx/2024.1/Vivado/2024.1/scripts/rt/data/unisim_comp.v:75617]
WARNING: [Synth 8-4446] all outputs are unconnected for this instance and logic may be removed [/home/haitaoz/work/FPGA_Prj/RiscV_WebSoC/rtl/rgmii_to_gmii.v:39]
INFO: [Synth 8-6157] synthesizing module 'IDELAYCTRL' [/home/haitaoz/Xilinx/2024.1/Vivado/2024.1/scripts/rt/data/unisim_comp.v:75739]
INFO: [Synth 8-6155] done synthesizing module 'IDELAYCTRL' (0#1) [/home/haitaoz/Xilinx/2024.1/Vivado/2024.1/scripts/rt/data/unisim_comp.v:75739]
INFO: [Synth 8-6155] done synthesizing module 'rgmii_to_gmii' (0#1) [/home/haitaoz/work/FPGA_Prj/RiscV_WebSoC/rtl/rgmii_to_gmii.v:19]
INFO: [Synth 8-6155] done synthesizing module 'rgmii_gmii_bridge' (0#1) [/home/haitaoz/work/FPGA_Prj/RiscV_WebSoC/rtl/rgmii_gmii_bridge.v:22]
INFO: [Synth 8-6157] synthesizing module 'gmii2mac' [/home/haitaoz/work/FPGA_Prj/RiscV_WebSoC/rtl/gmii2mac.v:3]
INFO: [Synth 8-6157] synthesizing module 'dual_clock_fifo' [/home/haitaoz/work/FPGA_Prj/RiscV_WebSoC/rtl/dual_clock_fifo.v:17]
	Parameter addr_width bound to: 4 - type: integer 
	Parameter data_width bound to: 10 - type: integer 
	Parameter ram_type bound to: distributed - type: string 
INFO: [Synth 8-6155] done synthesizing module 'dual_clock_fifo' (0#1) [/home/haitaoz/work/FPGA_Prj/RiscV_WebSoC/rtl/dual_clock_fifo.v:17]
INFO: [Synth 8-6157] synthesizing module 'eth_presemble' [/home/haitaoz/work/FPGA_Prj/RiscV_WebSoC/rtl/eth_presemble.v:14]
	Parameter rx_presemble_en bound to: 1 - type: integer 
	Parameter tx_presemble_en bound to: 1 - type: integer 
	Parameter data_width bound to: 8 - type: integer 
INFO: [Synth 8-6157] synthesizing module 'fix_delay' [/home/haitaoz/work/FPGA_Prj/RiscV_WebSoC/rtl/fix_delay.v:15]
	Parameter delay_cycles bound to: 8 - type: integer 
	Parameter data_width bound to: 9 - type: integer 
	Parameter ram_type bound to: registers - type: string 
	Parameter block_ram_size bound to: 9 - type: integer 
	Parameter vendor bound to: (null) - type: string 
INFO: [Synth 8-6157] synthesizing module 'single_clock_simple_dual_port_ram' [/home/haitaoz/work/FPGA_Prj/RiscV_WebSoC/rtl/single_clock_simple_dual_port_ram.v:31]
	Parameter data_width bound to: 9 - type: integer 
	Parameter addr_width bound to: 3 - type: integer 
	Parameter depth bound to: 8 - type: integer 
	Parameter block_ram_size bound to: 9 - type: integer 
	Parameter ram_type bound to: registers - type: string 
	Parameter vendor bound to: (null) - type: string 
INFO: [Synth 8-6155] done synthesizing module 'single_clock_simple_dual_port_ram' (0#1) [/home/haitaoz/work/FPGA_Prj/RiscV_WebSoC/rtl/single_clock_simple_dual_port_ram.v:31]
INFO: [Synth 8-6155] done synthesizing module 'fix_delay' (0#1) [/home/haitaoz/work/FPGA_Prj/RiscV_WebSoC/rtl/fix_delay.v:15]
INFO: [Synth 8-6155] done synthesizing module 'eth_presemble' (0#1) [/home/haitaoz/work/FPGA_Prj/RiscV_WebSoC/rtl/eth_presemble.v:14]
INFO: [Synth 8-6157] synthesizing module 'mac_top' [/home/haitaoz/work/FPGA_Prj/RiscV_WebSoC/rtl/mac_top.v:17]
INFO: [Synth 8-6157] synthesizing module 'mac_rx' [/home/haitaoz/work/FPGA_Prj/RiscV_WebSoC/rtl/mac_rx.v:19]
INFO: [Synth 8-6157] synthesizing module 'crc' [/home/haitaoz/work/FPGA_Prj/RiscV_WebSoC/rtl/crc.v:42]
	Parameter data_in_width bound to: 8 - type: integer 
	Parameter crc_type bound to: 0 - type: integer 
INFO: [Synth 8-6155] done synthesizing module 'crc' (0#1) [/home/haitaoz/work/FPGA_Prj/RiscV_WebSoC/rtl/crc.v:42]
INFO: [Synth 8-6157] synthesizing module 'sop_eop_gen' [/home/haitaoz/work/FPGA_Prj/RiscV_WebSoC/rtl/sop_eop_gen.v:14]
	Parameter data_width bound to: 8 - type: integer 
INFO: [Synth 8-6155] done synthesizing module 'sop_eop_gen' (0#1) [/home/haitaoz/work/FPGA_Prj/RiscV_WebSoC/rtl/sop_eop_gen.v:14]
INFO: [Synth 8-6155] done synthesizing module 'mac_rx' (0#1) [/home/haitaoz/work/FPGA_Prj/RiscV_WebSoC/rtl/mac_rx.v:19]
INFO: [Synth 8-6157] synthesizing module 'mac_tx' [/home/haitaoz/work/FPGA_Prj/RiscV_WebSoC/rtl/mac_tx.v:19]
INFO: [Synth 8-6157] synthesizing module 'fix_delay__parameterized0' [/home/haitaoz/work/FPGA_Prj/RiscV_WebSoC/rtl/fix_delay.v:15]
	Parameter delay_cycles bound to: 4 - type: integer 
	Parameter data_width bound to: 9 - type: integer 
	Parameter ram_type bound to: registers - type: string 
INFO: [Synth 8-6157] synthesizing module 'single_clock_simple_dual_port_ram__parameterized0' [/home/haitaoz/work/FPGA_Prj/RiscV_WebSoC/rtl/single_clock_simple_dual_port_ram.v:31]
	Parameter data_width bound to: 9 - type: integer 
	Parameter addr_width bound to: 2 - type: integer 
	Parameter depth bound to: 4 - type: integer 
	Parameter block_ram_size bound to: 9 - type: integer 
	Parameter ram_type bound to: registers - type: string 
	Parameter vendor bound to: (null) - type: string 
INFO: [Synth 8-6155] done synthesizing module 'single_clock_simple_dual_port_ram__parameterized0' (0#1) [/home/haitaoz/work/FPGA_Prj/RiscV_WebSoC/rtl/single_clock_simple_dual_port_ram.v:31]
INFO: [Synth 8-6155] done synthesizing module 'fix_delay__parameterized0' (0#1) [/home/haitaoz/work/FPGA_Prj/RiscV_WebSoC/rtl/fix_delay.v:15]
INFO: [Synth 8-6155] done synthesizing module 'mac_tx' (0#1) [/home/haitaoz/work/FPGA_Prj/RiscV_WebSoC/rtl/mac_tx.v:19]
INFO: [Synth 8-6155] done synthesizing module 'mac_top' (0#1) [/home/haitaoz/work/FPGA_Prj/RiscV_WebSoC/rtl/mac_top.v:17]
INFO: [Synth 8-6155] done synthesizing module 'gmii2mac' (0#1) [/home/haitaoz/work/FPGA_Prj/RiscV_WebSoC/rtl/gmii2mac.v:3]
INFO: [Synth 8-6157] synthesizing module 'cpu_channel' [/home/haitaoz/work/FPGA_Prj/RiscV_WebSoC/rtl/cpu_channel.v:19]
	Parameter cpu_buf_addr_width bound to: 12 - type: integer 
	Parameter cpu_buf_block_mode bound to: false - type: string 
	Parameter cpu_buf_block_addr_width bound to: 3 - type: integer 
	Parameter cpu_buf_data_width bound to: 8 - type: integer 
	Parameter cpu_buf_para_width bound to: 1 - type: integer 
INFO: [Synth 8-6157] synthesizing module 'ram2pktfifo_int' [/home/haitaoz/work/FPGA_Prj/RiscV_WebSoC/rtl/ram2pktfifo_int.v:15]
	Parameter addr_width bound to: 12 - type: integer 
	Parameter data_width bound to: 8 - type: integer 
	Parameter para_width bound to: 1 - type: integer 
INFO: [Synth 8-6155] done synthesizing module 'ram2pktfifo_int' (0#1) [/home/haitaoz/work/FPGA_Prj/RiscV_WebSoC/rtl/ram2pktfifo_int.v:15]
WARNING: [Synth 8-689] width (1) of port connection 'ram_waddr' does not match port width (12) of module 'ram2pktfifo_int' [/home/haitaoz/work/FPGA_Prj/RiscV_WebSoC/rtl/cpu_channel.v:105]
INFO: [Synth 8-6157] synthesizing module 'package_fifo_v2' [/home/haitaoz/work/FPGA_Prj/RiscV_WebSoC/rtl/package_fifo_v2.v:14]
	Parameter dual_clock bound to: 1 - type: integer 
	Parameter addr_width bound to: 12 - type: integer 
	Parameter block_addr_width bound to: 3 - type: integer 
	Parameter data_width bound to: 8 - type: integer 
	Parameter para_width bound to: 1 - type: integer 
	Parameter para_ram_type bound to: registers - type: string 
	Parameter data_ram_type bound to: M9K - type: string 
	Parameter max_pkt_length bound to: 1518 - type: integer 
	Parameter block_mode bound to: false - type: string 
INFO: [Synth 8-6157] synthesizing module 'pulse_clock_region_pass' [/home/haitaoz/work/FPGA_Prj/RiscV_WebSoC/rtl/pulse_clock_region_pass.v:14]
INFO: [Synth 8-6155] done synthesizing module 'pulse_clock_region_pass' (0#1) [/home/haitaoz/work/FPGA_Prj/RiscV_WebSoC/rtl/pulse_clock_region_pass.v:14]
INFO: [Synth 8-6157] synthesizing module 'dual_clock_fifo__parameterized0' [/home/haitaoz/work/FPGA_Prj/RiscV_WebSoC/rtl/dual_clock_fifo.v:17]
	Parameter addr_width bound to: 3 - type: integer 
	Parameter data_width bound to: 26 - type: integer 
	Parameter ram_type bound to: registers - type: string 
INFO: [Synth 8-6155] done synthesizing module 'dual_clock_fifo__parameterized0' (0#1) [/home/haitaoz/work/FPGA_Prj/RiscV_WebSoC/rtl/dual_clock_fifo.v:17]
INFO: [Synth 8-6157] synthesizing module 'dual_clock_simple_dual_port_ram' [/home/haitaoz/work/FPGA_Prj/RiscV_WebSoC/rtl/dual_clock_simple_dual_port_ram.v:26]
	Parameter data_width bound to: 8 - type: integer 
	Parameter addr_width bound to: 12 - type: integer 
	Parameter depth bound to: 4096 - type: integer 
	Parameter block_ram_size bound to: 32 - type: integer 
	Parameter ram_type bound to: M9K - type: string 
	Parameter vendor bound to: (null) - type: string 
INFO: [Synth 8-6155] done synthesizing module 'dual_clock_simple_dual_port_ram' (0#1) [/home/haitaoz/work/FPGA_Prj/RiscV_WebSoC/rtl/dual_clock_simple_dual_port_ram.v:26]
INFO: [Synth 8-6155] done synthesizing module 'package_fifo_v2' (0#1) [/home/haitaoz/work/FPGA_Prj/RiscV_WebSoC/rtl/package_fifo_v2.v:14]
WARNING: [Synth 8-7071] port 'overflow' of module 'package_fifo_v2' is unconnected for instance 'u_package_fifo_cpu_rd' [/home/haitaoz/work/FPGA_Prj/RiscV_WebSoC/rtl/cpu_channel.v:145]
WARNING: [Synth 8-7071] port 'underflow' of module 'package_fifo_v2' is unconnected for instance 'u_package_fifo_cpu_rd' [/home/haitaoz/work/FPGA_Prj/RiscV_WebSoC/rtl/cpu_channel.v:145]
WARNING: [Synth 8-7023] instance 'u_package_fifo_cpu_rd' of module 'package_fifo_v2' has 22 connections declared, but only 20 given [/home/haitaoz/work/FPGA_Prj/RiscV_WebSoC/rtl/cpu_channel.v:145]
WARNING: [Synth 8-7071] port 'overflow' of module 'package_fifo_v2' is unconnected for instance 'u_package_fifo_cpu_wr' [/home/haitaoz/work/FPGA_Prj/RiscV_WebSoC/rtl/cpu_channel.v:187]
WARNING: [Synth 8-7071] port 'underflow' of module 'package_fifo_v2' is unconnected for instance 'u_package_fifo_cpu_wr' [/home/haitaoz/work/FPGA_Prj/RiscV_WebSoC/rtl/cpu_channel.v:187]
WARNING: [Synth 8-7023] instance 'u_package_fifo_cpu_wr' of module 'package_fifo_v2' has 22 connections declared, but only 20 given [/home/haitaoz/work/FPGA_Prj/RiscV_WebSoC/rtl/cpu_channel.v:187]
INFO: [Synth 8-6157] synthesizing module 'pktfifo2ram_int_v2' [/home/haitaoz/work/FPGA_Prj/RiscV_WebSoC/rtl/pktfifo2ram_int_v2.v:15]
	Parameter addr_width bound to: 12 - type: integer 
	Parameter data_width bound to: 8 - type: integer 
	Parameter para_width bound to: 1 - type: integer 
	Parameter ipg bound to: 8 - type: integer 
	Parameter block_mode bound to: false - type: string 
INFO: [Synth 8-6155] done synthesizing module 'pktfifo2ram_int_v2' (0#1) [/home/haitaoz/work/FPGA_Prj/RiscV_WebSoC/rtl/pktfifo2ram_int_v2.v:15]
INFO: [Synth 8-6155] done synthesizing module 'cpu_channel' (0#1) [/home/haitaoz/work/FPGA_Prj/RiscV_WebSoC/rtl/cpu_channel.v:19]
INFO: [Synth 8-6157] synthesizing module 'lcpu_riscv_wrapper' [/home/haitaoz/work/FPGA_Prj/RiscV_WebSoC/rtl/lcpu_riscv_wrapper.v:1]
	Parameter sim_mod bound to: 0 - type: integer 
	Parameter lcpu_type bound to: uart - type: string 
	Parameter uart_baud_rate bound to: 115200 - type: integer 
	Parameter riscv_inst_en bound to: 1 - type: integer 
	Parameter instr_databits bound to: 32 - type: integer 
	Parameter init_addr_width bound to: 13 - type: integer 
	Parameter init_addr_depth bound to: 2048 - type: integer 
	Parameter device_vendor bound to: xilinx - type: string 
	Parameter instr_ram_type bound to: block - type: string 
	Parameter init_blockram_size bound to: 8 - type: integer 
	Parameter enable_irq bound to: 0 - type: integer 
	Parameter enable_irq_qregs bound to: 1 - type: integer 
	Parameter progaddr_irq bound to: 16 - type: integer 
INFO: [Synth 8-6157] synthesizing module 'lcpu_top' [/home/haitaoz/work/FPGA_Prj/RiscV_WebSoC/rtl/lcpu_top.v:3]
	Parameter lcpu_vendor bound to: uart - type: string 
	Parameter device_vendor bound to: xilinx - type: string 
	Parameter uart_baud_rate bound to: 115200 - type: integer 
INFO: [Synth 8-6157] synthesizing module 'uart_lcpu_top' [/home/haitaoz/work/FPGA_Prj/RiscV_WebSoC/rtl/uart_lcpu_top.v:1]
	Parameter uart_baud_rate bound to: 115200 - type: integer 
	Parameter para_ram_type bound to: distributed - type: string 
	Parameter data_ram_type bound to: block - type: string 
INFO: [Synth 8-6157] synthesizing module 'uart' [/home/haitaoz/work/FPGA_Prj/RiscV_WebSoC/rtl/uart.v:14]
	Parameter baud_rate bound to: 115200 - type: integer 
	Parameter data_number bound to: 16 - type: integer 
	Parameter data_width bound to: 8 - type: integer 
	Parameter ram_type bound to: block - type: string 
INFO: [Synth 8-6157] synthesizing module 'clock_frequency_divider' [/home/haitaoz/work/FPGA_Prj/RiscV_WebSoC/rtl/clock_frequency_divider.v:17]
	Parameter div_Mbits bound to: 28 - type: integer 
	Parameter div_Nbits bound to: 28 - type: integer 
INFO: [Synth 8-6155] done synthesizing module 'clock_frequency_divider' (0#1) [/home/haitaoz/work/FPGA_Prj/RiscV_WebSoC/rtl/clock_frequency_divider.v:17]
INFO: [Synth 8-6157] synthesizing module 'uart_rx' [/home/haitaoz/work/FPGA_Prj/RiscV_WebSoC/rtl/uart_rx.v:14]
	Parameter addr_width bound to: 4 - type: integer 
	Parameter data_width bound to: 8 - type: integer 
	Parameter ram_type bound to: block - type: string 
INFO: [Synth 8-6157] synthesizing module 'dual_clock_fifo__parameterized1' [/home/haitaoz/work/FPGA_Prj/RiscV_WebSoC/rtl/dual_clock_fifo.v:17]
	Parameter addr_width bound to: 4 - type: integer 
	Parameter data_width bound to: 8 - type: integer 
	Parameter ram_type bound to: block - type: string 
INFO: [Synth 8-6155] done synthesizing module 'dual_clock_fifo__parameterized1' (0#1) [/home/haitaoz/work/FPGA_Prj/RiscV_WebSoC/rtl/dual_clock_fifo.v:17]
INFO: [Synth 8-6155] done synthesizing module 'uart_rx' (0#1) [/home/haitaoz/work/FPGA_Prj/RiscV_WebSoC/rtl/uart_rx.v:14]
INFO: [Synth 8-6157] synthesizing module 'uart_tx' [/home/haitaoz/work/FPGA_Prj/RiscV_WebSoC/rtl/uart_tx.v:14]
	Parameter addr_width bound to: 4 - type: integer 
	Parameter data_width bound to: 8 - type: integer 
	Parameter ram_type bound to: block - type: string 
INFO: [Synth 8-6155] done synthesizing module 'uart_tx' (0#1) [/home/haitaoz/work/FPGA_Prj/RiscV_WebSoC/rtl/uart_tx.v:14]
INFO: [Synth 8-6155] done synthesizing module 'uart' (0#1) [/home/haitaoz/work/FPGA_Prj/RiscV_WebSoC/rtl/uart.v:14]
INFO: [Synth 8-6157] synthesizing module 'uart_lcpu' [/home/haitaoz/work/FPGA_Prj/RiscV_WebSoC/rtl/uart_lcpu.v:14]
	Parameter addr_width bound to: 5 - type: integer 
	Parameter block_addr_width bound to: 2 - type: integer 
	Parameter data_width bound to: 8 - type: integer 
	Parameter para_width bound to: 2 - type: integer 
	Parameter para_ram_type bound to: distributed - type: string 
	Parameter data_ram_type bound to: block - type: string 
INFO: [Synth 8-6157] synthesizing module 'uart_in_pktfifo' [/home/haitaoz/work/FPGA_Prj/RiscV_WebSoC/rtl/uart_lcpu.v:161]
	Parameter addr_width bound to: 5 - type: integer 
	Parameter data_width bound to: 8 - type: integer 
	Parameter para_width bound to: 2 - type: integer 
INFO: [Synth 8-6155] done synthesizing module 'uart_in_pktfifo' (0#1) [/home/haitaoz/work/FPGA_Prj/RiscV_WebSoC/rtl/uart_lcpu.v:161]
INFO: [Synth 8-6157] synthesizing module 'package_fifo_v2__parameterized0' [/home/haitaoz/work/FPGA_Prj/RiscV_WebSoC/rtl/package_fifo_v2.v:14]
	Parameter dual_clock bound to: 0 - type: integer 
	Parameter addr_width bound to: 5 - type: integer 
	Parameter block_addr_width bound to: 2 - type: integer 
	Parameter data_width bound to: 8 - type: integer 
	Parameter para_width bound to: 2 - type: integer 
	Parameter para_ram_type bound to: distributed - type: string 
	Parameter data_ram_type bound to: block - type: string 
	Parameter block_mode bound to: true - type: string 
INFO: [Synth 8-6157] synthesizing module 'single_clock_fifo' [/home/haitaoz/work/FPGA_Prj/RiscV_WebSoC/rtl/single_clock_fifo.v:17]
	Parameter addr_width bound to: 2 - type: integer 
	Parameter data_width bound to: 10 - type: integer 
	Parameter ram_type bound to: distributed - type: string 
INFO: [Synth 8-6155] done synthesizing module 'single_clock_fifo' (0#1) [/home/haitaoz/work/FPGA_Prj/RiscV_WebSoC/rtl/single_clock_fifo.v:17]
INFO: [Synth 8-6157] synthesizing module 'single_clock_simple_dual_port_ram__parameterized1' [/home/haitaoz/work/FPGA_Prj/RiscV_WebSoC/rtl/single_clock_simple_dual_port_ram.v:31]
	Parameter data_width bound to: 8 - type: integer 
	Parameter addr_width bound to: 7 - type: integer 
	Parameter depth bound to: 128 - type: integer 
	Parameter block_ram_size bound to: 32 - type: integer 
	Parameter ram_type bound to: block - type: string 
	Parameter vendor bound to: (null) - type: string 
INFO: [Synth 8-6155] done synthesizing module 'single_clock_simple_dual_port_ram__parameterized1' (0#1) [/home/haitaoz/work/FPGA_Prj/RiscV_WebSoC/rtl/single_clock_simple_dual_port_ram.v:31]
INFO: [Synth 8-6155] done synthesizing module 'package_fifo_v2__parameterized0' (0#1) [/home/haitaoz/work/FPGA_Prj/RiscV_WebSoC/rtl/package_fifo_v2.v:14]
WARNING: [Synth 8-7071] port 'reop_pre' of module 'package_fifo_v2' is unconnected for instance 'u_pkt_fifo' [/home/haitaoz/work/FPGA_Prj/RiscV_WebSoC/rtl/uart_lcpu.v:102]
WARNING: [Synth 8-7071] port 'overflow' of module 'package_fifo_v2' is unconnected for instance 'u_pkt_fifo' [/home/haitaoz/work/FPGA_Prj/RiscV_WebSoC/rtl/uart_lcpu.v:102]
WARNING: [Synth 8-7071] port 'underflow' of module 'package_fifo_v2' is unconnected for instance 'u_pkt_fifo' [/home/haitaoz/work/FPGA_Prj/RiscV_WebSoC/rtl/uart_lcpu.v:102]
WARNING: [Synth 8-7023] instance 'u_pkt_fifo' of module 'package_fifo_v2' has 22 connections declared, but only 19 given [/home/haitaoz/work/FPGA_Prj/RiscV_WebSoC/rtl/uart_lcpu.v:102]
INFO: [Synth 8-6157] synthesizing module 'pktfifo_out_lcpu' [/home/haitaoz/work/FPGA_Prj/RiscV_WebSoC/rtl/uart_lcpu.v:338]
	Parameter addr_width bound to: 5 - type: integer 
	Parameter data_width bound to: 8 - type: integer 
	Parameter para_width bound to: 2 - type: integer 
INFO: [Synth 8-6155] done synthesizing module 'pktfifo_out_lcpu' (0#1) [/home/haitaoz/work/FPGA_Prj/RiscV_WebSoC/rtl/uart_lcpu.v:338]
INFO: [Synth 8-6157] synthesizing module 'lcpu_out_uart' [/home/haitaoz/work/FPGA_Prj/RiscV_WebSoC/rtl/uart_lcpu.v:534]
INFO: [Synth 8-226] default block is never used [/home/haitaoz/work/FPGA_Prj/RiscV_WebSoC/rtl/uart_lcpu.v:552]
INFO: [Synth 8-6155] done synthesizing module 'lcpu_out_uart' (0#1) [/home/haitaoz/work/FPGA_Prj/RiscV_WebSoC/rtl/uart_lcpu.v:534]
INFO: [Synth 8-6155] done synthesizing module 'uart_lcpu' (0#1) [/home/haitaoz/work/FPGA_Prj/RiscV_WebSoC/rtl/uart_lcpu.v:14]
INFO: [Synth 8-6155] done synthesizing module 'uart_lcpu_top' (0#1) [/home/haitaoz/work/FPGA_Prj/RiscV_WebSoC/rtl/uart_lcpu_top.v:1]
INFO: [Synth 8-6155] done synthesizing module 'lcpu_top' (0#1) [/home/haitaoz/work/FPGA_Prj/RiscV_WebSoC/rtl/lcpu_top.v:3]
INFO: [Synth 8-6157] synthesizing module 'riscv32_top' [/home/haitaoz/work/FPGA_Prj/RiscV_WebSoC/rtl/riscv32_top.v:1]
	Parameter instr_databits bound to: 32 - type: integer 
	Parameter init_addr_width bound to: 13 - type: integer 
	Parameter init_addr_depth bound to: 2048 - type: integer 
	Parameter vendor bound to: xilinx - type: string 
	Parameter instr_ram_type bound to: block - type: string 
	Parameter init_blockram_size bound to: 8 - type: integer 
	Parameter enable_irq bound to: 0 - type: integer 
	Parameter enable_irq_qregs bound to: 1 - type: integer 
	Parameter progaddr_irq bound to: 16 - type: integer 
INFO: [Synth 8-6157] synthesizing module 'riscv32_localbus' [/home/haitaoz/work/FPGA_Prj/RiscV_WebSoC/rtl/riscv32_localbus.v:1]
	Parameter enable_irq bound to: 0 - type: integer 
	Parameter enable_irq_qregs bound to: 1 - type: integer 
	Parameter progaddr_irq bound to: 16 - type: integer 
	Parameter stackaddr bound to: 8192 - type: integer 
INFO: [Synth 8-6157] synthesizing module 'picorv32' [/home/haitaoz/work/FPGA_Prj/RiscV_WebSoC/rtl/picorv32.v:62]
	Parameter ENABLE_COUNTERS bound to: 1'b1 
	Parameter ENABLE_COUNTERS64 bound to: 1'b1 
	Parameter ENABLE_REGS_16_31 bound to: 1'b1 
	Parameter ENABLE_REGS_DUALPORT bound to: 1'b1 
	Parameter LATCHED_MEM_RDATA bound to: 1'b0 
	Parameter TWO_STAGE_SHIFT bound to: 1'b1 
	Parameter BARREL_SHIFTER bound to: 1'b0 
	Parameter TWO_CYCLE_COMPARE bound to: 1'b0 
	Parameter TWO_CYCLE_ALU bound to: 1'b0 
	Parameter COMPRESSED_ISA bound to: 1'b1 
	Parameter CATCH_MISALIGN bound to: 1'b0 
	Parameter CATCH_ILLINSN bound to: 1'b1 
	Parameter ENABLE_PCPI bound to: 1'b0 
	Parameter ENABLE_MUL bound to: 1'b0 
	Parameter ENABLE_FAST_MUL bound to: 1'b0 
	Parameter ENABLE_DIV bound to: 1'b0 
	Parameter ENABLE_IRQ bound to: 0 - type: integer 
	Parameter ENABLE_IRQ_QREGS bound to: 1 - type: integer 
	Parameter ENABLE_IRQ_TIMER bound to: 1'b1 
	Parameter ENABLE_TRACE bound to: 1'b0 
	Parameter REGS_INIT_ZERO bound to: 1'b1 
	Parameter MASKED_IRQ bound to: 0 - type: integer 
	Parameter LATCHED_IRQ bound to: -1 - type: integer 
	Parameter PROGADDR_RESET bound to: 0 - type: integer 
	Parameter PROGADDR_IRQ bound to: 16 - type: integer 
	Parameter STACKADDR bound to: 8192 - type: integer 
INFO: [Synth 8-155] case statement is not full and has no default [/home/haitaoz/work/FPGA_Prj/RiscV_WebSoC/rtl/picorv32.v:439]
INFO: [Synth 8-155] case statement is not full and has no default [/home/haitaoz/work/FPGA_Prj/RiscV_WebSoC/rtl/picorv32.v:455]
INFO: [Synth 8-155] case statement is not full and has no default [/home/haitaoz/work/FPGA_Prj/RiscV_WebSoC/rtl/picorv32.v:509]
INFO: [Synth 8-155] case statement is not full and has no default [/home/haitaoz/work/FPGA_Prj/RiscV_WebSoC/rtl/picorv32.v:437]
INFO: [Synth 8-155] case statement is not full and has no default [/home/haitaoz/work/FPGA_Prj/RiscV_WebSoC/rtl/picorv32.v:902]
INFO: [Synth 8-155] case statement is not full and has no default [/home/haitaoz/work/FPGA_Prj/RiscV_WebSoC/rtl/picorv32.v:984]
INFO: [Synth 8-155] case statement is not full and has no default [/home/haitaoz/work/FPGA_Prj/RiscV_WebSoC/rtl/picorv32.v:900]
WARNING: [Synth 8-151] case item 1'b0 is unreachable [/home/haitaoz/work/FPGA_Prj/RiscV_WebSoC/rtl/picorv32.v:1263]
WARNING: [Synth 8-151] case item 1'b0 is unreachable [/home/haitaoz/work/FPGA_Prj/RiscV_WebSoC/rtl/picorv32.v:1309]
INFO: [Synth 8-155] case statement is not full and has no default [/home/haitaoz/work/FPGA_Prj/RiscV_WebSoC/rtl/picorv32.v:1309]
WARNING: [Synth 8-151] case item 1'b0 is unreachable [/home/haitaoz/work/FPGA_Prj/RiscV_WebSoC/rtl/picorv32.v:1492]
INFO: [Synth 8-155] case statement is not full and has no default [/home/haitaoz/work/FPGA_Prj/RiscV_WebSoC/rtl/picorv32.v:1492]
WARNING: [Synth 8-151] case item 1'b0 is unreachable [/home/haitaoz/work/FPGA_Prj/RiscV_WebSoC/rtl/picorv32.v:1578]
WARNING: [Synth 8-151] case item 1'b0 is unreachable [/home/haitaoz/work/FPGA_Prj/RiscV_WebSoC/rtl/picorv32.v:1578]
WARNING: [Synth 8-151] case item 1'b0 is unreachable [/home/haitaoz/work/FPGA_Prj/RiscV_WebSoC/rtl/picorv32.v:1578]
WARNING: [Synth 8-151] case item 1'b0 is unreachable [/home/haitaoz/work/FPGA_Prj/RiscV_WebSoC/rtl/picorv32.v:1578]
WARNING: [Synth 8-151] case item 1'b0 is unreachable [/home/haitaoz/work/FPGA_Prj/RiscV_WebSoC/rtl/picorv32.v:1578]
INFO: [Synth 8-6155] done synthesizing module 'picorv32' (0#1) [/home/haitaoz/work/FPGA_Prj/RiscV_WebSoC/rtl/picorv32.v:62]
WARNING: [Synth 8-7071] port 'trap' of module 'picorv32' is unconnected for instance 'u_picorv32' [/home/haitaoz/work/FPGA_Prj/RiscV_WebSoC/rtl/riscv32_localbus.v:58]
WARNING: [Synth 8-7071] port 'mem_la_read' of module 'picorv32' is unconnected for instance 'u_picorv32' [/home/haitaoz/work/FPGA_Prj/RiscV_WebSoC/rtl/riscv32_localbus.v:58]
WARNING: [Synth 8-7071] port 'mem_la_write' of module 'picorv32' is unconnected for instance 'u_picorv32' [/home/haitaoz/work/FPGA_Prj/RiscV_WebSoC/rtl/riscv32_localbus.v:58]
WARNING: [Synth 8-7071] port 'mem_la_addr' of module 'picorv32' is unconnected for instance 'u_picorv32' [/home/haitaoz/work/FPGA_Prj/RiscV_WebSoC/rtl/riscv32_localbus.v:58]
WARNING: [Synth 8-7071] port 'mem_la_wdata' of module 'picorv32' is unconnected for instance 'u_picorv32' [/home/haitaoz/work/FPGA_Prj/RiscV_WebSoC/rtl/riscv32_localbus.v:58]
WARNING: [Synth 8-7071] port 'mem_la_wstrb' of module 'picorv32' is unconnected for instance 'u_picorv32' [/home/haitaoz/work/FPGA_Prj/RiscV_WebSoC/rtl/riscv32_localbus.v:58]
WARNING: [Synth 8-7071] port 'pcpi_valid' of module 'picorv32' is unconnected for instance 'u_picorv32' [/home/haitaoz/work/FPGA_Prj/RiscV_WebSoC/rtl/riscv32_localbus.v:58]
WARNING: [Synth 8-7071] port 'pcpi_insn' of module 'picorv32' is unconnected for instance 'u_picorv32' [/home/haitaoz/work/FPGA_Prj/RiscV_WebSoC/rtl/riscv32_localbus.v:58]
WARNING: [Synth 8-7071] port 'pcpi_rs1' of module 'picorv32' is unconnected for instance 'u_picorv32' [/home/haitaoz/work/FPGA_Prj/RiscV_WebSoC/rtl/riscv32_localbus.v:58]
WARNING: [Synth 8-7071] port 'pcpi_rs2' of module 'picorv32' is unconnected for instance 'u_picorv32' [/home/haitaoz/work/FPGA_Prj/RiscV_WebSoC/rtl/riscv32_localbus.v:58]
WARNING: [Synth 8-7071] port 'pcpi_wr' of module 'picorv32' is unconnected for instance 'u_picorv32' [/home/haitaoz/work/FPGA_Prj/RiscV_WebSoC/rtl/riscv32_localbus.v:58]
WARNING: [Synth 8-7071] port 'pcpi_rd' of module 'picorv32' is unconnected for instance 'u_picorv32' [/home/haitaoz/work/FPGA_Prj/RiscV_WebSoC/rtl/riscv32_localbus.v:58]
WARNING: [Synth 8-7071] port 'pcpi_wait' of module 'picorv32' is unconnected for instance 'u_picorv32' [/home/haitaoz/work/FPGA_Prj/RiscV_WebSoC/rtl/riscv32_localbus.v:58]
WARNING: [Synth 8-7071] port 'pcpi_ready' of module 'picorv32' is unconnected for instance 'u_picorv32' [/home/haitaoz/work/FPGA_Prj/RiscV_WebSoC/rtl/riscv32_localbus.v:58]
WARNING: [Synth 8-7071] port 'eoi' of module 'picorv32' is unconnected for instance 'u_picorv32' [/home/haitaoz/work/FPGA_Prj/RiscV_WebSoC/rtl/riscv32_localbus.v:58]
WARNING: [Synth 8-7071] port 'trace_valid' of module 'picorv32' is unconnected for instance 'u_picorv32' [/home/haitaoz/work/FPGA_Prj/RiscV_WebSoC/rtl/riscv32_localbus.v:58]
WARNING: [Synth 8-7071] port 'trace_data' of module 'picorv32' is unconnected for instance 'u_picorv32' [/home/haitaoz/work/FPGA_Prj/RiscV_WebSoC/rtl/riscv32_localbus.v:58]
WARNING: [Synth 8-7023] instance 'u_picorv32' of module 'picorv32' has 27 connections declared, but only 10 given [/home/haitaoz/work/FPGA_Prj/RiscV_WebSoC/rtl/riscv32_localbus.v:58]
INFO: [Synth 8-6157] synthesizing module 'riscv32intfbridge' [/home/haitaoz/work/FPGA_Prj/RiscV_WebSoC/rtl/riscv32intfbridge.v:1]
INFO: [Synth 8-6155] done synthesizing module 'riscv32intfbridge' (0#1) [/home/haitaoz/work/FPGA_Prj/RiscV_WebSoC/rtl/riscv32intfbridge.v:1]
INFO: [Synth 8-6155] done synthesizing module 'riscv32_localbus' (0#1) [/home/haitaoz/work/FPGA_Prj/RiscV_WebSoC/rtl/riscv32_localbus.v:1]
INFO: [Synth 8-6157] synthesizing module 'riscv_reg' [/home/haitaoz/work/FPGA_Prj/RiscV_WebSoC/rtl/riscv_reg.v:2]
INFO: [Synth 8-6157] synthesizing module 'ramintf' [/home/haitaoz/work/FPGA_Prj/RiscV_WebSoC/rtl/ramintf.v:1]
	Parameter DataBits bound to: 32 - type: integer 
	Parameter AddrBits bound to: 31 - type: integer 
INFO: [Synth 8-6155] done synthesizing module 'ramintf' (0#1) [/home/haitaoz/work/FPGA_Prj/RiscV_WebSoC/rtl/ramintf.v:1]
WARNING: [Synth 8-7071] port 'Ram_ByteEn' of module 'ramintf' is unconnected for instance 'RAMIF_instuct_ram' [/home/haitaoz/work/FPGA_Prj/RiscV_WebSoC/rtl/riscv_reg.v:138]
WARNING: [Synth 8-7071] port 'byte_en' of module 'ramintf' is unconnected for instance 'RAMIF_instuct_ram' [/home/haitaoz/work/FPGA_Prj/RiscV_WebSoC/rtl/riscv_reg.v:138]
WARNING: [Synth 8-7023] instance 'RAMIF_instuct_ram' of module 'ramintf' has 14 connections declared, but only 12 given [/home/haitaoz/work/FPGA_Prj/RiscV_WebSoC/rtl/riscv_reg.v:138]
INFO: [Synth 8-6155] done synthesizing module 'riscv_reg' (0#1) [/home/haitaoz/work/FPGA_Prj/RiscV_WebSoC/rtl/riscv_reg.v:2]
INFO: [Synth 8-6157] synthesizing module 'single_clock_true_dual_port_ram' [/home/haitaoz/work/FPGA_Prj/RiscV_WebSoC/rtl/single_clock_true_dual_port_ram.v:34]
	Parameter data_width bound to: 32 - type: integer 
	Parameter addr_width bound to: 13 - type: integer 
	Parameter depth bound to: 2048 - type: integer 
	Parameter block_ram_size bound to: 8 - type: integer 
	Parameter ram_type bound to: block - type: string 
	Parameter vendor bound to: xilinx - type: string 
INFO: [Synth 8-6157] synthesizing module 'xpm_memory_tdpram' [/home/haitaoz/Xilinx/2024.1/Vivado/2024.1/data/ip/xpm/xpm_memory/hdl/xpm_memory.sv:9050]
	Parameter MEMORY_SIZE bound to: 8192 - type: integer 
	Parameter MEMORY_PRIMITIVE bound to: block - type: string 
	Parameter CLOCKING_MODE bound to: common_clock - type: string 
	Parameter ECC_MODE bound to: no_ecc - type: string 
	Parameter MEMORY_INIT_FILE bound to: none - type: string 
	Parameter MEMORY_INIT_PARAM bound to: 0 - type: string 
	Parameter USE_MEM_INIT bound to: 0 - type: integer 
	Parameter WAKEUP_TIME bound to: disable_sleep - type: string 
	Parameter AUTO_SLEEP_TIME bound to: 0 - type: integer 
	Parameter MESSAGE_CONTROL bound to: 0 - type: integer 
	Parameter USE_EMBEDDED_CONSTRAINT bound to: 0 - type: integer 
	Parameter MEMORY_OPTIMIZATION bound to: true - type: string 
	Parameter CASCADE_HEIGHT bound to: 0 - type: integer 
	Parameter SIM_ASSERT_CHK bound to: 0 - type: integer 
	Parameter WRITE_DATA_WIDTH_A bound to: 32 - type: integer 
	Parameter READ_DATA_WIDTH_A bound to: 32 - type: integer 
	Parameter BYTE_WRITE_WIDTH_A bound to: 8 - type: integer 
	Parameter ADDR_WIDTH_A bound to: 8 - type: integer 
	Parameter READ_RESET_VALUE_A bound to: 0 - type: string 
	Parameter READ_LATENCY_A bound to: 1 - type: integer 
	Parameter WRITE_MODE_A bound to: read_first - type: string 
	Parameter RST_MODE_A bound to: SYNC - type: string 
	Parameter WRITE_DATA_WIDTH_B bound to: 32 - type: integer 
	Parameter READ_DATA_WIDTH_B bound to: 32 - type: integer 
	Parameter BYTE_WRITE_WIDTH_B bound to: 8 - type: integer 
	Parameter ADDR_WIDTH_B bound to: 8 - type: integer 
	Parameter READ_RESET_VALUE_B bound to: 0 - type: string 
	Parameter READ_LATENCY_B bound to: 1 - type: integer 
	Parameter WRITE_MODE_B bound to: read_first - type: string 
	Parameter RST_MODE_B bound to: SYNC - type: string 
INFO: [Synth 8-6157] synthesizing module 'xpm_memory_base' [/home/haitaoz/Xilinx/2024.1/Vivado/2024.1/data/ip/xpm/xpm_memory/hdl/xpm_memory.sv:54]
INFO: [Synth 8-6155] done synthesizing module 'xpm_memory_base' (0#1) [/home/haitaoz/Xilinx/2024.1/Vivado/2024.1/data/ip/xpm/xpm_memory/hdl/xpm_memory.sv:54]
INFO: [Synth 8-6155] done synthesizing module 'xpm_memory_tdpram' (0#1) [/home/haitaoz/Xilinx/2024.1/Vivado/2024.1/data/ip/xpm/xpm_memory/hdl/xpm_memory.sv:9050]
INFO: [Synth 8-6155] done synthesizing module 'single_clock_true_dual_port_ram' (0#1) [/home/haitaoz/work/FPGA_Prj/RiscV_WebSoC/rtl/single_clock_true_dual_port_ram.v:34]
INFO: [Synth 8-6155] done synthesizing module 'riscv32_top' (0#1) [/home/haitaoz/work/FPGA_Prj/RiscV_WebSoC/rtl/riscv32_top.v:1]
INFO: [Synth 8-6157] synthesizing module 'lcpu_merge' [/home/haitaoz/work/FPGA_Prj/RiscV_WebSoC/rtl/lcpu_merge.v:16]
	Parameter addr_width bound to: 32 - type: integer 
	Parameter data_width bound to: 32 - type: integer 
INFO: [Synth 8-6155] done synthesizing module 'lcpu_merge' (0#1) [/home/haitaoz/work/FPGA_Prj/RiscV_WebSoC/rtl/lcpu_merge.v:16]
INFO: [Synth 8-6155] done synthesizing module 'lcpu_riscv_wrapper' (0#1) [/home/haitaoz/work/FPGA_Prj/RiscV_WebSoC/rtl/lcpu_riscv_wrapper.v:1]
WARNING: [Synth 8-689] width (16) of port connection 'pram_addr' does not match port width (13) of module 'lcpu_riscv_wrapper' [/home/haitaoz/work/FPGA_Prj/RiscV_WebSoC/rtl/webserver_cpu_top.v:321]
INFO: [Synth 8-6157] synthesizing module 'lcpu_fpga_test' [/home/haitaoz/work/FPGA_Prj/RiscV_WebSoC/rtl/lcpu_fpga_test.v:2]
INFO: [Synth 8-6157] synthesizing module 'ramintf__parameterized0' [/home/haitaoz/work/FPGA_Prj/RiscV_WebSoC/rtl/ramintf.v:1]
	Parameter DataBits bound to: 32 - type: integer 
	Parameter AddrBits bound to: 16 - type: integer 
INFO: [Synth 8-6155] done synthesizing module 'ramintf__parameterized0' (0#1) [/home/haitaoz/work/FPGA_Prj/RiscV_WebSoC/rtl/ramintf.v:1]
WARNING: [Synth 8-7071] port 'Ram_ByteEn' of module 'ramintf' is unconnected for instance 'RAMIF_program_ram' [/home/haitaoz/work/FPGA_Prj/RiscV_WebSoC/rtl/lcpu_fpga_test.v:550]
WARNING: [Synth 8-7071] port 'byte_en' of module 'ramintf' is unconnected for instance 'RAMIF_program_ram' [/home/haitaoz/work/FPGA_Prj/RiscV_WebSoC/rtl/lcpu_fpga_test.v:550]
WARNING: [Synth 8-7023] instance 'RAMIF_program_ram' of module 'ramintf' has 14 connections declared, but only 12 given [/home/haitaoz/work/FPGA_Prj/RiscV_WebSoC/rtl/lcpu_fpga_test.v:550]
INFO: [Synth 8-6155] done synthesizing module 'lcpu_fpga_test' (0#1) [/home/haitaoz/work/FPGA_Prj/RiscV_WebSoC/rtl/lcpu_fpga_test.v:2]
WARNING: [Synth 8-7071] port 'sw_build_date' of module 'lcpu_fpga_test' is unconnected for instance 'u_reg' [/home/haitaoz/work/FPGA_Prj/RiscV_WebSoC/rtl/webserver_cpu_top.v:336]
WARNING: [Synth 8-7071] port 'sw_build_time' of module 'lcpu_fpga_test' is unconnected for instance 'u_reg' [/home/haitaoz/work/FPGA_Prj/RiscV_WebSoC/rtl/webserver_cpu_top.v:336]
WARNING: [Synth 8-7071] port 'Scrach_RW_0' of module 'lcpu_fpga_test' is unconnected for instance 'u_reg' [/home/haitaoz/work/FPGA_Prj/RiscV_WebSoC/rtl/webserver_cpu_top.v:336]
WARNING: [Synth 8-7071] port 'Scrach_RW_1' of module 'lcpu_fpga_test' is unconnected for instance 'u_reg' [/home/haitaoz/work/FPGA_Prj/RiscV_WebSoC/rtl/webserver_cpu_top.v:336]
WARNING: [Synth 8-7071] port 'Scrach_RW_2' of module 'lcpu_fpga_test' is unconnected for instance 'u_reg' [/home/haitaoz/work/FPGA_Prj/RiscV_WebSoC/rtl/webserver_cpu_top.v:336]
WARNING: [Synth 8-7071] port 'Scrach_RW_3' of module 'lcpu_fpga_test' is unconnected for instance 'u_reg' [/home/haitaoz/work/FPGA_Prj/RiscV_WebSoC/rtl/webserver_cpu_top.v:336]
WARNING: [Synth 8-7071] port 'Scrach_RW_4' of module 'lcpu_fpga_test' is unconnected for instance 'u_reg' [/home/haitaoz/work/FPGA_Prj/RiscV_WebSoC/rtl/webserver_cpu_top.v:336]
WARNING: [Synth 8-7071] port 'Scrach_RW_5' of module 'lcpu_fpga_test' is unconnected for instance 'u_reg' [/home/haitaoz/work/FPGA_Prj/RiscV_WebSoC/rtl/webserver_cpu_top.v:336]
WARNING: [Synth 8-7071] port 'Scrach_RW_6' of module 'lcpu_fpga_test' is unconnected for instance 'u_reg' [/home/haitaoz/work/FPGA_Prj/RiscV_WebSoC/rtl/webserver_cpu_top.v:336]
WARNING: [Synth 8-7071] port 'Scrach_RW_7' of module 'lcpu_fpga_test' is unconnected for instance 'u_reg' [/home/haitaoz/work/FPGA_Prj/RiscV_WebSoC/rtl/webserver_cpu_top.v:336]
WARNING: [Synth 8-7071] port 'Scrach_RW_8' of module 'lcpu_fpga_test' is unconnected for instance 'u_reg' [/home/haitaoz/work/FPGA_Prj/RiscV_WebSoC/rtl/webserver_cpu_top.v:336]
WARNING: [Synth 8-7071] port 'Scrach_RW_9' of module 'lcpu_fpga_test' is unconnected for instance 'u_reg' [/home/haitaoz/work/FPGA_Prj/RiscV_WebSoC/rtl/webserver_cpu_top.v:336]
WARNING: [Synth 8-7071] port 'Scrach_RW_10' of module 'lcpu_fpga_test' is unconnected for instance 'u_reg' [/home/haitaoz/work/FPGA_Prj/RiscV_WebSoC/rtl/webserver_cpu_top.v:336]
WARNING: [Synth 8-7071] port 'Scrach_RW_11' of module 'lcpu_fpga_test' is unconnected for instance 'u_reg' [/home/haitaoz/work/FPGA_Prj/RiscV_WebSoC/rtl/webserver_cpu_top.v:336]
WARNING: [Synth 8-7071] port 'cpu_rd_rpkt_para' of module 'lcpu_fpga_test' is unconnected for instance 'u_reg' [/home/haitaoz/work/FPGA_Prj/RiscV_WebSoC/rtl/webserver_cpu_top.v:336]
WARNING: [Synth 8-7023] instance 'u_reg' of module 'lcpu_fpga_test' has 48 connections declared, but only 33 given [/home/haitaoz/work/FPGA_Prj/RiscV_WebSoC/rtl/webserver_cpu_top.v:336]
INFO: [Synth 8-6155] done synthesizing module 'webserver_cpu_top' (0#1) [/home/haitaoz/work/FPGA_Prj/RiscV_WebSoC/rtl/webserver_cpu_top.v:8]
WARNING: [Synth 8-7137] Register mem_array_reg in module dual_clock_fifo has both Set and reset with same priority. This may cause simulation mismatches. Consider rewriting code 
WARNING: [Synth 8-7137] Register read_addr_reg in module dual_clock_fifo has both Set and reset with same priority. This may cause simulation mismatches. Consider rewriting code  [/home/haitaoz/work/FPGA_Prj/RiscV_WebSoC/rtl/dual_clock_fifo.v:141]
WARNING: [Synth 8-4767] Trying to implement RAM 'mem_array_reg' in registers. Block RAM or DRAM implementation is not possible; see log for reasons.
Reason is one or more of the following :
	1: RAM is sensitive to asynchronous reset signal. this RTL style is not supported. 
RAM "mem_array_reg" dissolved into registers
WARNING: [Synth 8-6014] Unused sequential element di_data_reg was removed.  [/home/haitaoz/work/FPGA_Prj/RiscV_WebSoC/rtl/fix_delay.v:64]
WARNING: [Synth 8-6014] Unused sequential element dii_data_reg was removed.  [/home/haitaoz/work/FPGA_Prj/RiscV_WebSoC/rtl/fix_delay.v:65]
WARNING: [Synth 8-6014] Unused sequential element rx_eth_byte_cnt_reg was removed.  [/home/haitaoz/work/FPGA_Prj/RiscV_WebSoC/rtl/eth_presemble.v:51]
WARNING: [Synth 8-6014] Unused sequential element di_data_reg was removed.  [/home/haitaoz/work/FPGA_Prj/RiscV_WebSoC/rtl/fix_delay.v:64]
WARNING: [Synth 8-6014] Unused sequential element dii_data_reg was removed.  [/home/haitaoz/work/FPGA_Prj/RiscV_WebSoC/rtl/fix_delay.v:65]
WARNING: [Synth 8-7137] Register mem_array_reg in module dual_clock_fifo__parameterized0 has both Set and reset with same priority. This may cause simulation mismatches. Consider rewriting code 
WARNING: [Synth 8-7137] Register read_addr_reg in module dual_clock_fifo__parameterized0 has both Set and reset with same priority. This may cause simulation mismatches. Consider rewriting code  [/home/haitaoz/work/FPGA_Prj/RiscV_WebSoC/rtl/dual_clock_fifo.v:141]
WARNING: [Synth 8-4767] Trying to implement RAM 'mem_array_reg' in registers. Block RAM or DRAM implementation is not possible; see log for reasons.
Reason is one or more of the following :
	1: RAM is sensitive to asynchronous reset signal. this RTL style is not supported. 
RAM "mem_array_reg" dissolved into registers
WARNING: [Synth 8-6014] Unused sequential element none_blk_mode.nb_rptr_reg was removed.  [/home/haitaoz/work/FPGA_Prj/RiscV_WebSoC/rtl/package_fifo_v2.v:280]
WARNING: [Synth 8-6014] Unused sequential element none_blk_mode.nb_rptr_reg_reg was removed.  [/home/haitaoz/work/FPGA_Prj/RiscV_WebSoC/rtl/package_fifo_v2.v:334]
WARNING: [Synth 8-6014] Unused sequential element ren_s_reg was removed.  [/home/haitaoz/work/FPGA_Prj/RiscV_WebSoC/rtl/pktfifo2ram_int_v2.v:113]
WARNING: [Synth 8-3848] Net rx_byte_cnt in module/entity cpu_channel does not have driver. [/home/haitaoz/work/FPGA_Prj/RiscV_WebSoC/rtl/cpu_channel.v:105]
WARNING: [Synth 8-7137] Register mem_array_reg in module dual_clock_fifo__parameterized1 has both Set and reset with same priority. This may cause simulation mismatches. Consider rewriting code 
WARNING: [Synth 8-7137] Register read_addr_reg in module dual_clock_fifo__parameterized1 has both Set and reset with same priority. This may cause simulation mismatches. Consider rewriting code  [/home/haitaoz/work/FPGA_Prj/RiscV_WebSoC/rtl/dual_clock_fifo.v:141]
WARNING: [Synth 8-4767] Trying to implement RAM 'mem_array_reg' in registers. Block RAM or DRAM implementation is not possible; see log for reasons.
Reason is one or more of the following :
	1: RAM is sensitive to asynchronous reset signal. this RTL style is not supported. 
RAM "mem_array_reg" dissolved into registers
WARNING: [Synth 8-7137] Register mem_array_reg in module single_clock_fifo has both Set and reset with same priority. This may cause simulation mismatches. Consider rewriting code 
WARNING: [Synth 8-7137] Register read_data_reg in module single_clock_fifo has both Set and reset with same priority. This may cause simulation mismatches. Consider rewriting code  [/home/haitaoz/work/FPGA_Prj/RiscV_WebSoC/rtl/single_clock_fifo.v:93]
WARNING: [Synth 8-4767] Trying to implement RAM 'mem_array_reg' in registers. Block RAM or DRAM implementation is not possible; see log for reasons.
Reason is one or more of the following :
	1: RAM is sensitive to asynchronous reset signal. this RTL style is not supported. 
RAM "mem_array_reg" dissolved into registers
WARNING: [Synth 8-7137] Register blk_mode.underflow_reg in module package_fifo_v2__parameterized0 has both Set and reset with same priority. This may cause simulation mismatches. Consider rewriting code  [/home/haitaoz/work/FPGA_Prj/RiscV_WebSoC/rtl/package_fifo_v2.v:230]
WARNING: [Synth 8-6014] Unused sequential element next_insn_opcode_reg was removed.  [/home/haitaoz/work/FPGA_Prj/RiscV_WebSoC/rtl/picorv32.v:433]
WARNING: [Synth 8-6014] Unused sequential element q_ascii_instr_reg was removed.  [/home/haitaoz/work/FPGA_Prj/RiscV_WebSoC/rtl/picorv32.v:777]
WARNING: [Synth 8-6014] Unused sequential element q_insn_imm_reg was removed.  [/home/haitaoz/work/FPGA_Prj/RiscV_WebSoC/rtl/picorv32.v:778]
WARNING: [Synth 8-6014] Unused sequential element q_insn_opcode_reg was removed.  [/home/haitaoz/work/FPGA_Prj/RiscV_WebSoC/rtl/picorv32.v:779]
WARNING: [Synth 8-6014] Unused sequential element q_insn_rs1_reg was removed.  [/home/haitaoz/work/FPGA_Prj/RiscV_WebSoC/rtl/picorv32.v:780]
WARNING: [Synth 8-6014] Unused sequential element q_insn_rs2_reg was removed.  [/home/haitaoz/work/FPGA_Prj/RiscV_WebSoC/rtl/picorv32.v:781]
WARNING: [Synth 8-6014] Unused sequential element q_insn_rd_reg was removed.  [/home/haitaoz/work/FPGA_Prj/RiscV_WebSoC/rtl/picorv32.v:782]
WARNING: [Synth 8-6014] Unused sequential element dbg_next_reg was removed.  [/home/haitaoz/work/FPGA_Prj/RiscV_WebSoC/rtl/picorv32.v:783]
WARNING: [Synth 8-6014] Unused sequential element dbg_valid_insn_reg was removed.  [/home/haitaoz/work/FPGA_Prj/RiscV_WebSoC/rtl/picorv32.v:786]
WARNING: [Synth 8-6014] Unused sequential element cached_ascii_instr_reg was removed.  [/home/haitaoz/work/FPGA_Prj/RiscV_WebSoC/rtl/picorv32.v:791]
WARNING: [Synth 8-6014] Unused sequential element cached_insn_imm_reg was removed.  [/home/haitaoz/work/FPGA_Prj/RiscV_WebSoC/rtl/picorv32.v:792]
WARNING: [Synth 8-6014] Unused sequential element cached_insn_opcode_reg was removed.  [/home/haitaoz/work/FPGA_Prj/RiscV_WebSoC/rtl/picorv32.v:794]
WARNING: [Synth 8-6014] Unused sequential element cached_insn_rs1_reg was removed.  [/home/haitaoz/work/FPGA_Prj/RiscV_WebSoC/rtl/picorv32.v:797]
WARNING: [Synth 8-6014] Unused sequential element cached_insn_rs2_reg was removed.  [/home/haitaoz/work/FPGA_Prj/RiscV_WebSoC/rtl/picorv32.v:798]
WARNING: [Synth 8-6014] Unused sequential element cached_insn_rd_reg was removed.  [/home/haitaoz/work/FPGA_Prj/RiscV_WebSoC/rtl/picorv32.v:799]
WARNING: [Synth 8-6014] Unused sequential element dbg_insn_addr_reg was removed.  [/home/haitaoz/work/FPGA_Prj/RiscV_WebSoC/rtl/picorv32.v:803]
WARNING: [Synth 8-6014] Unused sequential element set_mem_do_rinst_reg was removed.  [/home/haitaoz/work/FPGA_Prj/RiscV_WebSoC/rtl/picorv32.v:1401]
WARNING: [Synth 8-6014] Unused sequential element set_mem_do_rdata_reg was removed.  [/home/haitaoz/work/FPGA_Prj/RiscV_WebSoC/rtl/picorv32.v:1402]
WARNING: [Synth 8-6014] Unused sequential element set_mem_do_wdata_reg was removed.  [/home/haitaoz/work/FPGA_Prj/RiscV_WebSoC/rtl/picorv32.v:1403]
WARNING: [Synth 8-6014] Unused sequential element alu_out_0_q_reg was removed.  [/home/haitaoz/work/FPGA_Prj/RiscV_WebSoC/rtl/picorv32.v:1405]
WARNING: [Synth 8-6014] Unused sequential element alu_wait_reg was removed.  [/home/haitaoz/work/FPGA_Prj/RiscV_WebSoC/rtl/picorv32.v:1408]
WARNING: [Synth 8-6014] Unused sequential element alu_wait_2_reg was removed.  [/home/haitaoz/work/FPGA_Prj/RiscV_WebSoC/rtl/picorv32.v:1409]
WARNING: [Synth 8-6014] Unused sequential element dbg_rs1val_reg was removed.  [/home/haitaoz/work/FPGA_Prj/RiscV_WebSoC/rtl/picorv32.v:1412]
WARNING: [Synth 8-6014] Unused sequential element dbg_rs2val_reg was removed.  [/home/haitaoz/work/FPGA_Prj/RiscV_WebSoC/rtl/picorv32.v:1413]
WARNING: [Synth 8-6014] Unused sequential element dbg_rs1val_valid_reg was removed.  [/home/haitaoz/work/FPGA_Prj/RiscV_WebSoC/rtl/picorv32.v:1414]
WARNING: [Synth 8-6014] Unused sequential element dbg_rs2val_valid_reg was removed.  [/home/haitaoz/work/FPGA_Prj/RiscV_WebSoC/rtl/picorv32.v:1415]
WARNING: [Synth 8-6014] Unused sequential element next_irq_pending_reg was removed.  [/home/haitaoz/work/FPGA_Prj/RiscV_WebSoC/rtl/picorv32.v:1435]
WARNING: [Synth 8-6014] Unused sequential element decoder_trigger_q_reg was removed.  [/home/haitaoz/work/FPGA_Prj/RiscV_WebSoC/rtl/picorv32.v:1442]
WARNING: [Synth 8-6014] Unused sequential element decoder_pseudo_trigger_q_reg was removed.  [/home/haitaoz/work/FPGA_Prj/RiscV_WebSoC/rtl/picorv32.v:1444]
WARNING: [Synth 8-6014] Unused sequential element latched_trace_reg was removed.  [/home/haitaoz/work/FPGA_Prj/RiscV_WebSoC/rtl/picorv32.v:1460]
WARNING: [Synth 8-6014] Unused sequential element irq_active_reg was removed.  [/home/haitaoz/work/FPGA_Prj/RiscV_WebSoC/rtl/picorv32.v:1466]
WARNING: [Synth 8-6014] Unused sequential element irq_delay_reg was removed.  [/home/haitaoz/work/FPGA_Prj/RiscV_WebSoC/rtl/picorv32.v:1467]
WARNING: [Synth 8-6014] Unused sequential element irq_mask_reg was removed.  [/home/haitaoz/work/FPGA_Prj/RiscV_WebSoC/rtl/picorv32.v:1468]
WARNING: [Synth 8-6014] Unused sequential element timer_reg was removed.  [/home/haitaoz/work/FPGA_Prj/RiscV_WebSoC/rtl/picorv32.v:1472]
WARNING: [Synth 8-6014] Unused sequential element current_pc_reg was removed.  [/home/haitaoz/work/FPGA_Prj/RiscV_WebSoC/rtl/picorv32.v:1490]
WARNING: [Synth 8-6014] Unused sequential element irq_pending_reg was removed.  [/home/haitaoz/work/FPGA_Prj/RiscV_WebSoC/rtl/picorv32.v:1958]
WARNING: [Synth 8-6014] Unused sequential element trace_valid_reg was removed.  [/home/haitaoz/work/FPGA_Prj/RiscV_WebSoC/rtl/picorv32.v:1447]
WARNING: [Synth 8-6014] Unused sequential element instr_ecall_ebreak_reg was removed.  [/home/haitaoz/work/FPGA_Prj/RiscV_WebSoC/rtl/picorv32.v:1084]
WARNING: [Synth 8-6014] Unused sequential element pcpi_timeout_reg was removed.  [/home/haitaoz/work/FPGA_Prj/RiscV_WebSoC/rtl/picorv32.v:1465]
WARNING: [Synth 8-3848] Net fpga_cpu_rd_empty in module/entity webserver_cpu_top does not have driver. [/home/haitaoz/work/FPGA_Prj/RiscV_WebSoC/rtl/webserver_cpu_top.v:149]
WARNING: [Synth 8-3848] Net fpga_cpu_rd_rpkt_len in module/entity webserver_cpu_top does not have driver. [/home/haitaoz/work/FPGA_Prj/RiscV_WebSoC/rtl/webserver_cpu_top.v:148]
WARNING: [Synth 8-3848] Net fpga_cpu_rd_rdata in module/entity webserver_cpu_top does not have driver. [/home/haitaoz/work/FPGA_Prj/RiscV_WebSoC/rtl/webserver_cpu_top.v:148]
WARNING: [Synth 8-3848] Net fpga_cpu_rd_reop_pre in module/entity webserver_cpu_top does not have driver. [/home/haitaoz/work/FPGA_Prj/RiscV_WebSoC/rtl/webserver_cpu_top.v:149]
WARNING: [Synth 8-3848] Net fpga_cpu_wr_full in module/entity webserver_cpu_top does not have driver. [/home/haitaoz/work/FPGA_Prj/RiscV_WebSoC/rtl/webserver_cpu_top.v:149]
WARNING: [Synth 8-3917] design webserver_cpu_top has port Eth0_MDC driven by constant 0
WARNING: [Synth 8-7129] Port sleep in module xpm_memory_base is either unconnected or has no load
WARNING: [Synth 8-7129] Port regcea in module xpm_memory_base is either unconnected or has no load
WARNING: [Synth 8-7129] Port injectsbiterra in module xpm_memory_base is either unconnected or has no load
WARNING: [Synth 8-7129] Port injectdbiterra in module xpm_memory_base is either unconnected or has no load
WARNING: [Synth 8-7129] Port clkb in module xpm_memory_base is either unconnected or has no load
WARNING: [Synth 8-7129] Port regceb in module xpm_memory_base is either unconnected or has no load
WARNING: [Synth 8-7129] Port injectsbiterrb in module xpm_memory_base is either unconnected or has no load
WARNING: [Synth 8-7129] Port injectdbiterrb in module xpm_memory_base is either unconnected or has no load
WARNING: [Synth 8-7129] Port address_a[12] in module single_clock_true_dual_port_ram is either unconnected or has no load
WARNING: [Synth 8-7129] Port address_a[11] in module single_clock_true_dual_port_ram is either unconnected or has no load
WARNING: [Synth 8-7129] Port address_b[12] in module single_clock_true_dual_port_ram is either unconnected or has no load
WARNING: [Synth 8-7129] Port address_b[11] in module single_clock_true_dual_port_ram is either unconnected or has no load
WARNING: [Synth 8-7129] Port rv_instr in module riscv32intfbridge is either unconnected or has no load
WARNING: [Synth 8-7129] Port pcpi_wr in module picorv32 is either unconnected or has no load
WARNING: [Synth 8-7129] Port pcpi_rd[31] in module picorv32 is either unconnected or has no load
WARNING: [Synth 8-7129] Port pcpi_rd[30] in module picorv32 is either unconnected or has no load
WARNING: [Synth 8-7129] Port pcpi_rd[29] in module picorv32 is either unconnected or has no load
WARNING: [Synth 8-7129] Port pcpi_rd[28] in module picorv32 is either unconnected or has no load
WARNING: [Synth 8-7129] Port pcpi_rd[27] in module picorv32 is either unconnected or has no load
WARNING: [Synth 8-7129] Port pcpi_rd[26] in module picorv32 is either unconnected or has no load
WARNING: [Synth 8-7129] Port pcpi_rd[25] in module picorv32 is either unconnected or has no load
WARNING: [Synth 8-7129] Port pcpi_rd[24] in module picorv32 is either unconnected or has no load
WARNING: [Synth 8-7129] Port pcpi_rd[23] in module picorv32 is either unconnected or has no load
WARNING: [Synth 8-7129] Port pcpi_rd[22] in module picorv32 is either unconnected or has no load
WARNING: [Synth 8-7129] Port pcpi_rd[21] in module picorv32 is either unconnected or has no load
WARNING: [Synth 8-7129] Port pcpi_rd[20] in module picorv32 is either unconnected or has no load
WARNING: [Synth 8-7129] Port pcpi_rd[19] in module picorv32 is either unconnected or has no load
WARNING: [Synth 8-7129] Port pcpi_rd[18] in module picorv32 is either unconnected or has no load
WARNING: [Synth 8-7129] Port pcpi_rd[17] in module picorv32 is either unconnected or has no load
WARNING: [Synth 8-7129] Port pcpi_rd[16] in module picorv32 is either unconnected or has no load
WARNING: [Synth 8-7129] Port pcpi_rd[15] in module picorv32 is either unconnected or has no load
WARNING: [Synth 8-7129] Port pcpi_rd[14] in module picorv32 is either unconnected or has no load
WARNING: [Synth 8-7129] Port pcpi_rd[13] in module picorv32 is either unconnected or has no load
WARNING: [Synth 8-7129] Port pcpi_rd[12] in module picorv32 is either unconnected or has no load
WARNING: [Synth 8-7129] Port pcpi_rd[11] in module picorv32 is either unconnected or has no load
WARNING: [Synth 8-7129] Port pcpi_rd[10] in module picorv32 is either unconnected or has no load
WARNING: [Synth 8-7129] Port pcpi_rd[9] in module picorv32 is either unconnected or has no load
WARNING: [Synth 8-7129] Port pcpi_rd[8] in module picorv32 is either unconnected or has no load
WARNING: [Synth 8-7129] Port pcpi_rd[7] in module picorv32 is either unconnected or has no load
WARNING: [Synth 8-7129] Port pcpi_rd[6] in module picorv32 is either unconnected or has no load
WARNING: [Synth 8-7129] Port pcpi_rd[5] in module picorv32 is either unconnected or has no load
WARNING: [Synth 8-7129] Port pcpi_rd[4] in module picorv32 is either unconnected or has no load
WARNING: [Synth 8-7129] Port pcpi_rd[3] in module picorv32 is either unconnected or has no load
WARNING: [Synth 8-7129] Port pcpi_rd[2] in module picorv32 is either unconnected or has no load
WARNING: [Synth 8-7129] Port pcpi_rd[1] in module picorv32 is either unconnected or has no load
WARNING: [Synth 8-7129] Port pcpi_rd[0] in module picorv32 is either unconnected or has no load
WARNING: [Synth 8-7129] Port pcpi_wait in module picorv32 is either unconnected or has no load
WARNING: [Synth 8-7129] Port pcpi_ready in module picorv32 is either unconnected or has no load
WARNING: [Synth 8-7129] Port irq[31] in module picorv32 is either unconnected or has no load
WARNING: [Synth 8-7129] Port irq[30] in module picorv32 is either unconnected or has no load
WARNING: [Synth 8-7129] Port irq[29] in module picorv32 is either unconnected or has no load
WARNING: [Synth 8-7129] Port irq[28] in module picorv32 is either unconnected or has no load
WARNING: [Synth 8-7129] Port irq[27] in module picorv32 is either unconnected or has no load
WARNING: [Synth 8-7129] Port irq[26] in module picorv32 is either unconnected or has no load
WARNING: [Synth 8-7129] Port irq[25] in module picorv32 is either unconnected or has no load
WARNING: [Synth 8-7129] Port irq[24] in module picorv32 is either unconnected or has no load
WARNING: [Synth 8-7129] Port irq[23] in module picorv32 is either unconnected or has no load
WARNING: [Synth 8-7129] Port irq[22] in module picorv32 is either unconnected or has no load
WARNING: [Synth 8-7129] Port irq[21] in module picorv32 is either unconnected or has no load
WARNING: [Synth 8-7129] Port irq[20] in module picorv32 is either unconnected or has no load
WARNING: [Synth 8-7129] Port irq[19] in module picorv32 is either unconnected or has no load
WARNING: [Synth 8-7129] Port irq[18] in module picorv32 is either unconnected or has no load
WARNING: [Synth 8-7129] Port irq[17] in module picorv32 is either unconnected or has no load
WARNING: [Synth 8-7129] Port irq[16] in module picorv32 is either unconnected or has no load
WARNING: [Synth 8-7129] Port irq[15] in module picorv32 is either unconnected or has no load
WARNING: [Synth 8-7129] Port irq[14] in module picorv32 is either unconnected or has no load
WARNING: [Synth 8-7129] Port irq[13] in module picorv32 is either unconnected or has no load
WARNING: [Synth 8-7129] Port irq[12] in module picorv32 is either unconnected or has no load
WARNING: [Synth 8-7129] Port irq[11] in module picorv32 is either unconnected or has no load
WARNING: [Synth 8-7129] Port irq[10] in module picorv32 is either unconnected or has no load
WARNING: [Synth 8-7129] Port irq[9] in module picorv32 is either unconnected or has no load
WARNING: [Synth 8-7129] Port irq[8] in module picorv32 is either unconnected or has no load
WARNING: [Synth 8-7129] Port irq[7] in module picorv32 is either unconnected or has no load
WARNING: [Synth 8-7129] Port irq[6] in module picorv32 is either unconnected or has no load
WARNING: [Synth 8-7129] Port irq[5] in module picorv32 is either unconnected or has no load
WARNING: [Synth 8-7129] Port irq[4] in module picorv32 is either unconnected or has no load
WARNING: [Synth 8-7129] Port irq[3] in module picorv32 is either unconnected or has no load
WARNING: [Synth 8-7129] Port irq[2] in module picorv32 is either unconnected or has no load
WARNING: [Synth 8-7129] Port irq[1] in module picorv32 is either unconnected or has no load
WARNING: [Synth 8-7129] Port irq[0] in module picorv32 is either unconnected or has no load
WARNING: [Synth 8-7129] Port full in module lcpu_out_uart is either unconnected or has no load
WARNING: [Synth 8-7129] Port rpkt_len[5] in module pktfifo_out_lcpu is either unconnected or has no load
WARNING: [Synth 8-7129] Port rpkt_len[4] in module pktfifo_out_lcpu is either unconnected or has no load
WARNING: [Synth 8-7129] Port rpkt_len[3] in module pktfifo_out_lcpu is either unconnected or has no load
WARNING: [Synth 8-7129] Port rpkt_len[2] in module pktfifo_out_lcpu is either unconnected or has no load
WARNING: [Synth 8-7129] Port rpkt_len[1] in module pktfifo_out_lcpu is either unconnected or has no load
WARNING: [Synth 8-7129] Port rpkt_len[0] in module pktfifo_out_lcpu is either unconnected or has no load
WARNING: [Synth 8-7129] Port op_ack in module pktfifo_out_lcpu is either unconnected or has no load
WARNING: [Synth 8-7129] Port rddata[31] in module pktfifo_out_lcpu is either unconnected or has no load
WARNING: [Synth 8-7129] Port rddata[30] in module pktfifo_out_lcpu is either unconnected or has no load
WARNING: [Synth 8-7129] Port rddata[29] in module pktfifo_out_lcpu is either unconnected or has no load
WARNING: [Synth 8-7129] Port rddata[28] in module pktfifo_out_lcpu is either unconnected or has no load
WARNING: [Synth 8-7129] Port rddata[27] in module pktfifo_out_lcpu is either unconnected or has no load
WARNING: [Synth 8-7129] Port rddata[26] in module pktfifo_out_lcpu is either unconnected or has no load
WARNING: [Synth 8-7129] Port rddata[25] in module pktfifo_out_lcpu is either unconnected or has no load
WARNING: [Synth 8-7129] Port rddata[24] in module pktfifo_out_lcpu is either unconnected or has no load
WARNING: [Synth 8-7129] Port rddata[23] in module pktfifo_out_lcpu is either unconnected or has no load
WARNING: [Synth 8-7129] Port rddata[22] in module pktfifo_out_lcpu is either unconnected or has no load
WARNING: [Synth 8-7129] Port rddata[21] in module pktfifo_out_lcpu is either unconnected or has no load
WARNING: [Synth 8-7129] Port rddata[20] in module pktfifo_out_lcpu is either unconnected or has no load
INFO: [Common 17-14] Message 'Synth 8-7129' appears 100 times and further instances of the messages will be disabled. Use the Tcl command set_msg_config to change the current settings.
---------------------------------------------------------------------------------
Finished RTL Elaboration : Time (s): cpu = 00:00:05 ; elapsed = 00:00:05 . Memory (MB): peak = 2351.844 ; gain = 545.684 ; free physical = 2778 ; free virtual = 7844
---------------------------------------------------------------------------------
---------------------------------------------------------------------------------
Start Handling Custom Attributes
---------------------------------------------------------------------------------
---------------------------------------------------------------------------------
Finished Handling Custom Attributes : Time (s): cpu = 00:00:05 ; elapsed = 00:00:05 . Memory (MB): peak = 2369.656 ; gain = 563.496 ; free physical = 2779 ; free virtual = 7845
---------------------------------------------------------------------------------
---------------------------------------------------------------------------------
Finished RTL Optimization Phase 1 : Time (s): cpu = 00:00:05 ; elapsed = 00:00:05 . Memory (MB): peak = 2369.656 ; gain = 563.496 ; free physical = 2779 ; free virtual = 7845
---------------------------------------------------------------------------------
Netlist sorting complete. Time (s): cpu = 00:00:00.09 ; elapsed = 00:00:00.08 . Memory (MB): peak = 2375.594 ; gain = 0.000 ; free physical = 2784 ; free virtual = 7852
INFO: [Netlist 29-17] Analyzing 17 Unisim elements for replacement
INFO: [Netlist 29-28] Unisim Transformation completed in 0 CPU seconds
INFO: [Project 1-570] Preparing netlist for logic optimization

Processing XDC Constraints
Initializing timing engine
Parsing XDC File [/home/haitaoz/work/FPGA_Prj/RiscV_WebSoC/build_xilinx/pins.xdc]
Finished Parsing XDC File [/home/haitaoz/work/FPGA_Prj/RiscV_WebSoC/build_xilinx/pins.xdc]
INFO: [Project 1-236] Implementation specific constraints were found while reading constraint file [/home/haitaoz/work/FPGA_Prj/RiscV_WebSoC/build_xilinx/pins.xdc]. These constraints will be ignored for synthesis but will be used in implementation. Impacted constraints are listed in the file [.Xil/webserver_cpu_top_propImpl.xdc].
Resolution: To avoid this warning, move constraints listed in [.Xil/webserver_cpu_top_propImpl.xdc] to another XDC file and exclude this new file from synthesis with the used_in_synthesis property (File Properties dialog in GUI) and re-run elaboration/synthesis.
Parsing XDC File [/home/haitaoz/work/FPGA_Prj/RiscV_WebSoC/build_xilinx/timing.xdc]
Finished Parsing XDC File [/home/haitaoz/work/FPGA_Prj/RiscV_WebSoC/build_xilinx/timing.xdc]
Parsing XDC File [/home/haitaoz/work/FPGA_Prj/RiscV_WebSoC/build_xilinx/RiscV_WebSoC.runs/synth_1/dont_touch.xdc]
Finished Parsing XDC File [/home/haitaoz/work/FPGA_Prj/RiscV_WebSoC/build_xilinx/RiscV_WebSoC.runs/synth_1/dont_touch.xdc]
INFO: [Timing 38-2] Deriving generated clocks
INFO: [Project 1-236] Implementation specific constraints were found while reading constraint file [/home/haitaoz/Xilinx/2024.1/Vivado/2024.1/data/ip/xpm/xpm_memory/tcl/xpm_memory_xdc.tcl]. These constraints will be ignored for synthesis but will be used in implementation. Impacted constraints are listed in the file [.Xil/webserver_cpu_top_propImpl.xdc].
Resolution: To avoid this warning, move constraints listed in [.Xil/webserver_cpu_top_propImpl.xdc] to another XDC file and exclude this new file from synthesis with the used_in_synthesis property (File Properties dialog in GUI) and re-run elaboration/synthesis.
INFO: [Project 1-1714] 8 XPM XDC files have been applied to the design.
Completed Processing XDC Constraints

Netlist sorting complete. Time (s): cpu = 00:00:00 ; elapsed = 00:00:00 . Memory (MB): peak = 2517.406 ; gain = 0.000 ; free physical = 2776 ; free virtual = 7844
INFO: [Project 1-111] Unisim Transformation Summary:
  A total of 1 instances were transformed.
  MMCME2_BASE => MMCME2_ADV: 1 instance 

Constraint Validation Runtime : Time (s): cpu = 00:00:00.03 ; elapsed = 00:00:00.03 . Memory (MB): peak = 2517.406 ; gain = 0.000 ; free physical = 2774 ; free virtual = 7842
---------------------------------------------------------------------------------
Finished Constraint Validation : Time (s): cpu = 00:00:11 ; elapsed = 00:00:11 . Memory (MB): peak = 2517.406 ; gain = 711.246 ; free physical = 2776 ; free virtual = 7842
---------------------------------------------------------------------------------
---------------------------------------------------------------------------------
Start Loading Part and Timing Information
---------------------------------------------------------------------------------
Loading part: xc7a35tfgg484-2
---------------------------------------------------------------------------------
Finished Loading Part and Timing Information : Time (s): cpu = 00:00:11 ; elapsed = 00:00:11 . Memory (MB): peak = 2525.410 ; gain = 719.250 ; free physical = 2776 ; free virtual = 7842
---------------------------------------------------------------------------------
---------------------------------------------------------------------------------
Start Applying 'set_property' XDC Constraints
---------------------------------------------------------------------------------
Applied set_property KEEP_HIERARCHY = SOFT for u_riscv/\riscv_cpu_generation.u_riscv_cpu /u_instru_ram/\gen_xilinx_xpm_tdpram.xpm_bank[0].u_xpm_memory_tdpram_bank . (constraint file  auto generated constraint).
Applied set_property KEEP_HIERARCHY = SOFT for u_riscv/\riscv_cpu_generation.u_riscv_cpu /u_instru_ram/\gen_xilinx_xpm_tdpram.xpm_bank[1].u_xpm_memory_tdpram_bank . (constraint file  auto generated constraint).
Applied set_property KEEP_HIERARCHY = SOFT for u_riscv/\riscv_cpu_generation.u_riscv_cpu /u_instru_ram/\gen_xilinx_xpm_tdpram.xpm_bank[2].u_xpm_memory_tdpram_bank . (constraint file  auto generated constraint).
Applied set_property KEEP_HIERARCHY = SOFT for u_riscv/\riscv_cpu_generation.u_riscv_cpu /u_instru_ram/\gen_xilinx_xpm_tdpram.xpm_bank[3].u_xpm_memory_tdpram_bank . (constraint file  auto generated constraint).
Applied set_property KEEP_HIERARCHY = SOFT for u_riscv/\riscv_cpu_generation.u_riscv_cpu /u_instru_ram/\gen_xilinx_xpm_tdpram.xpm_bank[4].u_xpm_memory_tdpram_bank . (constraint file  auto generated constraint).
Applied set_property KEEP_HIERARCHY = SOFT for u_riscv/\riscv_cpu_generation.u_riscv_cpu /u_instru_ram/\gen_xilinx_xpm_tdpram.xpm_bank[5].u_xpm_memory_tdpram_bank . (constraint file  auto generated constraint).
Applied set_property KEEP_HIERARCHY = SOFT for u_riscv/\riscv_cpu_generation.u_riscv_cpu /u_instru_ram/\gen_xilinx_xpm_tdpram.xpm_bank[6].u_xpm_memory_tdpram_bank . (constraint file  auto generated constraint).
Applied set_property KEEP_HIERARCHY = SOFT for u_riscv/\riscv_cpu_generation.u_riscv_cpu /u_instru_ram/\gen_xilinx_xpm_tdpram.xpm_bank[7].u_xpm_memory_tdpram_bank . (constraint file  auto generated constraint).
---------------------------------------------------------------------------------
Finished applying 'set_property' XDC Constraints : Time (s): cpu = 00:00:11 ; elapsed = 00:00:11 . Memory (MB): peak = 2525.410 ; gain = 719.250 ; free physical = 2775 ; free virtual = 7841
---------------------------------------------------------------------------------
INFO: [Synth 8-802] inferred FSM for state register 'cur_state_reg' in module 'uart_in_pktfifo'
INFO: [Synth 8-802] inferred FSM for state register 'cur_state_reg' in module 'pktfifo_out_lcpu'
INFO: [Synth 8-802] inferred FSM for state register 'mem_state_reg' in module 'picorv32'
INFO: [Synth 8-802] inferred FSM for state register 'cur_state_reg' in module 'lcpu_merge'
---------------------------------------------------------------------------------------------------
                   State |                     New Encoding |                Previous Encoding 
---------------------------------------------------------------------------------------------------
*
            search_start |                               01 |                               01
            move_op_data |                               10 |                               10
---------------------------------------------------------------------------------------------------
INFO: [Synth 8-3898] No Re-encoding of one hot register 'cur_state_reg' in module 'uart_in_pktfifo'
---------------------------------------------------------------------------------------------------
                   State |                     New Encoding |                Previous Encoding 
---------------------------------------------------------------------------------------------------
*
                    idle |                              001 |                              001
                 pop_pkt |                              010 |                              010
               launch_op |                              100 |                              100
---------------------------------------------------------------------------------------------------
INFO: [Synth 8-3898] No Re-encoding of one hot register 'cur_state_reg' in module 'pktfifo_out_lcpu'
---------------------------------------------------------------------------------------------------
                   State |                     New Encoding |                Previous Encoding 
---------------------------------------------------------------------------------------------------
                 iSTATE2 |                               00 |                               00
                 iSTATE0 |                               01 |                               10
                  iSTATE |                               10 |                               01
                 iSTATE1 |                               11 |                               11
---------------------------------------------------------------------------------------------------
INFO: [Synth 8-3354] encoded FSM with state register 'mem_state_reg' using encoding 'sequential' in module 'picorv32'
INFO: [Synth 8-3971] The signal "xpm_memory_base:/gen_wr_b.gen_byte_narrow.for_mem_cols[1].mem_reg" was recognized as a true dual port RAM template.
---------------------------------------------------------------------------------------------------
                   State |                     New Encoding |                Previous Encoding 
---------------------------------------------------------------------------------------------------
*
                    idle |                              001 |                              001
              sta_lcpu_1 |                              010 |                              010
              sta_lcpu_2 |                              100 |                              100
---------------------------------------------------------------------------------------------------
INFO: [Synth 8-3898] No Re-encoding of one hot register 'cur_state_reg' in module 'lcpu_merge'
---------------------------------------------------------------------------------
Finished RTL Optimization Phase 2 : Time (s): cpu = 00:00:13 ; elapsed = 00:00:13 . Memory (MB): peak = 2525.410 ; gain = 719.250 ; free physical = 2765 ; free virtual = 7833
---------------------------------------------------------------------------------
---------------------------------------------------------------------------------
Start RTL Component Statistics 
---------------------------------------------------------------------------------
Detailed RTL Component Info : 
+---Adders : 
	   2 Input   32 Bit       Adders := 7     
	   3 Input   32 Bit       Adders := 1     
	   2 Input   31 Bit       Adders := 2     
	   4 Input   30 Bit       Adders := 2     
	   2 Input   30 Bit       Adders := 1     
	   2 Input   16 Bit       Adders := 2     
	   3 Input   13 Bit       Adders := 2     
	   2 Input   12 Bit       Adders := 6     
	   2 Input    8 Bit       Adders := 1     
	   2 Input    7 Bit       Adders := 1     
	   2 Input    6 Bit       Adders := 1     
	   2 Input    5 Bit       Adders := 4     
	   2 Input    4 Bit       Adders := 13    
	   2 Input    3 Bit       Adders := 12    
	   2 Input    2 Bit       Adders := 6     
	   4 Input    1 Bit       Adders := 6     
	   8 Input    1 Bit       Adders := 6     
	  10 Input    1 Bit       Adders := 6     
	  14 Input    1 Bit       Adders := 2     
	  12 Input    1 Bit       Adders := 2     
	   9 Input    1 Bit       Adders := 14    
	  13 Input    1 Bit       Adders := 4     
	  11 Input    1 Bit       Adders := 2     
	   7 Input    1 Bit       Adders := 18    
	   5 Input    1 Bit       Adders := 20    
	   3 Input    1 Bit       Adders := 28    
	   2 Input    1 Bit       Adders := 2     
	   6 Input    1 Bit       Adders := 8     
+---XORs : 
	   2 Input     32 Bit         XORs := 1     
	   2 Input      1 Bit         XORs := 55    
+---Registers : 
	               36 Bit    Registers := 1     
	               32 Bit    Registers := 109   
	               31 Bit    Registers := 2     
	               30 Bit    Registers := 2     
	               26 Bit    Registers := 36    
	               16 Bit    Registers := 3     
	               13 Bit    Registers := 1     
	               12 Bit    Registers := 12    
	               10 Bit    Registers := 22    
	                9 Bit    Registers := 2     
	                8 Bit    Registers := 53    
	                7 Bit    Registers := 2     
	                6 Bit    Registers := 1     
	                5 Bit    Registers := 8     
	                4 Bit    Registers := 34    
	                3 Bit    Registers := 48    
	                2 Bit    Registers := 10    
	                1 Bit    Registers := 198   
+---RAMs : 
	              32K Bit	(4096 X 8 bit)          RAMs := 3     
	               8K Bit	(256 X 32 bit)          RAMs := 8     
	               72 Bit	(8 X 9 bit)          RAMs := 1     
	               36 Bit	(4 X 9 bit)          RAMs := 1     
+---Muxes : 
	   2 Input   32 Bit        Muxes := 169   
	   4 Input   32 Bit        Muxes := 11    
	   3 Input   32 Bit        Muxes := 4     
	   5 Input   32 Bit        Muxes := 1     
	   6 Input   32 Bit        Muxes := 1     
	   2 Input   30 Bit        Muxes := 2     
	   2 Input   16 Bit        Muxes := 1     
	   4 Input   10 Bit        Muxes := 1     
	   2 Input    8 Bit        Muxes := 23    
	   4 Input    8 Bit        Muxes := 1     
	   7 Input    8 Bit        Muxes := 1     
	   2 Input    6 Bit        Muxes := 1     
	   3 Input    5 Bit        Muxes := 2     
	   2 Input    5 Bit        Muxes := 19    
	   5 Input    5 Bit        Muxes := 4     
	   8 Input    5 Bit        Muxes := 2     
	   4 Input    5 Bit        Muxes := 3     
	   2 Input    4 Bit        Muxes := 9     
	  32 Input    4 Bit        Muxes := 1     
	   4 Input    4 Bit        Muxes := 4     
	   5 Input    4 Bit        Muxes := 1     
	   3 Input    4 Bit        Muxes := 1     
	   2 Input    3 Bit        Muxes := 15    
	   3 Input    3 Bit        Muxes := 1     
	   4 Input    3 Bit        Muxes := 2     
	   5 Input    3 Bit        Muxes := 1     
	   2 Input    2 Bit        Muxes := 10    
	   3 Input    2 Bit        Muxes := 1     
	   4 Input    2 Bit        Muxes := 1     
	   2 Input    1 Bit        Muxes := 220   
	   3 Input    1 Bit        Muxes := 20    
	   4 Input    1 Bit        Muxes := 31    
	   8 Input    1 Bit        Muxes := 5     
	   5 Input    1 Bit        Muxes := 5     
	   7 Input    1 Bit        Muxes := 3     
---------------------------------------------------------------------------------
Finished RTL Component Statistics 
---------------------------------------------------------------------------------
---------------------------------------------------------------------------------
Start Part Resource Summary
---------------------------------------------------------------------------------
Part Resources:
DSPs: 90 (col length:60)
BRAMs: 100 (col length: RAMB18 60 RAMB36 30)
---------------------------------------------------------------------------------
Finished Part Resource Summary
---------------------------------------------------------------------------------
---------------------------------------------------------------------------------
Start Cross Boundary and Area Optimization
---------------------------------------------------------------------------------
WARNING: [Synth 8-7080] Parallel synthesis criteria is not met
WARNING: [Synth 8-3917] design webserver_cpu_top has port Eth0_MDC driven by constant 0
INFO: [Synth 8-3971] The signal "xpm_memory_tdpram:/xpm_memory_base_inst/gen_wr_a.gen_byte_narrow.for_mem_cols[1].mem_reg" was recognized as a true dual port RAM template.
---------------------------------------------------------------------------------
Finished Cross Boundary and Area Optimization : Time (s): cpu = 00:00:26 ; elapsed = 00:00:27 . Memory (MB): peak = 2525.410 ; gain = 719.250 ; free physical = 2832 ; free virtual = 7911
---------------------------------------------------------------------------------
---------------------------------------------------------------------------------
Start ROM, RAM, DSP, Shift Register and Retiming Reporting
---------------------------------------------------------------------------------

Block RAM: Preliminary Mapping Report (see note below)
+----------------------------------------+-------------------------------------------------------------------------------------------------------------------------------------------------+------------------------+---+---+------------------------+---+---+------------------+--------+--------+
|Module Name                             | RTL Object                                                                                                                                      | PORT A (Depth x Width) | W | R | PORT B (Depth x Width) | W | R | Ports driving FF | RAMB18 | RAMB36 | 
+----------------------------------------+-------------------------------------------------------------------------------------------------------------------------------------------------+------------------------+---+---+------------------------+---+---+------------------+--------+--------+
|u_cpu_channel                           | u_package_fifo_cpu_rd/none_blk_mode.data_ram_dual.u_data_ram/gen_inferred_ram.gen_port_a_aligned.ram_reg                                        | 4 K x 8(NO_CHANGE)     | W |   | 4 K x 8(WRITE_FIRST)   |   | R | Port A and B     | 0      | 1      | 
|u_cpu_channel                           | u_package_fifo_cpu_wr/none_blk_mode.data_ram_dual.u_data_ram/gen_inferred_ram.gen_port_a_aligned.ram_reg                                        | 4 K x 8(NO_CHANGE)     | W |   | 4 K x 8(WRITE_FIRST)   |   | R | Port A and B     | 0      | 1      | 
|u_riscv                                 | lcpu_real.u_cpu/gen_uart.u_uart_lcpu_top/u_uart_lcpu/u_pkt_fifo/blk_mode.data_ram_single.u_data_ram/gen_inferred_ram.gen_port_a_aligned.ram_reg | 4096 x 8(READ_FIRST)   | W |   | 4096 x 8(WRITE_FIRST)  |   | R | Port A and B     | 1      | 0      | 
|xpm_memory_tdpram:/xpm_memory_base_inst | gen_wr_a.gen_byte_narrow.for_mem_cols[1].mem_reg                                                                                                | 256 x 32(READ_FIRST)   | W | R | 256 x 32(READ_FIRST)   | W | R | Port A and B     | 0      | 1      | 
|xpm_memory_tdpram:/xpm_memory_base_inst | gen_wr_a.gen_byte_narrow.for_mem_cols[1].mem_reg                                                                                                | 256 x 32(READ_FIRST)   | W | R | 256 x 32(READ_FIRST)   | W | R | Port A and B     | 0      | 1      | 
|xpm_memory_tdpram:/xpm_memory_base_inst | gen_wr_a.gen_byte_narrow.for_mem_cols[1].mem_reg                                                                                                | 256 x 32(READ_FIRST)   | W | R | 256 x 32(READ_FIRST)   | W | R | Port A and B     | 0      | 1      | 
|xpm_memory_tdpram:/xpm_memory_base_inst | gen_wr_a.gen_byte_narrow.for_mem_cols[1].mem_reg                                                                                                | 256 x 32(READ_FIRST)   | W | R | 256 x 32(READ_FIRST)   | W | R | Port A and B     | 0      | 1      | 
|xpm_memory_tdpram:/xpm_memory_base_inst | gen_wr_a.gen_byte_narrow.for_mem_cols[1].mem_reg                                                                                                | 256 x 32(READ_FIRST)   | W | R | 256 x 32(READ_FIRST)   | W | R | Port A and B     | 0      | 1      | 
|xpm_memory_tdpram:/xpm_memory_base_inst | gen_wr_a.gen_byte_narrow.for_mem_cols[1].mem_reg                                                                                                | 256 x 32(READ_FIRST)   | W | R | 256 x 32(READ_FIRST)   | W | R | Port A and B     | 0      | 1      | 
|xpm_memory_tdpram:/xpm_memory_base_inst | gen_wr_a.gen_byte_narrow.for_mem_cols[1].mem_reg                                                                                                | 256 x 32(READ_FIRST)   | W | R | 256 x 32(READ_FIRST)   | W | R | Port A and B     | 0      | 1      | 
|xpm_memory_tdpram:/xpm_memory_base_inst | gen_wr_a.gen_byte_narrow.for_mem_cols[1].mem_reg                                                                                                | 256 x 32(READ_FIRST)   | W | R | 256 x 32(READ_FIRST)   | W | R | Port A and B     | 0      | 1      | 
+----------------------------------------+-------------------------------------------------------------------------------------------------------------------------------------------------+------------------------+---+---+------------------------+---+---+------------------+--------+--------+

Note: The table above is a preliminary report that shows the Block RAMs at the current stage of the synthesis flow. Some Block RAMs may be reimplemented as non Block RAM primitives later in the synthesis flow. Multiple instantiated Block RAMs are reported only once. 

Distributed RAM: Preliminary Mapping Report (see note below)
+------------+----------------------------------------------------------------------------------------------------------------------+-----------+----------------------+-------------+
|Module Name | RTL Object                                                                                                           | Inference | Size (Depth x Width) | Primitives  | 
+------------+----------------------------------------------------------------------------------------------------------------------+-----------+----------------------+-------------+
|u_gmii2mac  | u_mac_top/u_mac_tx/u_fix_delay/delay_using_ram_generation.u_dly_data_buf/gen_inferred_ram.gen_port_a_nonbyte.ram_reg | Implied   | 4 x 9                | RAM32M x 2  | 
|u_gmii2mac  | u_eth_presemble/u_fix_delay/delay_using_ram_generation.u_dly_data_buf/gen_inferred_ram.gen_port_a_nonbyte.ram_reg    | Implied   | 8 x 9                | RAM32M x 2  | 
+------------+----------------------------------------------------------------------------------------------------------------------+-----------+----------------------+-------------+

Note: The table above is a preliminary report that shows the Distributed RAMs at the current stage of the synthesis flow. Some Distributed RAMs may be reimplemented as non Distributed RAM primitives later in the synthesis flow. Multiple instantiated RAMs are reported only once.
---------------------------------------------------------------------------------
Finished ROM, RAM, DSP, Shift Register and Retiming Reporting
---------------------------------------------------------------------------------
---------------------------------------------------------------------------------
Start Applying XDC Timing Constraints
---------------------------------------------------------------------------------
---------------------------------------------------------------------------------
Finished Applying XDC Timing Constraints : Time (s): cpu = 00:00:30 ; elapsed = 00:00:31 . Memory (MB): peak = 2525.410 ; gain = 719.250 ; free physical = 2814 ; free virtual = 7893
---------------------------------------------------------------------------------
---------------------------------------------------------------------------------
Start Timing Optimization
---------------------------------------------------------------------------------
---------------------------------------------------------------------------------
Finished Timing Optimization : Time (s): cpu = 00:00:32 ; elapsed = 00:00:33 . Memory (MB): peak = 2525.410 ; gain = 719.250 ; free physical = 2829 ; free virtual = 7908
---------------------------------------------------------------------------------
---------------------------------------------------------------------------------
Start ROM, RAM, DSP, Shift Register and Retiming Reporting
---------------------------------------------------------------------------------

Block RAM: Final Mapping Report
+----------------------------------------+-------------------------------------------------------------------------------------------------------------------------------------------------+------------------------+---+---+------------------------+---+---+------------------+--------+--------+
|Module Name                             | RTL Object                                                                                                                                      | PORT A (Depth x Width) | W | R | PORT B (Depth x Width) | W | R | Ports driving FF | RAMB18 | RAMB36 | 
+----------------------------------------+-------------------------------------------------------------------------------------------------------------------------------------------------+------------------------+---+---+------------------------+---+---+------------------+--------+--------+
|u_cpu_channel                           | u_package_fifo_cpu_rd/none_blk_mode.data_ram_dual.u_data_ram/gen_inferred_ram.gen_port_a_aligned.ram_reg                                        | 4 K x 8(NO_CHANGE)     | W |   | 4 K x 8(WRITE_FIRST)   |   | R | Port A and B     | 0      | 1      | 
|u_cpu_channel                           | u_package_fifo_cpu_wr/none_blk_mode.data_ram_dual.u_data_ram/gen_inferred_ram.gen_port_a_aligned.ram_reg                                        | 4 K x 8(NO_CHANGE)     | W |   | 4 K x 8(WRITE_FIRST)   |   | R | Port A and B     | 0      | 1      | 
|u_riscv                                 | lcpu_real.u_cpu/gen_uart.u_uart_lcpu_top/u_uart_lcpu/u_pkt_fifo/blk_mode.data_ram_single.u_data_ram/gen_inferred_ram.gen_port_a_aligned.ram_reg | 4096 x 8(READ_FIRST)   | W |   | 4096 x 8(WRITE_FIRST)  |   | R | Port A and B     | 1      | 0      | 
|xpm_memory_tdpram:/xpm_memory_base_inst | gen_wr_a.gen_byte_narrow.for_mem_cols[1].mem_reg                                                                                                | 256 x 32(READ_FIRST)   | W | R | 256 x 32(READ_FIRST)   | W | R | Port A and B     | 0      | 1      | 
|xpm_memory_tdpram:/xpm_memory_base_inst | gen_wr_a.gen_byte_narrow.for_mem_cols[1].mem_reg                                                                                                | 256 x 32(READ_FIRST)   | W | R | 256 x 32(READ_FIRST)   | W | R | Port A and B     | 0      | 1      | 
|xpm_memory_tdpram:/xpm_memory_base_inst | gen_wr_a.gen_byte_narrow.for_mem_cols[1].mem_reg                                                                                                | 256 x 32(READ_FIRST)   | W | R | 256 x 32(READ_FIRST)   | W | R | Port A and B     | 0      | 1      | 
|xpm_memory_tdpram:/xpm_memory_base_inst | gen_wr_a.gen_byte_narrow.for_mem_cols[1].mem_reg                                                                                                | 256 x 32(READ_FIRST)   | W | R | 256 x 32(READ_FIRST)   | W | R | Port A and B     | 0      | 1      | 
|xpm_memory_tdpram:/xpm_memory_base_inst | gen_wr_a.gen_byte_narrow.for_mem_cols[1].mem_reg                                                                                                | 256 x 32(READ_FIRST)   | W | R | 256 x 32(READ_FIRST)   | W | R | Port A and B     | 0      | 1      | 
|xpm_memory_tdpram:/xpm_memory_base_inst | gen_wr_a.gen_byte_narrow.for_mem_cols[1].mem_reg                                                                                                | 256 x 32(READ_FIRST)   | W | R | 256 x 32(READ_FIRST)   | W | R | Port A and B     | 0      | 1      | 
|xpm_memory_tdpram:/xpm_memory_base_inst | gen_wr_a.gen_byte_narrow.for_mem_cols[1].mem_reg                                                                                                | 256 x 32(READ_FIRST)   | W | R | 256 x 32(READ_FIRST)   | W | R | Port A and B     | 0      | 1      | 
|xpm_memory_tdpram:/xpm_memory_base_inst | gen_wr_a.gen_byte_narrow.for_mem_cols[1].mem_reg                                                                                                | 256 x 32(READ_FIRST)   | W | R | 256 x 32(READ_FIRST)   | W | R | Port A and B     | 0      | 1      | 
+----------------------------------------+-------------------------------------------------------------------------------------------------------------------------------------------------+------------------------+---+---+------------------------+---+---+------------------+--------+--------+


Distributed RAM: Final Mapping Report
+------------+----------------------------------------------------------------------------------------------------------------------+-----------+----------------------+-------------+
|Module Name | RTL Object                                                                                                           | Inference | Size (Depth x Width) | Primitives  | 
+------------+----------------------------------------------------------------------------------------------------------------------+-----------+----------------------+-------------+
|u_gmii2mac  | u_mac_top/u_mac_tx/u_fix_delay/delay_using_ram_generation.u_dly_data_buf/gen_inferred_ram.gen_port_a_nonbyte.ram_reg | Implied   | 4 x 9                | RAM32M x 2  | 
|u_gmii2mac  | u_eth_presemble/u_fix_delay/delay_using_ram_generation.u_dly_data_buf/gen_inferred_ram.gen_port_a_nonbyte.ram_reg    | Implied   | 8 x 9                | RAM32M x 2  | 
+------------+----------------------------------------------------------------------------------------------------------------------+-----------+----------------------+-------------+

---------------------------------------------------------------------------------
Finished ROM, RAM, DSP, Shift Register and Retiming Reporting
---------------------------------------------------------------------------------
---------------------------------------------------------------------------------
Start Technology Mapping
---------------------------------------------------------------------------------
INFO: [Synth 8-7052] The timing for the instance u_riscv/riscv_cpu_generation.u_riscv_cpu/u_instru_ram/gen_xilinx_xpm_tdpram.xpm_bank[0].u_xpm_memory_tdpram_bank/xpm_memory_base_inst/gen_wr_a.gen_byte_narrow.for_mem_cols[1].mem_reg (implemented as a Block RAM) might be sub-optimal as no optional output register could be merged into the ram block. Providing additional output register may help in improving timing.
INFO: [Synth 8-7052] The timing for the instance u_riscv/riscv_cpu_generation.u_riscv_cpu/u_instru_ram/gen_xilinx_xpm_tdpram.xpm_bank[0].u_xpm_memory_tdpram_bank/xpm_memory_base_inst/gen_wr_a.gen_byte_narrow.for_mem_cols[1].mem_reg (implemented as a Block RAM) might be sub-optimal as no optional output register could be merged into the ram block. Providing additional output register may help in improving timing.
INFO: [Synth 8-7052] The timing for the instance u_riscv/riscv_cpu_generation.u_riscv_cpu/u_instru_ram/gen_xilinx_xpm_tdpram.xpm_bank[1].u_xpm_memory_tdpram_bank/xpm_memory_base_inst/gen_wr_a.gen_byte_narrow.for_mem_cols[1].mem_reg (implemented as a Block RAM) might be sub-optimal as no optional output register could be merged into the ram block. Providing additional output register may help in improving timing.
INFO: [Synth 8-7052] The timing for the instance u_riscv/riscv_cpu_generation.u_riscv_cpu/u_instru_ram/gen_xilinx_xpm_tdpram.xpm_bank[1].u_xpm_memory_tdpram_bank/xpm_memory_base_inst/gen_wr_a.gen_byte_narrow.for_mem_cols[1].mem_reg (implemented as a Block RAM) might be sub-optimal as no optional output register could be merged into the ram block. Providing additional output register may help in improving timing.
INFO: [Synth 8-7052] The timing for the instance u_riscv/riscv_cpu_generation.u_riscv_cpu/u_instru_ram/gen_xilinx_xpm_tdpram.xpm_bank[2].u_xpm_memory_tdpram_bank/xpm_memory_base_inst/gen_wr_a.gen_byte_narrow.for_mem_cols[1].mem_reg (implemented as a Block RAM) might be sub-optimal as no optional output register could be merged into the ram block. Providing additional output register may help in improving timing.
INFO: [Synth 8-7052] The timing for the instance u_riscv/riscv_cpu_generation.u_riscv_cpu/u_instru_ram/gen_xilinx_xpm_tdpram.xpm_bank[2].u_xpm_memory_tdpram_bank/xpm_memory_base_inst/gen_wr_a.gen_byte_narrow.for_mem_cols[1].mem_reg (implemented as a Block RAM) might be sub-optimal as no optional output register could be merged into the ram block. Providing additional output register may help in improving timing.
INFO: [Synth 8-7052] The timing for the instance u_riscv/riscv_cpu_generation.u_riscv_cpu/u_instru_ram/gen_xilinx_xpm_tdpram.xpm_bank[3].u_xpm_memory_tdpram_bank/xpm_memory_base_inst/gen_wr_a.gen_byte_narrow.for_mem_cols[1].mem_reg (implemented as a Block RAM) might be sub-optimal as no optional output register could be merged into the ram block. Providing additional output register may help in improving timing.
INFO: [Synth 8-7052] The timing for the instance u_riscv/riscv_cpu_generation.u_riscv_cpu/u_instru_ram/gen_xilinx_xpm_tdpram.xpm_bank[3].u_xpm_memory_tdpram_bank/xpm_memory_base_inst/gen_wr_a.gen_byte_narrow.for_mem_cols[1].mem_reg (implemented as a Block RAM) might be sub-optimal as no optional output register could be merged into the ram block. Providing additional output register may help in improving timing.
INFO: [Synth 8-7052] The timing for the instance u_riscv/riscv_cpu_generation.u_riscv_cpu/u_instru_ram/gen_xilinx_xpm_tdpram.xpm_bank[4].u_xpm_memory_tdpram_bank/xpm_memory_base_inst/gen_wr_a.gen_byte_narrow.for_mem_cols[1].mem_reg (implemented as a Block RAM) might be sub-optimal as no optional output register could be merged into the ram block. Providing additional output register may help in improving timing.
INFO: [Synth 8-7052] The timing for the instance u_riscv/riscv_cpu_generation.u_riscv_cpu/u_instru_ram/gen_xilinx_xpm_tdpram.xpm_bank[4].u_xpm_memory_tdpram_bank/xpm_memory_base_inst/gen_wr_a.gen_byte_narrow.for_mem_cols[1].mem_reg (implemented as a Block RAM) might be sub-optimal as no optional output register could be merged into the ram block. Providing additional output register may help in improving timing.
INFO: [Synth 8-7052] The timing for the instance u_riscv/riscv_cpu_generation.u_riscv_cpu/u_instru_ram/gen_xilinx_xpm_tdpram.xpm_bank[5].u_xpm_memory_tdpram_bank/xpm_memory_base_inst/gen_wr_a.gen_byte_narrow.for_mem_cols[1].mem_reg (implemented as a Block RAM) might be sub-optimal as no optional output register could be merged into the ram block. Providing additional output register may help in improving timing.
INFO: [Synth 8-7052] The timing for the instance u_riscv/riscv_cpu_generation.u_riscv_cpu/u_instru_ram/gen_xilinx_xpm_tdpram.xpm_bank[5].u_xpm_memory_tdpram_bank/xpm_memory_base_inst/gen_wr_a.gen_byte_narrow.for_mem_cols[1].mem_reg (implemented as a Block RAM) might be sub-optimal as no optional output register could be merged into the ram block. Providing additional output register may help in improving timing.
INFO: [Synth 8-7052] The timing for the instance u_riscv/riscv_cpu_generation.u_riscv_cpu/u_instru_ram/gen_xilinx_xpm_tdpram.xpm_bank[6].u_xpm_memory_tdpram_bank/xpm_memory_base_inst/gen_wr_a.gen_byte_narrow.for_mem_cols[1].mem_reg (implemented as a Block RAM) might be sub-optimal as no optional output register could be merged into the ram block. Providing additional output register may help in improving timing.
INFO: [Synth 8-7052] The timing for the instance u_riscv/riscv_cpu_generation.u_riscv_cpu/u_instru_ram/gen_xilinx_xpm_tdpram.xpm_bank[6].u_xpm_memory_tdpram_bank/xpm_memory_base_inst/gen_wr_a.gen_byte_narrow.for_mem_cols[1].mem_reg (implemented as a Block RAM) might be sub-optimal as no optional output register could be merged into the ram block. Providing additional output register may help in improving timing.
INFO: [Synth 8-7052] The timing for the instance u_riscv/riscv_cpu_generation.u_riscv_cpu/u_instru_ram/gen_xilinx_xpm_tdpram.xpm_bank[7].u_xpm_memory_tdpram_bank/xpm_memory_base_inst/gen_wr_a.gen_byte_narrow.for_mem_cols[1].mem_reg (implemented as a Block RAM) might be sub-optimal as no optional output register could be merged into the ram block. Providing additional output register may help in improving timing.
INFO: [Synth 8-7052] The timing for the instance u_riscv/riscv_cpu_generation.u_riscv_cpu/u_instru_ram/gen_xilinx_xpm_tdpram.xpm_bank[7].u_xpm_memory_tdpram_bank/xpm_memory_base_inst/gen_wr_a.gen_byte_narrow.for_mem_cols[1].mem_reg (implemented as a Block RAM) might be sub-optimal as no optional output register could be merged into the ram block. Providing additional output register may help in improving timing.
INFO: [Synth 8-7052] The timing for the instance u_cpu_channel/u_package_fifo_cpu_rd/none_blk_mode.data_ram_dual.u_data_ram/gen_inferred_ram.gen_port_a_aligned.ram_reg (implemented as a Block RAM) might be sub-optimal as no optional output register could be merged into the ram block. Providing additional output register may help in improving timing.
INFO: [Synth 8-7052] The timing for the instance u_cpu_channel/u_package_fifo_cpu_wr/none_blk_mode.data_ram_dual.u_data_ram/gen_inferred_ram.gen_port_a_aligned.ram_reg (implemented as a Block RAM) might be sub-optimal as no optional output register could be merged into the ram block. Providing additional output register may help in improving timing.
INFO: [Synth 8-7052] The timing for the instance u_riscv/lcpu_real.u_cpu/gen_uart.u_uart_lcpu_top/u_uart_lcpu/u_pkt_fifo/blk_mode.data_ram_single.u_data_ram/gen_inferred_ram.gen_port_a_aligned.ram_reg (implemented as a Block RAM) might be sub-optimal as no optional output register could be merged into the ram block. Providing additional output register may help in improving timing.
---------------------------------------------------------------------------------
Finished Technology Mapping : Time (s): cpu = 00:00:34 ; elapsed = 00:00:35 . Memory (MB): peak = 2525.410 ; gain = 719.250 ; free physical = 2842 ; free virtual = 7921
---------------------------------------------------------------------------------
---------------------------------------------------------------------------------
Start IO Insertion
---------------------------------------------------------------------------------
---------------------------------------------------------------------------------
Start Flattening Before IO Insertion
---------------------------------------------------------------------------------
---------------------------------------------------------------------------------
Finished Flattening Before IO Insertion
---------------------------------------------------------------------------------
---------------------------------------------------------------------------------
Start Final Netlist Cleanup
---------------------------------------------------------------------------------
---------------------------------------------------------------------------------
Finished Final Netlist Cleanup
---------------------------------------------------------------------------------
---------------------------------------------------------------------------------
Finished IO Insertion : Time (s): cpu = 00:00:37 ; elapsed = 00:00:38 . Memory (MB): peak = 2525.410 ; gain = 719.250 ; free physical = 2857 ; free virtual = 7936
---------------------------------------------------------------------------------
---------------------------------------------------------------------------------
Start Renaming Generated Instances
---------------------------------------------------------------------------------
---------------------------------------------------------------------------------
Finished Renaming Generated Instances : Time (s): cpu = 00:00:37 ; elapsed = 00:00:38 . Memory (MB): peak = 2525.410 ; gain = 719.250 ; free physical = 2856 ; free virtual = 7935
---------------------------------------------------------------------------------
---------------------------------------------------------------------------------
Start Rebuilding User Hierarchy
---------------------------------------------------------------------------------
---------------------------------------------------------------------------------
Finished Rebuilding User Hierarchy : Time (s): cpu = 00:00:38 ; elapsed = 00:00:39 . Memory (MB): peak = 2525.410 ; gain = 719.250 ; free physical = 2849 ; free virtual = 7928
---------------------------------------------------------------------------------
---------------------------------------------------------------------------------
Start Renaming Generated Ports
---------------------------------------------------------------------------------
---------------------------------------------------------------------------------
Finished Renaming Generated Ports : Time (s): cpu = 00:00:38 ; elapsed = 00:00:39 . Memory (MB): peak = 2525.410 ; gain = 719.250 ; free physical = 2849 ; free virtual = 7928
---------------------------------------------------------------------------------
---------------------------------------------------------------------------------
Start Handling Custom Attributes
---------------------------------------------------------------------------------
---------------------------------------------------------------------------------
Finished Handling Custom Attributes : Time (s): cpu = 00:00:38 ; elapsed = 00:00:39 . Memory (MB): peak = 2525.410 ; gain = 719.250 ; free physical = 2847 ; free virtual = 7927
---------------------------------------------------------------------------------
---------------------------------------------------------------------------------
Start Renaming Generated Nets
---------------------------------------------------------------------------------
---------------------------------------------------------------------------------
Finished Renaming Generated Nets : Time (s): cpu = 00:00:38 ; elapsed = 00:00:39 . Memory (MB): peak = 2525.410 ; gain = 719.250 ; free physical = 2847 ; free virtual = 7927
---------------------------------------------------------------------------------
---------------------------------------------------------------------------------
Start ROM, RAM, DSP, Shift Register and Retiming Reporting
---------------------------------------------------------------------------------

Static Shift Register Report:
+------------------+-----------------------------------------------------------------------+--------+-------+--------------+--------------------+-------------------+--------+---------+
|Module Name       | RTL Name                                                              | Length | Width | Reset Signal | Pull out first Reg | Pull out last Reg | SRL16E | SRLC32E | 
+------------------+-----------------------------------------------------------------------+--------+-------+--------------+--------------------+-------------------+--------+---------+
|webserver_cpu_top | u_cpu_channel/u_package_fifo_cpu_rd/none_blk_mode.ram_data_a_r_reg[7] | 5      | 8     | YES          | NO                 | YES               | 8      | 0       | 
+------------------+-----------------------------------------------------------------------+--------+-------+--------------+--------------------+-------------------+--------+---------+

---------------------------------------------------------------------------------
Finished ROM, RAM, DSP, Shift Register and Retiming Reporting
---------------------------------------------------------------------------------
---------------------------------------------------------------------------------
Start Writing Synthesis Report
---------------------------------------------------------------------------------

Report BlackBoxes: 
+-+--------------+----------+
| |BlackBox name |Instances |
+-+--------------+----------+
+-+--------------+----------+

Report Cell Usage: 
+------+------------+------+
|      |Cell        |Count |
+------+------------+------+
|1     |BUFG        |     7|
|2     |CARRY4      |   190|
|3     |IDDR        |     5|
|4     |IDELAYCTRL  |     1|
|5     |IDELAYE2    |     5|
|6     |LUT1        |    89|
|7     |LUT2        |   483|
|8     |LUT3        |   343|
|9     |LUT4        |   596|
|10    |LUT5        |   552|
|11    |LUT6        |  1955|
|12    |MMCME2_BASE |     1|
|13    |MUXF7       |   312|
|14    |MUXF8       |    47|
|15    |ODDR        |     6|
|16    |RAM32M      |     4|
|17    |RAMB18E1    |     1|
|18    |RAMB36E1    |    10|
|20    |SRL16E      |     8|
|21    |FDCE        |  2271|
|22    |FDPE        |    16|
|23    |FDRE        |  2839|
|24    |FDSE        |    30|
|25    |IBUF        |     9|
|26    |OBUF        |    13|
+------+------------+------+
---------------------------------------------------------------------------------
Finished Writing Synthesis Report : Time (s): cpu = 00:00:38 ; elapsed = 00:00:39 . Memory (MB): peak = 2525.410 ; gain = 719.250 ; free physical = 2847 ; free virtual = 7927
---------------------------------------------------------------------------------
Synthesis finished with 0 errors, 0 critical warnings and 83 warnings.
Synthesis Optimization Runtime : Time (s): cpu = 00:00:35 ; elapsed = 00:00:37 . Memory (MB): peak = 2525.410 ; gain = 571.500 ; free physical = 2822 ; free virtual = 7901
Synthesis Optimization Complete : Time (s): cpu = 00:00:38 ; elapsed = 00:00:39 . Memory (MB): peak = 2525.418 ; gain = 719.250 ; free physical = 2822 ; free virtual = 7901
INFO: [Project 1-571] Translating synthesized netlist
Netlist sorting complete. Time (s): cpu = 00:00:00.07 ; elapsed = 00:00:00.07 . Memory (MB): peak = 2525.418 ; gain = 0.000 ; free physical = 3121 ; free virtual = 8200
INFO: [Netlist 29-17] Analyzing 581 Unisim elements for replacement
INFO: [Netlist 29-28] Unisim Transformation completed in 0 CPU seconds
INFO: [Project 1-570] Preparing netlist for logic optimization
INFO: [Opt 31-138] Pushed 0 inverter(s) to 0 load pin(s).
Netlist sorting complete. Time (s): cpu = 00:00:00 ; elapsed = 00:00:00 . Memory (MB): peak = 2581.438 ; gain = 0.000 ; free physical = 3130 ; free virtual = 8209
INFO: [Project 1-111] Unisim Transformation Summary:
  A total of 5 instances were transformed.
  MMCME2_BASE => MMCME2_ADV: 1 instance 
  RAM32M => RAM32M (RAMD32(x6), RAMS32(x2)): 4 instances

Synth Design complete | Checksum: e4458a99
INFO: [Common 17-83] Releasing license: Synthesis
178 Infos, 240 Warnings, 0 Critical Warnings and 0 Errors encountered.
synth_design completed successfully
synth_design: Time (s): cpu = 00:00:44 ; elapsed = 00:00:44 . Memory (MB): peak = 2581.438 ; gain = 1110.254 ; free physical = 3130 ; free virtual = 8210
INFO: [Common 17-2834] synth_design peak Physical Memory [PSS] (MB): overall = 2054.270; main = 1713.130; forked = 393.578
INFO: [Common 17-2834] synth_design peak Virtual Memory [VSS] (MB): overall = 3586.242; main = 2581.441; forked = 1060.828
Write ShapeDB Complete: Time (s): cpu = 00:00:00.02 ; elapsed = 00:00:00.01 . Memory (MB): peak = 2605.449 ; gain = 0.000 ; free physical = 3130 ; free virtual = 8210
INFO: [Common 17-1381] The checkpoint '/home/haitaoz/work/FPGA_Prj/RiscV_WebSoC/build_xilinx/RiscV_WebSoC.runs/synth_1/webserver_cpu_top.dcp' has been generated.
INFO: [Vivado 12-24828] Executing command : report_utilization -file webserver_cpu_top_utilization_synth.rpt -pb webserver_cpu_top_utilization_synth.pb
INFO: [Common 17-206] Exiting Vivado at Mon Jul 27 22:20:33 2026...
[Mon Jul 27 22:20:43 2026] synth_1 finished
wait_on_runs: Time (s): cpu = 00:00:55 ; elapsed = 00:01:04 . Memory (MB): peak = 1488.059 ; gain = 0.000 ; free physical = 4577 ; free virtual = 9643
# puts "Running Implementation..."
Running Implementation...
# launch_runs impl_1 -to_step write_bitstream -jobs 8
INFO: [Vivado 12-4149] The synthesis checkpoint for IP '/home/haitaoz/work/FPGA_Prj/RiscV_WebSoC/build_xilinx/jtag_axi_0.xci' is already up-to-date
[Mon Jul 27 22:20:43 2026] Launched impl_1...
Run output will be captured here: /home/haitaoz/work/FPGA_Prj/RiscV_WebSoC/build_xilinx/RiscV_WebSoC.runs/impl_1/runme.log
# wait_on_run impl_1
[Mon Jul 27 22:20:43 2026] Waiting for impl_1 to finish...

*** Running vivado
    with args -log webserver_cpu_top.vdi -applog -m64 -product Vivado -messageDb vivado.pb -mode batch -source webserver_cpu_top.tcl -notrace


****** Vivado v2024.1 (64-bit)
  **** SW Build 5076996 on Wed May 22 18:36:09 MDT 2024
  **** IP Build 5075265 on Wed May 22 21:45:21 MDT 2024
  **** SharedData Build 5076995 on Wed May 22 18:29:18 MDT 2024
  **** Start of session at: Mon Jul 27 22:20:45 2026
    ** Copyright 1986-2022 Xilinx, Inc. All Rights Reserved.
    ** Copyright 2022-2024 Advanced Micro Devices, Inc. All Rights Reserved.

source webserver_cpu_top.tcl -notrace
Command: link_design -top webserver_cpu_top -part xc7a35tfgg484-2
Design is defaulting to srcset: sources_1
Design is defaulting to constrset: constrs_1
INFO: [Device 21-403] Loading part xc7a35tfgg484-2
INFO: [Device 21-9227] Part: xc7a35tfgg484-2 does not have CEAM library.
Netlist sorting complete. Time (s): cpu = 00:00:00.03 ; elapsed = 00:00:00.04 . Memory (MB): peak = 1814.219 ; gain = 0.000 ; free physical = 3706 ; free virtual = 8773
INFO: [Netlist 29-17] Analyzing 581 Unisim elements for replacement
INFO: [Netlist 29-28] Unisim Transformation completed in 0 CPU seconds
INFO: [Project 1-479] Netlist was created with Vivado 2024.1
INFO: [Project 1-570] Preparing netlist for logic optimization
CRITICAL WARNING: [Designutils 20-1280] Could not find module 'jtag_axi_0'. The XDC file /home/haitaoz/work/FPGA_Prj/RiscV_WebSoC/build_xilinx/JtagCPU_Amd.gen/sources_1/ip/jtag_axi_0/constraints/jtag_axi.xdc will not be read for any cell of this module.
Parsing XDC File [/home/haitaoz/work/FPGA_Prj/RiscV_WebSoC/build_xilinx/pins.xdc]
Finished Parsing XDC File [/home/haitaoz/work/FPGA_Prj/RiscV_WebSoC/build_xilinx/pins.xdc]
Parsing XDC File [/home/haitaoz/work/FPGA_Prj/RiscV_WebSoC/build_xilinx/timing.xdc]
Finished Parsing XDC File [/home/haitaoz/work/FPGA_Prj/RiscV_WebSoC/build_xilinx/timing.xdc]
INFO: [Project 1-1714] 8 XPM XDC files have been applied to the design.
INFO: [Opt 31-138] Pushed 0 inverter(s) to 0 load pin(s).
Netlist sorting complete. Time (s): cpu = 00:00:00 ; elapsed = 00:00:00 . Memory (MB): peak = 2557.543 ; gain = 0.000 ; free physical = 3177 ; free virtual = 8243
INFO: [Project 1-111] Unisim Transformation Summary:
  A total of 4 instances were transformed.
  RAM32M => RAM32M (RAMD32(x6), RAMS32(x2)): 4 instances

9 Infos, 0 Warnings, 1 Critical Warnings and 0 Errors encountered.
link_design completed successfully
link_design: Time (s): cpu = 00:00:08 ; elapsed = 00:00:08 . Memory (MB): peak = 2557.543 ; gain = 1085.332 ; free physical = 3176 ; free virtual = 8243
Command: opt_design
Attempting to get a license for feature 'Implementation' and/or device 'xc7a35t'
INFO: [Common 17-349] Got license for feature 'Implementation' and/or device 'xc7a35t'
Running DRC as a precondition to command opt_design

Starting DRC Task
INFO: [DRC 23-27] Running DRC with 8 threads
INFO: [Project 1-461] DRC finished with 0 Errors
INFO: [Project 1-462] Please refer to the DRC report (report_drc) for more information.

Time (s): cpu = 00:00:01 ; elapsed = 00:00:00.61 . Memory (MB): peak = 2621.574 ; gain = 64.031 ; free physical = 3167 ; free virtual = 8234

Starting Cache Timing Information Task
INFO: [Timing 38-35] Done setting XDC timing constraints.
Ending Cache Timing Information Task | Checksum: 291870a9d

Time (s): cpu = 00:00:00.27 ; elapsed = 00:00:00.1 . Memory (MB): peak = 2621.574 ; gain = 0.000 ; free physical = 3167 ; free virtual = 8234

Starting Logic Optimization Task

Phase 1 Initialization

Phase 1.1 Core Generation And Design Setup
Phase 1.1 Core Generation And Design Setup | Checksum: 291870a9d

Time (s): cpu = 00:00:00.01 ; elapsed = 00:00:00.01 . Memory (MB): peak = 2862.457 ; gain = 0.000 ; free physical = 2871 ; free virtual = 7939

Phase 1.2 Setup Constraints And Sort Netlist
Phase 1.2 Setup Constraints And Sort Netlist | Checksum: 291870a9d

Time (s): cpu = 00:00:00.01 ; elapsed = 00:00:00.01 . Memory (MB): peak = 2862.457 ; gain = 0.000 ; free physical = 2871 ; free virtual = 7939
Phase 1 Initialization | Checksum: 291870a9d

Time (s): cpu = 00:00:00.01 ; elapsed = 00:00:00.01 . Memory (MB): peak = 2862.457 ; gain = 0.000 ; free physical = 2871 ; free virtual = 7939

Phase 2 Timer Update And Timing Data Collection

Phase 2.1 Timer Update
Phase 2.1 Timer Update | Checksum: 291870a9d

Time (s): cpu = 00:00:00.26 ; elapsed = 00:00:00.07 . Memory (MB): peak = 2862.457 ; gain = 0.000 ; free physical = 2871 ; free virtual = 7939

Phase 2.2 Timing Data Collection
Phase 2.2 Timing Data Collection | Checksum: 291870a9d

Time (s): cpu = 00:00:00.27 ; elapsed = 00:00:00.09 . Memory (MB): peak = 2862.457 ; gain = 0.000 ; free physical = 2871 ; free virtual = 7939
Phase 2 Timer Update And Timing Data Collection | Checksum: 291870a9d

Time (s): cpu = 00:00:00.27 ; elapsed = 00:00:00.09 . Memory (MB): peak = 2862.457 ; gain = 0.000 ; free physical = 2871 ; free virtual = 7939

Phase 3 Retarget
INFO: [Opt 31-1834] Total Chains To Be Transformed Were: 0 AND Number of Transformed insts Created are: 0
INFO: [Opt 31-1566] Pulled 2 inverters resulting in an inversion of 77 pins
INFO: [Opt 31-138] Pushed 1 inverter(s) to 1 load pin(s).
INFO: [Opt 31-49] Retargeted 0 cell(s).
Phase 3 Retarget | Checksum: 2736a9a9a

Time (s): cpu = 00:00:00.39 ; elapsed = 00:00:00.17 . Memory (MB): peak = 2862.457 ; gain = 0.000 ; free physical = 2870 ; free virtual = 7938
Retarget | Checksum: 2736a9a9a
INFO: [Opt 31-389] Phase Retarget created 0 cells and removed 2 cells
INFO: [Opt 31-1021] In phase Retarget, 1 netlist objects are constrained preventing optimization. Please run opt_design with -debug_log to get more detail. 

Phase 4 Constant propagation
INFO: [Opt 31-138] Pushed 0 inverter(s) to 0 load pin(s).
Phase 4 Constant propagation | Checksum: 227f8e898

Time (s): cpu = 00:00:00.43 ; elapsed = 00:00:00.21 . Memory (MB): peak = 2862.457 ; gain = 0.000 ; free physical = 2870 ; free virtual = 7938
Constant propagation | Checksum: 227f8e898
INFO: [Opt 31-389] Phase Constant propagation created 0 cells and removed 0 cells

Phase 5 Sweep
Phase 5 Sweep | Checksum: 1d36c092d

Time (s): cpu = 00:00:00.5 ; elapsed = 00:00:00.28 . Memory (MB): peak = 2862.457 ; gain = 0.000 ; free physical = 2870 ; free virtual = 7938
Sweep | Checksum: 1d36c092d
INFO: [Opt 31-389] Phase Sweep created 4 cells and removed 0 cells

Phase 6 BUFG optimization
Phase 6 BUFG optimization | Checksum: 1d36c092d

Time (s): cpu = 00:00:00.57 ; elapsed = 00:00:00.32 . Memory (MB): peak = 2862.457 ; gain = 0.000 ; free physical = 2870 ; free virtual = 7938
BUFG optimization | Checksum: 1d36c092d
INFO: [Opt 31-662] Phase BUFG optimization created 0 cells of which 0 are BUFGs and removed 0 cells.

Phase 7 Shift Register Optimization
INFO: [Opt 31-1064] SRL Remap converted 0 SRLs to 0 registers and converted 0 registers of register chains to 0 SRLs
Phase 7 Shift Register Optimization | Checksum: 1d36c092d

Time (s): cpu = 00:00:00.57 ; elapsed = 00:00:00.33 . Memory (MB): peak = 2862.457 ; gain = 0.000 ; free physical = 2870 ; free virtual = 7938
Shift Register Optimization | Checksum: 1d36c092d
INFO: [Opt 31-389] Phase Shift Register Optimization created 0 cells and removed 0 cells

Phase 8 Post Processing Netlist
Phase 8 Post Processing Netlist | Checksum: 1d36c092d

Time (s): cpu = 00:00:00.59 ; elapsed = 00:00:00.34 . Memory (MB): peak = 2862.457 ; gain = 0.000 ; free physical = 2870 ; free virtual = 7938
Post Processing Netlist | Checksum: 1d36c092d
INFO: [Opt 31-389] Phase Post Processing Netlist created 0 cells and removed 0 cells

Phase 9 Finalization

Phase 9.1 Finalizing Design Cores and Updating Shapes
Phase 9.1 Finalizing Design Cores and Updating Shapes | Checksum: 1c27ea004

Time (s): cpu = 00:00:00.69 ; elapsed = 00:00:00.41 . Memory (MB): peak = 2862.457 ; gain = 0.000 ; free physical = 2870 ; free virtual = 7938

Phase 9.2 Verifying Netlist Connectivity

Starting Connectivity Check Task

Time (s): cpu = 00:00:00.01 ; elapsed = 00:00:00.01 . Memory (MB): peak = 2862.457 ; gain = 0.000 ; free physical = 2870 ; free virtual = 7938
Phase 9.2 Verifying Netlist Connectivity | Checksum: 1c27ea004

Time (s): cpu = 00:00:00.7 ; elapsed = 00:00:00.42 . Memory (MB): peak = 2862.457 ; gain = 0.000 ; free physical = 2870 ; free virtual = 7938
Phase 9 Finalization | Checksum: 1c27ea004

Time (s): cpu = 00:00:00.7 ; elapsed = 00:00:00.42 . Memory (MB): peak = 2862.457 ; gain = 0.000 ; free physical = 2870 ; free virtual = 7938
Opt_design Change Summary
=========================


-------------------------------------------------------------------------------------------------------------------------
|  Phase                        |  #Cells created  |  #Cells Removed  |  #Constrained objects preventing optimizations  |
-------------------------------------------------------------------------------------------------------------------------
|  Retarget                     |               0  |               2  |                                              1  |
|  Constant propagation         |               0  |               0  |                                              0  |
|  Sweep                        |               4  |               0  |                                              0  |
|  BUFG optimization            |               0  |               0  |                                              0  |
|  Shift Register Optimization  |               0  |               0  |                                              0  |
|  Post Processing Netlist      |               0  |               0  |                                              0  |
-------------------------------------------------------------------------------------------------------------------------


Ending Logic Optimization Task | Checksum: 1c27ea004

Time (s): cpu = 00:00:00.71 ; elapsed = 00:00:00.43 . Memory (MB): peak = 2862.457 ; gain = 0.000 ; free physical = 2870 ; free virtual = 7938

Starting Power Optimization Task
INFO: [Pwropt 34-132] Skipping clock gating for clocks with a period < 2.00 ns.
INFO: [Timing 38-35] Done setting XDC timing constraints.
Running Vector-less Activity Propagation...
INFO: [Pwropt 34-9] Applying IDT optimizations ...
INFO: [Pwropt 34-10] Applying ODC optimizations ...

Finished Running Vector-less Activity Propagation


Starting PowerOpt Patch Enables Task
INFO: [Pwropt 34-162] WRITE_MODE attribute of 0 BRAM(s) out of a total of 11 has been updated to save power. Run report_power_opt to get a complete listing of the BRAMs updated.
INFO: [Pwropt 34-201] Structural ODC has moved 0 WE to EN ports
Number of BRAM Ports augmented: 0 newly gated: 8 Total Ports: 22
Ending PowerOpt Patch Enables Task | Checksum: 1de4302b5

Time (s): cpu = 00:00:00.04 ; elapsed = 00:00:00.05 . Memory (MB): peak = 3177.402 ; gain = 0.000 ; free physical = 2711 ; free virtual = 7780
Ending Power Optimization Task | Checksum: 1de4302b5

Time (s): cpu = 00:00:05 ; elapsed = 00:00:04 . Memory (MB): peak = 3177.402 ; gain = 314.945 ; free physical = 2711 ; free virtual = 7780

Starting Final Cleanup Task
Ending Final Cleanup Task | Checksum: 1de4302b5

Time (s): cpu = 00:00:00 ; elapsed = 00:00:00.01 . Memory (MB): peak = 3177.402 ; gain = 0.000 ; free physical = 2711 ; free virtual = 7780
Parsing XDC File [/home/haitaoz/work/FPGA_Prj/RiscV_WebSoC/build_xilinx/JtagCPU_Amd.gen/sources_1/ip/jtag_axi_0/constraints/jtag_axi_0_impl.xdc] from IP /home/haitaoz/work/FPGA_Prj/RiscV_WebSoC/build_xilinx/jtag_axi_0.xci
CRITICAL WARNING: [Designutils 20-1280] Could not find module 'jtag_axi_0'. The XDC file /home/haitaoz/work/FPGA_Prj/RiscV_WebSoC/build_xilinx/JtagCPU_Amd.gen/sources_1/ip/jtag_axi_0/constraints/jtag_axi_0_impl.xdc will not be read for any cell of this module.

Starting Netlist Obfuscation Task
Netlist sorting complete. Time (s): cpu = 00:00:00.01 ; elapsed = 00:00:00 . Memory (MB): peak = 3177.402 ; gain = 0.000 ; free physical = 2711 ; free virtual = 7780
Ending Netlist Obfuscation Task | Checksum: 28bb77615

Time (s): cpu = 00:00:00.01 ; elapsed = 00:00:00 . Memory (MB): peak = 3177.402 ; gain = 0.000 ; free physical = 2711 ; free virtual = 7780
INFO: [Common 17-83] Releasing license: Implementation
34 Infos, 0 Warnings, 2 Critical Warnings and 0 Errors encountered.
opt_design completed successfully
opt_design: Time (s): cpu = 00:00:09 ; elapsed = 00:00:07 . Memory (MB): peak = 3177.402 ; gain = 619.859 ; free physical = 2711 ; free virtual = 7780
INFO: [Vivado 12-24828] Executing command : report_drc -file webserver_cpu_top_drc_opted.rpt -pb webserver_cpu_top_drc_opted.pb -rpx webserver_cpu_top_drc_opted.rpx
Command: report_drc -file webserver_cpu_top_drc_opted.rpt -pb webserver_cpu_top_drc_opted.pb -rpx webserver_cpu_top_drc_opted.rpx
INFO: [IP_Flow 19-1839] IP Catalog is up to date.
INFO: [DRC 23-27] Running DRC with 8 threads
INFO: [Vivado_Tcl 2-168] The results of DRC are in file /home/haitaoz/work/FPGA_Prj/RiscV_WebSoC/build_xilinx/RiscV_WebSoC.runs/impl_1/webserver_cpu_top_drc_opted.rpt.
report_drc completed successfully
INFO: [Timing 38-480] Writing timing data to binary archive.
Wrote PlaceDB: Time (s): cpu = 00:00:00.01 ; elapsed = 00:00:00 . Memory (MB): peak = 3177.402 ; gain = 0.000 ; free physical = 2721 ; free virtual = 7790
Wrote PulsedLatchDB: Time (s): cpu = 00:00:00 ; elapsed = 00:00:00 . Memory (MB): peak = 3177.402 ; gain = 0.000 ; free physical = 2721 ; free virtual = 7790
Writing XDEF routing.
Write ShapeDB Complete: Time (s): cpu = 00:00:00.03 ; elapsed = 00:00:00.01 . Memory (MB): peak = 3177.402 ; gain = 0.000 ; free physical = 2721 ; free virtual = 7790
Writing XDEF routing logical nets.
Writing XDEF routing special nets.
Wrote RouteStorage: Time (s): cpu = 00:00:00.09 ; elapsed = 00:00:00.02 . Memory (MB): peak = 3177.402 ; gain = 0.000 ; free physical = 2721 ; free virtual = 7789
Wrote Netlist Cache: Time (s): cpu = 00:00:00 ; elapsed = 00:00:00 . Memory (MB): peak = 3177.402 ; gain = 0.000 ; free physical = 2721 ; free virtual = 7789
Wrote Device Cache: Time (s): cpu = 00:00:00.01 ; elapsed = 00:00:00.01 . Memory (MB): peak = 3177.402 ; gain = 0.000 ; free physical = 2721 ; free virtual = 7790
Write Physdb Complete: Time (s): cpu = 00:00:00.12 ; elapsed = 00:00:00.03 . Memory (MB): peak = 3177.402 ; gain = 0.000 ; free physical = 2721 ; free virtual = 7790
INFO: [Common 17-1381] The checkpoint '/home/haitaoz/work/FPGA_Prj/RiscV_WebSoC/build_xilinx/RiscV_WebSoC.runs/impl_1/webserver_cpu_top_opt.dcp' has been generated.
Command: place_design
Attempting to get a license for feature 'Implementation' and/or device 'xc7a35t'
INFO: [Common 17-349] Got license for feature 'Implementation' and/or device 'xc7a35t'
INFO: [Common 17-83] Releasing license: Implementation
INFO: [DRC 23-27] Running DRC with 8 threads
INFO: [Vivado_Tcl 4-198] DRC finished with 0 Errors
INFO: [Vivado_Tcl 4-199] Please refer to the DRC report (report_drc) for more information.
Running DRC as a precondition to command place_design
INFO: [DRC 23-27] Running DRC with 8 threads
INFO: [Vivado_Tcl 4-198] DRC finished with 0 Errors, 38 Warnings
INFO: [Vivado_Tcl 4-199] Please refer to the DRC report (report_drc) for more information.
INFO: [Place 30-611] Multithreading enabled for place_design using a maximum of 8 CPUs

Starting Placer Task

Phase 1 Placer Initialization

Phase 1.1 Placer Initialization Netlist Sorting
Netlist sorting complete. Time (s): cpu = 00:00:00 ; elapsed = 00:00:00 . Memory (MB): peak = 3177.402 ; gain = 0.000 ; free physical = 2663 ; free virtual = 7732
Phase 1.1 Placer Initialization Netlist Sorting | Checksum: 19bfdfebf

Time (s): cpu = 00:00:00.01 ; elapsed = 00:00:00 . Memory (MB): peak = 3177.402 ; gain = 0.000 ; free physical = 2662 ; free virtual = 7732
Netlist sorting complete. Time (s): cpu = 00:00:00 ; elapsed = 00:00:00 . Memory (MB): peak = 3177.402 ; gain = 0.000 ; free physical = 2662 ; free virtual = 7732

Phase 1.2 IO Placement/ Clock Placement/ Build Placer Device
INFO: [Timing 38-35] Done setting XDC timing constraints.
Phase 1.2 IO Placement/ Clock Placement/ Build Placer Device | Checksum: 19539505f

Time (s): cpu = 00:00:01 ; elapsed = 00:00:00.47 . Memory (MB): peak = 3177.402 ; gain = 0.000 ; free physical = 2663 ; free virtual = 7732

Phase 1.3 Build Placer Netlist Model
Phase 1.3 Build Placer Netlist Model | Checksum: 20962e6a1

Time (s): cpu = 00:00:03 ; elapsed = 00:00:01 . Memory (MB): peak = 3177.402 ; gain = 0.000 ; free physical = 2661 ; free virtual = 7731

Phase 1.4 Constrain Clocks/Macros
Phase 1.4 Constrain Clocks/Macros | Checksum: 20962e6a1

Time (s): cpu = 00:00:03 ; elapsed = 00:00:01 . Memory (MB): peak = 3177.402 ; gain = 0.000 ; free physical = 2662 ; free virtual = 7731
Phase 1 Placer Initialization | Checksum: 20962e6a1

Time (s): cpu = 00:00:03 ; elapsed = 00:00:01 . Memory (MB): peak = 3177.402 ; gain = 0.000 ; free physical = 2662 ; free virtual = 7731

Phase 2 Global Placement

Phase 2.1 Floorplanning
Phase 2.1 Floorplanning | Checksum: 1f6ad6705

Time (s): cpu = 00:00:04 ; elapsed = 00:00:02 . Memory (MB): peak = 3177.402 ; gain = 0.000 ; free physical = 2649 ; free virtual = 7718

Phase 2.2 Update Timing before SLR Path Opt
Phase 2.2 Update Timing before SLR Path Opt | Checksum: 196cbb95f

Time (s): cpu = 00:00:04 ; elapsed = 00:00:02 . Memory (MB): peak = 3177.402 ; gain = 0.000 ; free physical = 2662 ; free virtual = 7732

Phase 2.3 Post-Processing in Floorplanning
Phase 2.3 Post-Processing in Floorplanning | Checksum: 196cbb95f

Time (s): cpu = 00:00:04 ; elapsed = 00:00:02 . Memory (MB): peak = 3177.402 ; gain = 0.000 ; free physical = 2662 ; free virtual = 7732

Phase 2.4 Global Placement Core

Phase 2.4.1 UpdateTiming Before Physical Synthesis
Phase 2.4.1 UpdateTiming Before Physical Synthesis | Checksum: 19f7303fa

Time (s): cpu = 00:00:14 ; elapsed = 00:00:05 . Memory (MB): peak = 3177.402 ; gain = 0.000 ; free physical = 2543 ; free virtual = 7613

Phase 2.4.2 Physical Synthesis In Placer
INFO: [Physopt 32-1035] Found 0 LUTNM shape to break, 107 LUT instances to create LUTNM shape
INFO: [Physopt 32-1044] Break lutnm for timing: one critical 0, two critical 0, total 0, new lutff created 0
INFO: [Physopt 32-1138] End 1 Pass. Optimized 48 nets or LUTs. Breaked 0 LUT, combined 48 existing LUTs and moved 0 existing LUT
INFO: [Physopt 32-65] No nets found for high-fanout optimization.
INFO: [Physopt 32-232] Optimized 0 net. Created 0 new instance.
INFO: [Physopt 32-775] End 1 Pass. Optimized 0 net or cell. Created 0 new cell, deleted 0 existing cell and moved 0 existing cell
INFO: [Physopt 32-670] No setup violation found.  DSP Register Optimization was not performed.
INFO: [Physopt 32-670] No setup violation found.  Shift Register to Pipeline Optimization was not performed.
INFO: [Physopt 32-670] No setup violation found.  Shift Register Optimization was not performed.
INFO: [Physopt 32-670] No setup violation found.  BRAM Register Optimization was not performed.
INFO: [Physopt 32-670] No setup violation found.  URAM Register Optimization was not performed.
INFO: [Physopt 32-949] No candidate nets found for dynamic/static region interface net replication
INFO: [Physopt 32-775] End 1 Pass. Optimized 0 net or cell. Created 0 new cell, deleted 0 existing cell and moved 0 existing cell
Netlist sorting complete. Time (s): cpu = 00:00:00 ; elapsed = 00:00:00 . Memory (MB): peak = 3177.402 ; gain = 0.000 ; free physical = 2543 ; free virtual = 7612

Summary of Physical Synthesis Optimizations
============================================


-----------------------------------------------------------------------------------------------------------------------------------------------------------
|  Optimization                                     |  Added Cells  |  Removed Cells  |  Optimized Cells/Nets  |  Dont Touch  |  Iterations  |  Elapsed   |
-----------------------------------------------------------------------------------------------------------------------------------------------------------
|  LUT Combining                                    |            0  |             48  |                    48  |           0  |           1  |  00:00:00  |
|  Retime                                           |            0  |              0  |                     0  |           0  |           1  |  00:00:00  |
|  Very High Fanout                                 |            0  |              0  |                     0  |           0  |           1  |  00:00:00  |
|  DSP Register                                     |            0  |              0  |                     0  |           0  |           0  |  00:00:00  |
|  Shift Register to Pipeline                       |            0  |              0  |                     0  |           0  |           0  |  00:00:00  |
|  Shift Register                                   |            0  |              0  |                     0  |           0  |           0  |  00:00:00  |
|  BRAM Register                                    |            0  |              0  |                     0  |           0  |           0  |  00:00:00  |
|  URAM Register                                    |            0  |              0  |                     0  |           0  |           0  |  00:00:00  |
|  Dynamic/Static Region Interface Net Replication  |            0  |              0  |                     0  |           0  |           1  |  00:00:00  |
|  Total                                            |            0  |             48  |                    48  |           0  |           4  |  00:00:00  |
-----------------------------------------------------------------------------------------------------------------------------------------------------------


Phase 2.4.2 Physical Synthesis In Placer | Checksum: 1ebb23dd9

Time (s): cpu = 00:00:15 ; elapsed = 00:00:05 . Memory (MB): peak = 3177.402 ; gain = 0.000 ; free physical = 2542 ; free virtual = 7611
Phase 2.4 Global Placement Core | Checksum: 18fd2d070

Time (s): cpu = 00:00:16 ; elapsed = 00:00:06 . Memory (MB): peak = 3177.402 ; gain = 0.000 ; free physical = 2541 ; free virtual = 7611
Phase 2 Global Placement | Checksum: 18fd2d070

Time (s): cpu = 00:00:16 ; elapsed = 00:00:06 . Memory (MB): peak = 3177.402 ; gain = 0.000 ; free physical = 2541 ; free virtual = 7611

Phase 3 Detail Placement

Phase 3.1 Commit Multi Column Macros
Phase 3.1 Commit Multi Column Macros | Checksum: 1d603a790

Time (s): cpu = 00:00:16 ; elapsed = 00:00:06 . Memory (MB): peak = 3177.402 ; gain = 0.000 ; free physical = 2539 ; free virtual = 7608

Phase 3.2 Commit Most Macros & LUTRAMs
Phase 3.2 Commit Most Macros & LUTRAMs | Checksum: 1e62d0f80

Time (s): cpu = 00:00:17 ; elapsed = 00:00:06 . Memory (MB): peak = 3177.402 ; gain = 0.000 ; free physical = 2547 ; free virtual = 7617

Phase 3.3 Area Swap Optimization
Phase 3.3 Area Swap Optimization | Checksum: 2a52b76a6

Time (s): cpu = 00:00:18 ; elapsed = 00:00:06 . Memory (MB): peak = 3177.402 ; gain = 0.000 ; free physical = 2547 ; free virtual = 7617

Phase 3.4 Pipeline Register Optimization
Phase 3.4 Pipeline Register Optimization | Checksum: 2b8d73b86

Time (s): cpu = 00:00:18 ; elapsed = 00:00:06 . Memory (MB): peak = 3177.402 ; gain = 0.000 ; free physical = 2547 ; free virtual = 7617

Phase 3.5 Small Shape Detail Placement
Phase 3.5 Small Shape Detail Placement | Checksum: 2f6ae5ae9

Time (s): cpu = 00:00:19 ; elapsed = 00:00:08 . Memory (MB): peak = 3177.402 ; gain = 0.000 ; free physical = 2524 ; free virtual = 7594

Phase 3.6 Re-assign LUT pins
Phase 3.6 Re-assign LUT pins | Checksum: 2744da4de

Time (s): cpu = 00:00:20 ; elapsed = 00:00:08 . Memory (MB): peak = 3177.402 ; gain = 0.000 ; free physical = 2533 ; free virtual = 7603

Phase 3.7 Pipeline Register Optimization
Phase 3.7 Pipeline Register Optimization | Checksum: 2611d5678

Time (s): cpu = 00:00:20 ; elapsed = 00:00:08 . Memory (MB): peak = 3177.402 ; gain = 0.000 ; free physical = 2537 ; free virtual = 7607
Phase 3 Detail Placement | Checksum: 2611d5678

Time (s): cpu = 00:00:20 ; elapsed = 00:00:08 . Memory (MB): peak = 3177.402 ; gain = 0.000 ; free physical = 2537 ; free virtual = 7607

Phase 4 Post Placement Optimization and Clean-Up

Phase 4.1 Post Commit Optimization
INFO: [Timing 38-35] Done setting XDC timing constraints.

Phase 4.1.1 Post Placement Optimization
Post Placement Optimization Initialization | Checksum: 1e3ac853e

Phase 4.1.1.1 BUFG Insertion

Starting Physical Synthesis Task

Phase 1 Physical Synthesis Initialization
INFO: [Physopt 32-721] Multithreading enabled for phys_opt_design using a maximum of 8 CPUs
INFO: [Physopt 32-619] Estimated Timing Summary | WNS=0.222 | TNS=0.000 |
Phase 1 Physical Synthesis Initialization | Checksum: 1cc9f27d3

Time (s): cpu = 00:00:00.55 ; elapsed = 00:00:00.18 . Memory (MB): peak = 3177.402 ; gain = 0.000 ; free physical = 2550 ; free virtual = 7620
INFO: [Place 46-33] Processed net u_reg/RAMIF_program_ram/reset_l, BUFG insertion was skipped due to placement/routing conflicts.
INFO: [Place 46-56] BUFG insertion identified 1 candidate nets. Inserted BUFG: 0, Replicated BUFG Driver: 0, Skipped due to Placement/Routing Conflicts: 1, Skipped due to Timing Degradation: 0, Skipped due to netlist editing failed: 0.
Ending Physical Synthesis Task | Checksum: 243fd197b

Time (s): cpu = 00:00:00.71 ; elapsed = 00:00:00.29 . Memory (MB): peak = 3177.402 ; gain = 0.000 ; free physical = 2550 ; free virtual = 7619
Phase 4.1.1.1 BUFG Insertion | Checksum: 1e3ac853e

Time (s): cpu = 00:00:23 ; elapsed = 00:00:09 . Memory (MB): peak = 3177.402 ; gain = 0.000 ; free physical = 2549 ; free virtual = 7619

Phase 4.1.1.2 Post Placement Timing Optimization
INFO: [Place 30-746] Post Placement Timing Summary WNS=0.293. For the most accurate timing information please run report_timing.
Phase 4.1.1.2 Post Placement Timing Optimization | Checksum: 22c60b81a

Time (s): cpu = 00:00:23 ; elapsed = 00:00:10 . Memory (MB): peak = 3177.402 ; gain = 0.000 ; free physical = 2544 ; free virtual = 7614

Time (s): cpu = 00:00:23 ; elapsed = 00:00:10 . Memory (MB): peak = 3177.402 ; gain = 0.000 ; free physical = 2544 ; free virtual = 7614
Phase 4.1 Post Commit Optimization | Checksum: 22c60b81a

Time (s): cpu = 00:00:23 ; elapsed = 00:00:10 . Memory (MB): peak = 3177.402 ; gain = 0.000 ; free physical = 2544 ; free virtual = 7614

Phase 4.2 Post Placement Cleanup
Phase 4.2 Post Placement Cleanup | Checksum: 22c60b81a

Time (s): cpu = 00:00:23 ; elapsed = 00:00:10 . Memory (MB): peak = 3177.402 ; gain = 0.000 ; free physical = 2543 ; free virtual = 7614

Phase 4.3 Placer Reporting

Phase 4.3.1 Print Estimated Congestion
INFO: [Place 30-612] Post-Placement Estimated Congestion 
 ____________________________________________________
|           | Global Congestion | Short Congestion  |
| Direction | Region Size       | Region Size       |
|___________|___________________|___________________|
|      North|                1x1|                4x4|
|___________|___________________|___________________|
|      South|                1x1|                2x2|
|___________|___________________|___________________|
|       East|                1x1|                2x2|
|___________|___________________|___________________|
|       West|                1x1|                1x1|
|___________|___________________|___________________|

Phase 4.3.1 Print Estimated Congestion | Checksum: 22c60b81a

Time (s): cpu = 00:00:23 ; elapsed = 00:00:10 . Memory (MB): peak = 3177.402 ; gain = 0.000 ; free physical = 2557 ; free virtual = 7627
Phase 4.3 Placer Reporting | Checksum: 22c60b81a

Time (s): cpu = 00:00:23 ; elapsed = 00:00:10 . Memory (MB): peak = 3177.402 ; gain = 0.000 ; free physical = 2557 ; free virtual = 7627

Phase 4.4 Final Placement Cleanup
Netlist sorting complete. Time (s): cpu = 00:00:00 ; elapsed = 00:00:00 . Memory (MB): peak = 3177.402 ; gain = 0.000 ; free physical = 2557 ; free virtual = 7627

Time (s): cpu = 00:00:23 ; elapsed = 00:00:10 . Memory (MB): peak = 3177.402 ; gain = 0.000 ; free physical = 2557 ; free virtual = 7627
Phase 4 Post Placement Optimization and Clean-Up | Checksum: 24babbfa2

Time (s): cpu = 00:00:23 ; elapsed = 00:00:10 . Memory (MB): peak = 3177.402 ; gain = 0.000 ; free physical = 2556 ; free virtual = 7627
Ending Placer Task | Checksum: 17ac79571

Time (s): cpu = 00:00:23 ; elapsed = 00:00:10 . Memory (MB): peak = 3177.402 ; gain = 0.000 ; free physical = 2556 ; free virtual = 7627
70 Infos, 0 Warnings, 2 Critical Warnings and 0 Errors encountered.
place_design completed successfully
place_design: Time (s): cpu = 00:00:26 ; elapsed = 00:00:11 . Memory (MB): peak = 3177.402 ; gain = 0.000 ; free physical = 2556 ; free virtual = 7627
INFO: [Vivado 12-24838] Running report commands "report_control_sets, report_io, report_utilization" in parallel.
Running report generation with 3 threads.
INFO: [Vivado 12-24828] Executing command : report_control_sets -verbose -file webserver_cpu_top_control_sets_placed.rpt
report_control_sets: Time (s): cpu = 00:00:00.15 ; elapsed = 00:00:00.16 . Memory (MB): peak = 3177.402 ; gain = 0.000 ; free physical = 2556 ; free virtual = 7626
INFO: [Vivado 12-24828] Executing command : report_utilization -file webserver_cpu_top_utilization_placed.rpt -pb webserver_cpu_top_utilization_placed.pb
INFO: [Vivado 12-24828] Executing command : report_io -file webserver_cpu_top_io_placed.rpt
report_io: Time (s): cpu = 00:00:00.23 ; elapsed = 00:00:00.29 . Memory (MB): peak = 3177.402 ; gain = 0.000 ; free physical = 2545 ; free virtual = 7616
INFO: [Timing 38-480] Writing timing data to binary archive.
Write ShapeDB Complete: Time (s): cpu = 00:00:00.05 ; elapsed = 00:00:00.01 . Memory (MB): peak = 3177.402 ; gain = 0.000 ; free physical = 2545 ; free virtual = 7615
Wrote PlaceDB: Time (s): cpu = 00:00:00.79 ; elapsed = 00:00:00.31 . Memory (MB): peak = 3177.402 ; gain = 0.000 ; free physical = 2547 ; free virtual = 7628
Wrote PulsedLatchDB: Time (s): cpu = 00:00:00 ; elapsed = 00:00:00 . Memory (MB): peak = 3177.402 ; gain = 0.000 ; free physical = 2547 ; free virtual = 7628
Writing XDEF routing.
Writing XDEF routing logical nets.
Writing XDEF routing special nets.
Wrote RouteStorage: Time (s): cpu = 00:00:00.02 ; elapsed = 00:00:00.02 . Memory (MB): peak = 3177.402 ; gain = 0.000 ; free physical = 2547 ; free virtual = 7628
Wrote Netlist Cache: Time (s): cpu = 00:00:00 ; elapsed = 00:00:00.01 . Memory (MB): peak = 3177.402 ; gain = 0.000 ; free physical = 2547 ; free virtual = 7628
Wrote Device Cache: Time (s): cpu = 00:00:00.01 ; elapsed = 00:00:00 . Memory (MB): peak = 3177.402 ; gain = 0.000 ; free physical = 2547 ; free virtual = 7629
Write Physdb Complete: Time (s): cpu = 00:00:00.82 ; elapsed = 00:00:00.35 . Memory (MB): peak = 3177.402 ; gain = 0.000 ; free physical = 2547 ; free virtual = 7629
INFO: [Common 17-1381] The checkpoint '/home/haitaoz/work/FPGA_Prj/RiscV_WebSoC/build_xilinx/RiscV_WebSoC.runs/impl_1/webserver_cpu_top_placed.dcp' has been generated.
Command: phys_opt_design
Attempting to get a license for feature 'Implementation' and/or device 'xc7a35t'
INFO: [Common 17-349] Got license for feature 'Implementation' and/or device 'xc7a35t'

Starting Initial Update Timing Task

Time (s): cpu = 00:00:02 ; elapsed = 00:00:00.58 . Memory (MB): peak = 3177.402 ; gain = 0.000 ; free physical = 2540 ; free virtual = 7614
INFO: [Vivado_Tcl 4-2279] Estimated Timing Summary | WNS= 0.293 | TNS= 0.000 | 
INFO: [Vivado_Tcl 4-383] Design worst setup slack (WNS) is greater than or equal to 0.000 ns. All physical synthesis setup optimizations will be skipped.
INFO: [Vivado_Tcl 4-232] No setup violation found. The netlist was not modified.
INFO: [Common 17-83] Releasing license: Implementation
81 Infos, 0 Warnings, 2 Critical Warnings and 0 Errors encountered.
phys_opt_design completed successfully
INFO: [Timing 38-480] Writing timing data to binary archive.
Write ShapeDB Complete: Time (s): cpu = 00:00:00.07 ; elapsed = 00:00:00.02 . Memory (MB): peak = 3177.402 ; gain = 0.000 ; free physical = 2535 ; free virtual = 7610
Wrote PlaceDB: Time (s): cpu = 00:00:00.81 ; elapsed = 00:00:00.33 . Memory (MB): peak = 3177.402 ; gain = 0.000 ; free physical = 2510 ; free virtual = 7595
Wrote PulsedLatchDB: Time (s): cpu = 00:00:00 ; elapsed = 00:00:00 . Memory (MB): peak = 3177.402 ; gain = 0.000 ; free physical = 2510 ; free virtual = 7595
Writing XDEF routing.
Writing XDEF routing logical nets.
Writing XDEF routing special nets.
Wrote RouteStorage: Time (s): cpu = 00:00:00.02 ; elapsed = 00:00:00.02 . Memory (MB): peak = 3177.402 ; gain = 0.000 ; free physical = 2510 ; free virtual = 7595
Wrote Netlist Cache: Time (s): cpu = 00:00:00.01 ; elapsed = 00:00:00.01 . Memory (MB): peak = 3177.402 ; gain = 0.000 ; free physical = 2510 ; free virtual = 7595
Wrote Device Cache: Time (s): cpu = 00:00:00.01 ; elapsed = 00:00:00.01 . Memory (MB): peak = 3177.402 ; gain = 0.000 ; free physical = 2510 ; free virtual = 7595
Write Physdb Complete: Time (s): cpu = 00:00:00.85 ; elapsed = 00:00:00.37 . Memory (MB): peak = 3177.402 ; gain = 0.000 ; free physical = 2510 ; free virtual = 7595
INFO: [Common 17-1381] The checkpoint '/home/haitaoz/work/FPGA_Prj/RiscV_WebSoC/build_xilinx/RiscV_WebSoC.runs/impl_1/webserver_cpu_top_physopt.dcp' has been generated.
Command: route_design
Attempting to get a license for feature 'Implementation' and/or device 'xc7a35t'
INFO: [Common 17-349] Got license for feature 'Implementation' and/or device 'xc7a35t'
Running DRC as a precondition to command route_design
INFO: [DRC 23-27] Running DRC with 8 threads
INFO: [Vivado_Tcl 4-198] DRC finished with 0 Errors
INFO: [Vivado_Tcl 4-199] Please refer to the DRC report (report_drc) for more information.


Starting Routing Task
INFO: [Route 35-254] Multithreading enabled for route_design using a maximum of 8 CPUs

Phase 1 Build RT Design
Checksum: PlaceDB: 6d7e642e ConstDB: 0 ShapeSum: 6cc7d4ec RouteDB: a0815c57
Post Restoration Checksum: NetGraph: 6e5747e5 | NumContArr: 323a0c26 | Constraints: c2a8fa9d | Timing: c2a8fa9d
Phase 1 Build RT Design | Checksum: 225e34945

Time (s): cpu = 00:00:12 ; elapsed = 00:00:09 . Memory (MB): peak = 3177.402 ; gain = 0.000 ; free physical = 2548 ; free virtual = 7625

Phase 2 Router Initialization

Phase 2.1 Fix Topology Constraints
Phase 2.1 Fix Topology Constraints | Checksum: 225e34945

Time (s): cpu = 00:00:12 ; elapsed = 00:00:09 . Memory (MB): peak = 3177.402 ; gain = 0.000 ; free physical = 2548 ; free virtual = 7625

Phase 2.2 Pre Route Cleanup
Phase 2.2 Pre Route Cleanup | Checksum: 225e34945

Time (s): cpu = 00:00:12 ; elapsed = 00:00:09 . Memory (MB): peak = 3177.402 ; gain = 0.000 ; free physical = 2556 ; free virtual = 7633
 Number of Nodes with overlaps = 0

Phase 2.3 Update Timing
Phase 2.3 Update Timing | Checksum: 2e4059a4d

Time (s): cpu = 00:00:15 ; elapsed = 00:00:10 . Memory (MB): peak = 3177.402 ; gain = 0.000 ; free physical = 2544 ; free virtual = 7621
INFO: [Route 35-416] Intermediate Timing Summary | WNS=-0.004 | TNS=-0.004 | WHS=-0.391 | THS=-156.067|


Router Utilization Summary
  Global Vertical Routing Utilization    = 0 %
  Global Horizontal Routing Utilization  = 0 %
  Routable Net Status*
  *Does not include unroutable nets such as driverless and loadless.
  Run report_route_status for detailed report.
  Number of Failed Nets               = 8266
    (Failed Nets is the sum of unrouted and partially routed nets)
  Number of Unrouted Nets             = 8266
  Number of Partially Routed Nets     = 0
  Number of Node Overlaps             = 0

Phase 2 Router Initialization | Checksum: 2c60855a2

Time (s): cpu = 00:00:17 ; elapsed = 00:00:10 . Memory (MB): peak = 3177.402 ; gain = 0.000 ; free physical = 2541 ; free virtual = 7618

Phase 3 Global Routing
Phase 3 Global Routing | Checksum: 2c60855a2

Time (s): cpu = 00:00:17 ; elapsed = 00:00:10 . Memory (MB): peak = 3177.402 ; gain = 0.000 ; free physical = 2541 ; free virtual = 7618

Phase 4 Initial Routing

Phase 4.1 Initial Net Routing Pass
Phase 4.1 Initial Net Routing Pass | Checksum: 227831882

Time (s): cpu = 00:00:18 ; elapsed = 00:00:11 . Memory (MB): peak = 3177.402 ; gain = 0.000 ; free physical = 2538 ; free virtual = 7616
Phase 4 Initial Routing | Checksum: 227831882

Time (s): cpu = 00:00:18 ; elapsed = 00:00:11 . Memory (MB): peak = 3177.402 ; gain = 0.000 ; free physical = 2539 ; free virtual = 7616

Phase 5 Rip-up And Reroute

Phase 5.1 Global Iteration 0
 Number of Nodes with overlaps = 743
 Number of Nodes with overlaps = 9
 Number of Nodes with overlaps = 2
 Number of Nodes with overlaps = 0
INFO: [Route 35-416] Intermediate Timing Summary | WNS=-0.003 | TNS=-0.003 | WHS=N/A    | THS=N/A    |

Phase 5.1 Global Iteration 0 | Checksum: 1a60ddf8e

Time (s): cpu = 00:00:23 ; elapsed = 00:00:13 . Memory (MB): peak = 3177.402 ; gain = 0.000 ; free physical = 2542 ; free virtual = 7619
Phase 5 Rip-up And Reroute | Checksum: 1a60ddf8e

Time (s): cpu = 00:00:23 ; elapsed = 00:00:13 . Memory (MB): peak = 3177.402 ; gain = 0.000 ; free physical = 2542 ; free virtual = 7619

Phase 6 Delay and Skew Optimization

Phase 6.1 Delay CleanUp

Phase 6.1.1 Update Timing
Phase 6.1.1 Update Timing | Checksum: 1ad73cb11

Time (s): cpu = 00:00:23 ; elapsed = 00:00:13 . Memory (MB): peak = 3177.402 ; gain = 0.000 ; free physical = 2540 ; free virtual = 7618
INFO: [Route 35-416] Intermediate Timing Summary | WNS=-0.003 | TNS=-0.003 | WHS=N/A    | THS=N/A    |

 Number of Nodes with overlaps = 0
Phase 6.1 Delay CleanUp | Checksum: 1cb19ed21

Time (s): cpu = 00:00:24 ; elapsed = 00:00:13 . Memory (MB): peak = 3177.402 ; gain = 0.000 ; free physical = 2538 ; free virtual = 7615

Phase 6.2 Clock Skew Optimization
Phase 6.2 Clock Skew Optimization | Checksum: 1cb19ed21

Time (s): cpu = 00:00:24 ; elapsed = 00:00:13 . Memory (MB): peak = 3177.402 ; gain = 0.000 ; free physical = 2538 ; free virtual = 7615
Phase 6 Delay and Skew Optimization | Checksum: 1cb19ed21

Time (s): cpu = 00:00:24 ; elapsed = 00:00:13 . Memory (MB): peak = 3177.402 ; gain = 0.000 ; free physical = 2538 ; free virtual = 7615

Phase 7 Post Hold Fix

Phase 7.1 Hold Fix Iter
INFO: [Route 35-416] Intermediate Timing Summary | WNS=-0.003 | TNS=-0.003 | WHS=0.018  | THS=0.000  |

Phase 7.1 Hold Fix Iter | Checksum: 1d9fc5fc2

Time (s): cpu = 00:00:24 ; elapsed = 00:00:13 . Memory (MB): peak = 3177.402 ; gain = 0.000 ; free physical = 2539 ; free virtual = 7616
Phase 7 Post Hold Fix | Checksum: 1d9fc5fc2

Time (s): cpu = 00:00:24 ; elapsed = 00:00:13 . Memory (MB): peak = 3177.402 ; gain = 0.000 ; free physical = 2539 ; free virtual = 7616

Phase 8 Route finalize

Router Utilization Summary
  Global Vertical Routing Utilization    = 2.99354 %
  Global Horizontal Routing Utilization  = 3.60672 %
  Routable Net Status*
  *Does not include unroutable nets such as driverless and loadless.
  Run report_route_status for detailed report.
  Number of Failed Nets               = 0
    (Failed Nets is the sum of unrouted and partially routed nets)
  Number of Unrouted Nets             = 0
  Number of Partially Routed Nets     = 0
  Number of Node Overlaps             = 0


--GLOBAL Congestion:
Utilization threshold used for congestion level computation: 0.85
Congestion Report
North Dir 1x1 Area, Max Cong = 53.1532%, No Congested Regions.
South Dir 1x1 Area, Max Cong = 49.5495%, No Congested Regions.
East Dir 1x1 Area, Max Cong = 61.7647%, No Congested Regions.
West Dir 1x1 Area, Max Cong = 55.8824%, No Congested Regions.

------------------------------
Reporting congestion hotspots
------------------------------
Direction: North
----------------
Congested clusters found at Level 0
Effective congestion level: 0 Aspect Ratio: 1 Sparse Ratio: 0
Direction: South
----------------
Congested clusters found at Level 0
Effective congestion level: 0 Aspect Ratio: 1 Sparse Ratio: 0
Direction: East
----------------
Congested clusters found at Level 0
Effective congestion level: 0 Aspect Ratio: 1 Sparse Ratio: 0
Direction: West
----------------
Congested clusters found at Level 0
Effective congestion level: 0 Aspect Ratio: 1 Sparse Ratio: 0

Phase 8 Route finalize | Checksum: 1d9fc5fc2

Time (s): cpu = 00:00:24 ; elapsed = 00:00:13 . Memory (MB): peak = 3177.402 ; gain = 0.000 ; free physical = 2539 ; free virtual = 7616

Phase 9 Verifying routed nets

 Verification completed successfully
Phase 9 Verifying routed nets | Checksum: 1d9fc5fc2

Time (s): cpu = 00:00:24 ; elapsed = 00:00:13 . Memory (MB): peak = 3177.402 ; gain = 0.000 ; free physical = 2538 ; free virtual = 7615

Phase 10 Depositing Routes
Phase 10 Depositing Routes | Checksum: 26bd17946

Time (s): cpu = 00:00:25 ; elapsed = 00:00:13 . Memory (MB): peak = 3177.402 ; gain = 0.000 ; free physical = 2542 ; free virtual = 7619

Phase 11 Post Process Routing
Phase 11 Post Process Routing | Checksum: 26bd17946

Time (s): cpu = 00:00:25 ; elapsed = 00:00:13 . Memory (MB): peak = 3177.402 ; gain = 0.000 ; free physical = 2542 ; free virtual = 7619

Phase 12 Post Router Timing
INFO: [Route 35-57] Estimated Timing Summary | WNS=-0.003 | TNS=-0.003 | WHS=0.018  | THS=0.000  |

WARNING: [Route 35-328] Router estimated timing not met.
Resolution: For a complete and accurate timing signoff, report_timing_summary must be run after route_design. Alternatively, route_design can be run with the -timing_summary option to enable a complete timing signoff at the end of route_design.
Phase 12 Post Router Timing | Checksum: 26bd17946

Time (s): cpu = 00:00:25 ; elapsed = 00:00:13 . Memory (MB): peak = 3177.402 ; gain = 0.000 ; free physical = 2541 ; free virtual = 7619
Total Elapsed time in route_design: 13.42 secs

Phase 13 Post-Route Event Processing
Phase 13 Post-Route Event Processing | Checksum: 1789fa35f

Time (s): cpu = 00:00:25 ; elapsed = 00:00:13 . Memory (MB): peak = 3177.402 ; gain = 0.000 ; free physical = 2541 ; free virtual = 7619
INFO: [Route 35-16] Router Completed Successfully
Ending Routing Task | Checksum: 1789fa35f

Time (s): cpu = 00:00:25 ; elapsed = 00:00:14 . Memory (MB): peak = 3177.402 ; gain = 0.000 ; free physical = 2541 ; free virtual = 7619

Routing Is Done.
INFO: [Common 17-83] Releasing license: Implementation
95 Infos, 1 Warnings, 2 Critical Warnings and 0 Errors encountered.
route_design completed successfully
route_design: Time (s): cpu = 00:00:27 ; elapsed = 00:00:14 . Memory (MB): peak = 3177.402 ; gain = 0.000 ; free physical = 2541 ; free virtual = 7618
INFO: [Vivado 12-24828] Executing command : report_drc -file webserver_cpu_top_drc_routed.rpt -pb webserver_cpu_top_drc_routed.pb -rpx webserver_cpu_top_drc_routed.rpx
Command: report_drc -file webserver_cpu_top_drc_routed.rpt -pb webserver_cpu_top_drc_routed.pb -rpx webserver_cpu_top_drc_routed.rpx
INFO: [IP_Flow 19-1839] IP Catalog is up to date.
INFO: [DRC 23-27] Running DRC with 8 threads
INFO: [Vivado_Tcl 2-168] The results of DRC are in file /home/haitaoz/work/FPGA_Prj/RiscV_WebSoC/build_xilinx/RiscV_WebSoC.runs/impl_1/webserver_cpu_top_drc_routed.rpt.
report_drc completed successfully
INFO: [Vivado 12-24828] Executing command : report_methodology -file webserver_cpu_top_methodology_drc_routed.rpt -pb webserver_cpu_top_methodology_drc_routed.pb -rpx webserver_cpu_top_methodology_drc_routed.rpx
Command: report_methodology -file webserver_cpu_top_methodology_drc_routed.rpt -pb webserver_cpu_top_methodology_drc_routed.pb -rpx webserver_cpu_top_methodology_drc_routed.rpx
INFO: [Timing 38-35] Done setting XDC timing constraints.
INFO: [DRC 23-133] Running Methodology with 8 threads
INFO: [Vivado_Tcl 2-1520] The results of Report Methodology are in file /home/haitaoz/work/FPGA_Prj/RiscV_WebSoC/build_xilinx/RiscV_WebSoC.runs/impl_1/webserver_cpu_top_methodology_drc_routed.rpt.
report_methodology completed successfully
INFO: [Vivado 12-24828] Executing command : report_timing_summary -max_paths 10 -report_unconstrained -file webserver_cpu_top_timing_summary_routed.rpt -pb webserver_cpu_top_timing_summary_routed.pb -rpx webserver_cpu_top_timing_summary_routed.rpx -warn_on_violation 
INFO: [Timing 38-35] Done setting XDC timing constraints.
INFO: [Timing 38-91] UpdateTimingParams: Speed grade: -2, Delay Type: min_max.
INFO: [Timing 38-191] Multithreading enabled for timing update using a maximum of 8 CPUs
CRITICAL WARNING: [Timing 38-282] The design failed to meet the timing requirements. Please see the timing summary report for details on the timing violations.
INFO: [Vivado 12-24838] Running report commands "report_bus_skew, report_incremental_reuse, report_route_status" in parallel.
Running report generation with 3 threads.
INFO: [Vivado 12-24828] Executing command : report_incremental_reuse -file webserver_cpu_top_incremental_reuse_routed.rpt
INFO: [Vivado_Tcl 4-1062] Incremental flow is disabled. No incremental reuse Info to report.
INFO: [Vivado 12-24828] Executing command : report_route_status -file webserver_cpu_top_route_status.rpt -pb webserver_cpu_top_route_status.pb
INFO: [Vivado 12-24828] Executing command : report_bus_skew -warn_on_violation -file webserver_cpu_top_bus_skew_routed.rpt -pb webserver_cpu_top_bus_skew_routed.pb -rpx webserver_cpu_top_bus_skew_routed.rpx
INFO: [Timing 38-91] UpdateTimingParams: Speed grade: -2, Delay Type: min_max.
INFO: [Timing 38-191] Multithreading enabled for timing update using a maximum of 8 CPUs
INFO: [Vivado 12-24828] Executing command : report_power -file webserver_cpu_top_power_routed.rpt -pb webserver_cpu_top_power_summary_routed.pb -rpx webserver_cpu_top_power_routed.rpx
Command: report_power -file webserver_cpu_top_power_routed.rpt -pb webserver_cpu_top_power_summary_routed.pb -rpx webserver_cpu_top_power_routed.rpx
Running Vector-less Activity Propagation...

Finished Running Vector-less Activity Propagation
115 Infos, 1 Warnings, 3 Critical Warnings and 0 Errors encountered.
report_power completed successfully
INFO: [Vivado 12-24828] Executing command : report_clock_utilization -file webserver_cpu_top_clock_utilization_routed.rpt
WARNING: [Device 21-9320] Failed to find the Oracle tile group with name 'HSR_BOUNDARY_TOP'. This is required for Clock regions and Virtual grid.
WARNING: [Device 21-2174] Failed to initialize Virtual grid.
INFO: [Timing 38-480] Writing timing data to binary archive.
Write ShapeDB Complete: Time (s): cpu = 00:00:00.04 ; elapsed = 00:00:00.01 . Memory (MB): peak = 3230.570 ; gain = 0.000 ; free physical = 2482 ; free virtual = 7566
Wrote PlaceDB: Time (s): cpu = 00:00:00.7 ; elapsed = 00:00:00.32 . Memory (MB): peak = 3230.570 ; gain = 0.000 ; free physical = 2472 ; free virtual = 7565
Wrote PulsedLatchDB: Time (s): cpu = 00:00:00 ; elapsed = 00:00:00 . Memory (MB): peak = 3230.570 ; gain = 0.000 ; free physical = 2472 ; free virtual = 7565
Writing XDEF routing.
Writing XDEF routing logical nets.
Writing XDEF routing special nets.
Wrote RouteStorage: Time (s): cpu = 00:00:00.1 ; elapsed = 00:00:00.07 . Memory (MB): peak = 3230.570 ; gain = 0.000 ; free physical = 2472 ; free virtual = 7566
Wrote Netlist Cache: Time (s): cpu = 00:00:00 ; elapsed = 00:00:00.01 . Memory (MB): peak = 3230.570 ; gain = 0.000 ; free physical = 2471 ; free virtual = 7567
Wrote Device Cache: Time (s): cpu = 00:00:00.01 ; elapsed = 00:00:00 . Memory (MB): peak = 3230.570 ; gain = 0.000 ; free physical = 2471 ; free virtual = 7567
Write Physdb Complete: Time (s): cpu = 00:00:00.81 ; elapsed = 00:00:00.41 . Memory (MB): peak = 3230.570 ; gain = 0.000 ; free physical = 2471 ; free virtual = 7567
INFO: [Common 17-1381] The checkpoint '/home/haitaoz/work/FPGA_Prj/RiscV_WebSoC/build_xilinx/RiscV_WebSoC.runs/impl_1/webserver_cpu_top_routed.dcp' has been generated.
Command: write_bitstream -force webserver_cpu_top.bit
Attempting to get a license for feature 'Implementation' and/or device 'xc7a35t'
INFO: [Common 17-349] Got license for feature 'Implementation' and/or device 'xc7a35t'
Running DRC as a precondition to command write_bitstream
INFO: [IP_Flow 19-1839] IP Catalog is up to date.
INFO: [DRC 23-27] Running DRC with 8 threads
WARNING: [DRC CHECK-3] Report rule limit reached: REQP-1839 rule limit reached: 20 violations have been found.
WARNING: [DRC RBOR-1] RAMB output registers: RAMB u_cpu_channel/u_package_fifo_cpu_wr/none_blk_mode.data_ram_dual.u_data_ram/gen_inferred_ram.gen_port_a_aligned.ram_reg output DOB (8) is connected to asynchronous registers, if you use synchronous controls you will get better results both in area and delay (RAMB has synchronous registers built in).
WARNING: [DRC REQP-1839] RAMB36 async control check: The RAMB36E1 u_cpu_channel/u_package_fifo_cpu_rd/none_blk_mode.data_ram_dual.u_data_ram/gen_inferred_ram.gen_port_a_aligned.ram_reg has an input control pin u_cpu_channel/u_package_fifo_cpu_rd/none_blk_mode.data_ram_dual.u_data_ram/gen_inferred_ram.gen_port_a_aligned.ram_reg/ADDRARDADDR[10] (net: u_cpu_channel/u_package_fifo_cpu_rd/none_blk_mode.data_ram_dual.u_data_ram/D[7]) which is driven by a register (u_cpu_channel/u_package_fifo_cpu_rd/none_blk_mode.ram_addr_a_r_reg[7]) that has an active asychronous set or reset. This may cause corruption of the memory contents and/or read values when the set/reset is asserted and is not analyzed by the default static timing analysis. It is suggested to eliminate the use of a set/reset to registers driving this RAMB pin or else use a synchronous reset in which the assertion of the reset is timed by default.
WARNING: [DRC REQP-1839] RAMB36 async control check: The RAMB36E1 u_cpu_channel/u_package_fifo_cpu_rd/none_blk_mode.data_ram_dual.u_data_ram/gen_inferred_ram.gen_port_a_aligned.ram_reg has an input control pin u_cpu_channel/u_package_fifo_cpu_rd/none_blk_mode.data_ram_dual.u_data_ram/gen_inferred_ram.gen_port_a_aligned.ram_reg/ADDRARDADDR[11] (net: u_cpu_channel/u_package_fifo_cpu_rd/none_blk_mode.data_ram_dual.u_data_ram/D[8]) which is driven by a register (u_cpu_channel/u_package_fifo_cpu_rd/none_blk_mode.ram_addr_a_r_reg[8]) that has an active asychronous set or reset. This may cause corruption of the memory contents and/or read values when the set/reset is asserted and is not analyzed by the default static timing analysis. It is suggested to eliminate the use of a set/reset to registers driving this RAMB pin or else use a synchronous reset in which the assertion of the reset is timed by default.
WARNING: [DRC REQP-1839] RAMB36 async control check: The RAMB36E1 u_cpu_channel/u_package_fifo_cpu_rd/none_blk_mode.data_ram_dual.u_data_ram/gen_inferred_ram.gen_port_a_aligned.ram_reg has an input control pin u_cpu_channel/u_package_fifo_cpu_rd/none_blk_mode.data_ram_dual.u_data_ram/gen_inferred_ram.gen_port_a_aligned.ram_reg/ADDRARDADDR[12] (net: u_cpu_channel/u_package_fifo_cpu_rd/none_blk_mode.data_ram_dual.u_data_ram/D[9]) which is driven by a register (u_cpu_channel/u_package_fifo_cpu_rd/none_blk_mode.ram_addr_a_r_reg[9]) that has an active asychronous set or reset. This may cause corruption of the memory contents and/or read values when the set/reset is asserted and is not analyzed by the default static timing analysis. It is suggested to eliminate the use of a set/reset to registers driving this RAMB pin or else use a synchronous reset in which the assertion of the reset is timed by default.
WARNING: [DRC REQP-1839] RAMB36 async control check: The RAMB36E1 u_cpu_channel/u_package_fifo_cpu_rd/none_blk_mode.data_ram_dual.u_data_ram/gen_inferred_ram.gen_port_a_aligned.ram_reg has an input control pin u_cpu_channel/u_package_fifo_cpu_rd/none_blk_mode.data_ram_dual.u_data_ram/gen_inferred_ram.gen_port_a_aligned.ram_reg/ADDRARDADDR[13] (net: u_cpu_channel/u_package_fifo_cpu_rd/none_blk_mode.data_ram_dual.u_data_ram/D[10]) which is driven by a register (u_cpu_channel/u_package_fifo_cpu_rd/none_blk_mode.ram_addr_a_r_reg[10]) that has an active asychronous set or reset. This may cause corruption of the memory contents and/or read values when the set/reset is asserted and is not analyzed by the default static timing analysis. It is suggested to eliminate the use of a set/reset to registers driving this RAMB pin or else use a synchronous reset in which the assertion of the reset is timed by default.
WARNING: [DRC REQP-1839] RAMB36 async control check: The RAMB36E1 u_cpu_channel/u_package_fifo_cpu_rd/none_blk_mode.data_ram_dual.u_data_ram/gen_inferred_ram.gen_port_a_aligned.ram_reg has an input control pin u_cpu_channel/u_package_fifo_cpu_rd/none_blk_mode.data_ram_dual.u_data_ram/gen_inferred_ram.gen_port_a_aligned.ram_reg/ADDRARDADDR[14] (net: u_cpu_channel/u_package_fifo_cpu_rd/none_blk_mode.data_ram_dual.u_data_ram/D[11]) which is driven by a register (u_cpu_channel/u_package_fifo_cpu_rd/none_blk_mode.ram_addr_a_r_reg[11]) that has an active asychronous set or reset. This may cause corruption of the memory contents and/or read values when the set/reset is asserted and is not analyzed by the default static timing analysis. It is suggested to eliminate the use of a set/reset to registers driving this RAMB pin or else use a synchronous reset in which the assertion of the reset is timed by default.
WARNING: [DRC REQP-1839] RAMB36 async control check: The RAMB36E1 u_cpu_channel/u_package_fifo_cpu_rd/none_blk_mode.data_ram_dual.u_data_ram/gen_inferred_ram.gen_port_a_aligned.ram_reg has an input control pin u_cpu_channel/u_package_fifo_cpu_rd/none_blk_mode.data_ram_dual.u_data_ram/gen_inferred_ram.gen_port_a_aligned.ram_reg/ADDRARDADDR[3] (net: u_cpu_channel/u_package_fifo_cpu_rd/none_blk_mode.data_ram_dual.u_data_ram/D[0]) which is driven by a register (u_cpu_channel/u_package_fifo_cpu_rd/none_blk_mode.ram_addr_a_r_reg[0]) that has an active asychronous set or reset. This may cause corruption of the memory contents and/or read values when the set/reset is asserted and is not analyzed by the default static timing analysis. It is suggested to eliminate the use of a set/reset to registers driving this RAMB pin or else use a synchronous reset in which the assertion of the reset is timed by default.
WARNING: [DRC REQP-1839] RAMB36 async control check: The RAMB36E1 u_cpu_channel/u_package_fifo_cpu_rd/none_blk_mode.data_ram_dual.u_data_ram/gen_inferred_ram.gen_port_a_aligned.ram_reg has an input control pin u_cpu_channel/u_package_fifo_cpu_rd/none_blk_mode.data_ram_dual.u_data_ram/gen_inferred_ram.gen_port_a_aligned.ram_reg/ADDRARDADDR[4] (net: u_cpu_channel/u_package_fifo_cpu_rd/none_blk_mode.data_ram_dual.u_data_ram/D[1]) which is driven by a register (u_cpu_channel/u_package_fifo_cpu_rd/none_blk_mode.ram_addr_a_r_reg[1]) that has an active asychronous set or reset. This may cause corruption of the memory contents and/or read values when the set/reset is asserted and is not analyzed by the default static timing analysis. It is suggested to eliminate the use of a set/reset to registers driving this RAMB pin or else use a synchronous reset in which the assertion of the reset is timed by default.
WARNING: [DRC REQP-1839] RAMB36 async control check: The RAMB36E1 u_cpu_channel/u_package_fifo_cpu_rd/none_blk_mode.data_ram_dual.u_data_ram/gen_inferred_ram.gen_port_a_aligned.ram_reg has an input control pin u_cpu_channel/u_package_fifo_cpu_rd/none_blk_mode.data_ram_dual.u_data_ram/gen_inferred_ram.gen_port_a_aligned.ram_reg/ADDRARDADDR[5] (net: u_cpu_channel/u_package_fifo_cpu_rd/none_blk_mode.data_ram_dual.u_data_ram/D[2]) which is driven by a register (u_cpu_channel/u_package_fifo_cpu_rd/none_blk_mode.ram_addr_a_r_reg[2]) that has an active asychronous set or reset. This may cause corruption of the memory contents and/or read values when the set/reset is asserted and is not analyzed by the default static timing analysis. It is suggested to eliminate the use of a set/reset to registers driving this RAMB pin or else use a synchronous reset in which the assertion of the reset is timed by default.
WARNING: [DRC REQP-1839] RAMB36 async control check: The RAMB36E1 u_cpu_channel/u_package_fifo_cpu_rd/none_blk_mode.data_ram_dual.u_data_ram/gen_inferred_ram.gen_port_a_aligned.ram_reg has an input control pin u_cpu_channel/u_package_fifo_cpu_rd/none_blk_mode.data_ram_dual.u_data_ram/gen_inferred_ram.gen_port_a_aligned.ram_reg/ADDRARDADDR[6] (net: u_cpu_channel/u_package_fifo_cpu_rd/none_blk_mode.data_ram_dual.u_data_ram/D[3]) which is driven by a register (u_cpu_channel/u_package_fifo_cpu_rd/none_blk_mode.ram_addr_a_r_reg[3]) that has an active asychronous set or reset. This may cause corruption of the memory contents and/or read values when the set/reset is asserted and is not analyzed by the default static timing analysis. It is suggested to eliminate the use of a set/reset to registers driving this RAMB pin or else use a synchronous reset in which the assertion of the reset is timed by default.
WARNING: [DRC REQP-1839] RAMB36 async control check: The RAMB36E1 u_cpu_channel/u_package_fifo_cpu_rd/none_blk_mode.data_ram_dual.u_data_ram/gen_inferred_ram.gen_port_a_aligned.ram_reg has an input control pin u_cpu_channel/u_package_fifo_cpu_rd/none_blk_mode.data_ram_dual.u_data_ram/gen_inferred_ram.gen_port_a_aligned.ram_reg/ADDRARDADDR[7] (net: u_cpu_channel/u_package_fifo_cpu_rd/none_blk_mode.data_ram_dual.u_data_ram/D[4]) which is driven by a register (u_cpu_channel/u_package_fifo_cpu_rd/none_blk_mode.ram_addr_a_r_reg[4]) that has an active asychronous set or reset. This may cause corruption of the memory contents and/or read values when the set/reset is asserted and is not analyzed by the default static timing analysis. It is suggested to eliminate the use of a set/reset to registers driving this RAMB pin or else use a synchronous reset in which the assertion of the reset is timed by default.
WARNING: [DRC REQP-1839] RAMB36 async control check: The RAMB36E1 u_cpu_channel/u_package_fifo_cpu_rd/none_blk_mode.data_ram_dual.u_data_ram/gen_inferred_ram.gen_port_a_aligned.ram_reg has an input control pin u_cpu_channel/u_package_fifo_cpu_rd/none_blk_mode.data_ram_dual.u_data_ram/gen_inferred_ram.gen_port_a_aligned.ram_reg/ADDRARDADDR[8] (net: u_cpu_channel/u_package_fifo_cpu_rd/none_blk_mode.data_ram_dual.u_data_ram/D[5]) which is driven by a register (u_cpu_channel/u_package_fifo_cpu_rd/none_blk_mode.ram_addr_a_r_reg[5]) that has an active asychronous set or reset. This may cause corruption of the memory contents and/or read values when the set/reset is asserted and is not analyzed by the default static timing analysis. It is suggested to eliminate the use of a set/reset to registers driving this RAMB pin or else use a synchronous reset in which the assertion of the reset is timed by default.
WARNING: [DRC REQP-1839] RAMB36 async control check: The RAMB36E1 u_cpu_channel/u_package_fifo_cpu_rd/none_blk_mode.data_ram_dual.u_data_ram/gen_inferred_ram.gen_port_a_aligned.ram_reg has an input control pin u_cpu_channel/u_package_fifo_cpu_rd/none_blk_mode.data_ram_dual.u_data_ram/gen_inferred_ram.gen_port_a_aligned.ram_reg/ADDRARDADDR[9] (net: u_cpu_channel/u_package_fifo_cpu_rd/none_blk_mode.data_ram_dual.u_data_ram/D[6]) which is driven by a register (u_cpu_channel/u_package_fifo_cpu_rd/none_blk_mode.ram_addr_a_r_reg[6]) that has an active asychronous set or reset. This may cause corruption of the memory contents and/or read values when the set/reset is asserted and is not analyzed by the default static timing analysis. It is suggested to eliminate the use of a set/reset to registers driving this RAMB pin or else use a synchronous reset in which the assertion of the reset is timed by default.
WARNING: [DRC REQP-1839] RAMB36 async control check: The RAMB36E1 u_cpu_channel/u_package_fifo_cpu_rd/none_blk_mode.data_ram_dual.u_data_ram/gen_inferred_ram.gen_port_a_aligned.ram_reg has an input control pin u_cpu_channel/u_package_fifo_cpu_rd/none_blk_mode.data_ram_dual.u_data_ram/gen_inferred_ram.gen_port_a_aligned.ram_reg/ADDRBWRADDR[14] (net: u_cpu_channel/u_package_fifo_cpu_rd/none_blk_mode.data_ram_dual.u_data_ram/none_blk_mode.rpkt_data_addr[11]) which is driven by a register (u_cpu_channel/u_package_fifo_cpu_rd/none_blk_mode.nb_rptr_for_data_reg[0]) that has an active asychronous set or reset. This may cause corruption of the memory contents and/or read values when the set/reset is asserted and is not analyzed by the default static timing analysis. It is suggested to eliminate the use of a set/reset to registers driving this RAMB pin or else use a synchronous reset in which the assertion of the reset is timed by default.
WARNING: [DRC REQP-1839] RAMB36 async control check: The RAMB36E1 u_cpu_channel/u_package_fifo_cpu_rd/none_blk_mode.data_ram_dual.u_data_ram/gen_inferred_ram.gen_port_a_aligned.ram_reg has an input control pin u_cpu_channel/u_package_fifo_cpu_rd/none_blk_mode.data_ram_dual.u_data_ram/gen_inferred_ram.gen_port_a_aligned.ram_reg/ADDRBWRADDR[14] (net: u_cpu_channel/u_package_fifo_cpu_rd/none_blk_mode.data_ram_dual.u_data_ram/none_blk_mode.rpkt_data_addr[11]) which is driven by a register (u_cpu_channel/u_package_fifo_cpu_rd/none_blk_mode.nb_rptr_for_data_reg[10]) that has an active asychronous set or reset. This may cause corruption of the memory contents and/or read values when the set/reset is asserted and is not analyzed by the default static timing analysis. It is suggested to eliminate the use of a set/reset to registers driving this RAMB pin or else use a synchronous reset in which the assertion of the reset is timed by default.
WARNING: [DRC REQP-1839] RAMB36 async control check: The RAMB36E1 u_cpu_channel/u_package_fifo_cpu_rd/none_blk_mode.data_ram_dual.u_data_ram/gen_inferred_ram.gen_port_a_aligned.ram_reg has an input control pin u_cpu_channel/u_package_fifo_cpu_rd/none_blk_mode.data_ram_dual.u_data_ram/gen_inferred_ram.gen_port_a_aligned.ram_reg/ADDRBWRADDR[14] (net: u_cpu_channel/u_package_fifo_cpu_rd/none_blk_mode.data_ram_dual.u_data_ram/none_blk_mode.rpkt_data_addr[11]) which is driven by a register (u_cpu_channel/u_package_fifo_cpu_rd/none_blk_mode.nb_rptr_for_data_reg[11]) that has an active asychronous set or reset. This may cause corruption of the memory contents and/or read values when the set/reset is asserted and is not analyzed by the default static timing analysis. It is suggested to eliminate the use of a set/reset to registers driving this RAMB pin or else use a synchronous reset in which the assertion of the reset is timed by default.
WARNING: [DRC REQP-1839] RAMB36 async control check: The RAMB36E1 u_cpu_channel/u_package_fifo_cpu_rd/none_blk_mode.data_ram_dual.u_data_ram/gen_inferred_ram.gen_port_a_aligned.ram_reg has an input control pin u_cpu_channel/u_package_fifo_cpu_rd/none_blk_mode.data_ram_dual.u_data_ram/gen_inferred_ram.gen_port_a_aligned.ram_reg/ADDRBWRADDR[14] (net: u_cpu_channel/u_package_fifo_cpu_rd/none_blk_mode.data_ram_dual.u_data_ram/none_blk_mode.rpkt_data_addr[11]) which is driven by a register (u_cpu_channel/u_package_fifo_cpu_rd/none_blk_mode.nb_rptr_for_data_reg[1]) that has an active asychronous set or reset. This may cause corruption of the memory contents and/or read values when the set/reset is asserted and is not analyzed by the default static timing analysis. It is suggested to eliminate the use of a set/reset to registers driving this RAMB pin or else use a synchronous reset in which the assertion of the reset is timed by default.
WARNING: [DRC REQP-1839] RAMB36 async control check: The RAMB36E1 u_cpu_channel/u_package_fifo_cpu_rd/none_blk_mode.data_ram_dual.u_data_ram/gen_inferred_ram.gen_port_a_aligned.ram_reg has an input control pin u_cpu_channel/u_package_fifo_cpu_rd/none_blk_mode.data_ram_dual.u_data_ram/gen_inferred_ram.gen_port_a_aligned.ram_reg/ADDRBWRADDR[14] (net: u_cpu_channel/u_package_fifo_cpu_rd/none_blk_mode.data_ram_dual.u_data_ram/none_blk_mode.rpkt_data_addr[11]) which is driven by a register (u_cpu_channel/u_package_fifo_cpu_rd/none_blk_mode.nb_rptr_for_data_reg[2]) that has an active asychronous set or reset. This may cause corruption of the memory contents and/or read values when the set/reset is asserted and is not analyzed by the default static timing analysis. It is suggested to eliminate the use of a set/reset to registers driving this RAMB pin or else use a synchronous reset in which the assertion of the reset is timed by default.
WARNING: [DRC REQP-1839] RAMB36 async control check: The RAMB36E1 u_cpu_channel/u_package_fifo_cpu_rd/none_blk_mode.data_ram_dual.u_data_ram/gen_inferred_ram.gen_port_a_aligned.ram_reg has an input control pin u_cpu_channel/u_package_fifo_cpu_rd/none_blk_mode.data_ram_dual.u_data_ram/gen_inferred_ram.gen_port_a_aligned.ram_reg/ADDRBWRADDR[14] (net: u_cpu_channel/u_package_fifo_cpu_rd/none_blk_mode.data_ram_dual.u_data_ram/none_blk_mode.rpkt_data_addr[11]) which is driven by a register (u_cpu_channel/u_package_fifo_cpu_rd/none_blk_mode.nb_rptr_for_data_reg[3]) that has an active asychronous set or reset. This may cause corruption of the memory contents and/or read values when the set/reset is asserted and is not analyzed by the default static timing analysis. It is suggested to eliminate the use of a set/reset to registers driving this RAMB pin or else use a synchronous reset in which the assertion of the reset is timed by default.
WARNING: [DRC REQP-1839] RAMB36 async control check: The RAMB36E1 u_cpu_channel/u_package_fifo_cpu_rd/none_blk_mode.data_ram_dual.u_data_ram/gen_inferred_ram.gen_port_a_aligned.ram_reg has an input control pin u_cpu_channel/u_package_fifo_cpu_rd/none_blk_mode.data_ram_dual.u_data_ram/gen_inferred_ram.gen_port_a_aligned.ram_reg/ADDRBWRADDR[14] (net: u_cpu_channel/u_package_fifo_cpu_rd/none_blk_mode.data_ram_dual.u_data_ram/none_blk_mode.rpkt_data_addr[11]) which is driven by a register (u_cpu_channel/u_package_fifo_cpu_rd/none_blk_mode.nb_rptr_for_data_reg[4]) that has an active asychronous set or reset. This may cause corruption of the memory contents and/or read values when the set/reset is asserted and is not analyzed by the default static timing analysis. It is suggested to eliminate the use of a set/reset to registers driving this RAMB pin or else use a synchronous reset in which the assertion of the reset is timed by default.
WARNING: [DRC REQP-1839] RAMB36 async control check: The RAMB36E1 u_cpu_channel/u_package_fifo_cpu_rd/none_blk_mode.data_ram_dual.u_data_ram/gen_inferred_ram.gen_port_a_aligned.ram_reg has an input control pin u_cpu_channel/u_package_fifo_cpu_rd/none_blk_mode.data_ram_dual.u_data_ram/gen_inferred_ram.gen_port_a_aligned.ram_reg/ADDRBWRADDR[14] (net: u_cpu_channel/u_package_fifo_cpu_rd/none_blk_mode.data_ram_dual.u_data_ram/none_blk_mode.rpkt_data_addr[11]) which is driven by a register (u_cpu_channel/u_package_fifo_cpu_rd/none_blk_mode.nb_rptr_for_data_reg[5]) that has an active asychronous set or reset. This may cause corruption of the memory contents and/or read values when the set/reset is asserted and is not analyzed by the default static timing analysis. It is suggested to eliminate the use of a set/reset to registers driving this RAMB pin or else use a synchronous reset in which the assertion of the reset is timed by default.
WARNING: [DRC REQP-1840] RAMB18 async control check: The RAMB18E1 u_riscv/lcpu_real.u_cpu/gen_uart.u_uart_lcpu_top/u_uart_lcpu/u_pkt_fifo/blk_mode.data_ram_single.u_data_ram/gen_inferred_ram.gen_port_a_aligned.ram_reg has an input control pin u_riscv/lcpu_real.u_cpu/gen_uart.u_uart_lcpu_top/u_uart_lcpu/u_pkt_fifo/blk_mode.data_ram_single.u_data_ram/gen_inferred_ram.gen_port_a_aligned.ram_reg/ADDRARDADDR[10] (net: u_riscv/lcpu_real.u_cpu/gen_uart.u_uart_lcpu_top/u_uart_lcpu/u_pkt_fifo/blk_mode.data_ram_single.u_data_ram/Q[6]) which is driven by a register (u_riscv/lcpu_real.u_cpu/gen_uart.u_uart_lcpu_top/u_uart_lcpu/u_pkt_fifo/blk_mode.ram_addr_a_r_reg[6]) that has an active asychronous set or reset. This may cause corruption of the memory contents and/or read values when the set/reset is asserted and is not analyzed by the default static timing analysis. It is suggested to eliminate the use of a set/reset to registers driving this RAMB pin or else use a synchronous reset in which the assertion of the reset is timed by default.
WARNING: [DRC REQP-1840] RAMB18 async control check: The RAMB18E1 u_riscv/lcpu_real.u_cpu/gen_uart.u_uart_lcpu_top/u_uart_lcpu/u_pkt_fifo/blk_mode.data_ram_single.u_data_ram/gen_inferred_ram.gen_port_a_aligned.ram_reg has an input control pin u_riscv/lcpu_real.u_cpu/gen_uart.u_uart_lcpu_top/u_uart_lcpu/u_pkt_fifo/blk_mode.data_ram_single.u_data_ram/gen_inferred_ram.gen_port_a_aligned.ram_reg/ADDRARDADDR[4] (net: u_riscv/lcpu_real.u_cpu/gen_uart.u_uart_lcpu_top/u_uart_lcpu/u_pkt_fifo/blk_mode.data_ram_single.u_data_ram/Q[0]) which is driven by a register (u_riscv/lcpu_real.u_cpu/gen_uart.u_uart_lcpu_top/u_uart_lcpu/u_pkt_fifo/blk_mode.ram_addr_a_r_reg[0]) that has an active asychronous set or reset. This may cause corruption of the memory contents and/or read values when the set/reset is asserted and is not analyzed by the default static timing analysis. It is suggested to eliminate the use of a set/reset to registers driving this RAMB pin or else use a synchronous reset in which the assertion of the reset is timed by default.
WARNING: [DRC REQP-1840] RAMB18 async control check: The RAMB18E1 u_riscv/lcpu_real.u_cpu/gen_uart.u_uart_lcpu_top/u_uart_lcpu/u_pkt_fifo/blk_mode.data_ram_single.u_data_ram/gen_inferred_ram.gen_port_a_aligned.ram_reg has an input control pin u_riscv/lcpu_real.u_cpu/gen_uart.u_uart_lcpu_top/u_uart_lcpu/u_pkt_fifo/blk_mode.data_ram_single.u_data_ram/gen_inferred_ram.gen_port_a_aligned.ram_reg/ADDRARDADDR[5] (net: u_riscv/lcpu_real.u_cpu/gen_uart.u_uart_lcpu_top/u_uart_lcpu/u_pkt_fifo/blk_mode.data_ram_single.u_data_ram/Q[1]) which is driven by a register (u_riscv/lcpu_real.u_cpu/gen_uart.u_uart_lcpu_top/u_uart_lcpu/u_pkt_fifo/blk_mode.ram_addr_a_r_reg[1]) that has an active asychronous set or reset. This may cause corruption of the memory contents and/or read values when the set/reset is asserted and is not analyzed by the default static timing analysis. It is suggested to eliminate the use of a set/reset to registers driving this RAMB pin or else use a synchronous reset in which the assertion of the reset is timed by default.
WARNING: [DRC REQP-1840] RAMB18 async control check: The RAMB18E1 u_riscv/lcpu_real.u_cpu/gen_uart.u_uart_lcpu_top/u_uart_lcpu/u_pkt_fifo/blk_mode.data_ram_single.u_data_ram/gen_inferred_ram.gen_port_a_aligned.ram_reg has an input control pin u_riscv/lcpu_real.u_cpu/gen_uart.u_uart_lcpu_top/u_uart_lcpu/u_pkt_fifo/blk_mode.data_ram_single.u_data_ram/gen_inferred_ram.gen_port_a_aligned.ram_reg/ADDRARDADDR[6] (net: u_riscv/lcpu_real.u_cpu/gen_uart.u_uart_lcpu_top/u_uart_lcpu/u_pkt_fifo/blk_mode.data_ram_single.u_data_ram/Q[2]) which is driven by a register (u_riscv/lcpu_real.u_cpu/gen_uart.u_uart_lcpu_top/u_uart_lcpu/u_pkt_fifo/blk_mode.ram_addr_a_r_reg[2]) that has an active asychronous set or reset. This may cause corruption of the memory contents and/or read values when the set/reset is asserted and is not analyzed by the default static timing analysis. It is suggested to eliminate the use of a set/reset to registers driving this RAMB pin or else use a synchronous reset in which the assertion of the reset is timed by default.
WARNING: [DRC REQP-1840] RAMB18 async control check: The RAMB18E1 u_riscv/lcpu_real.u_cpu/gen_uart.u_uart_lcpu_top/u_uart_lcpu/u_pkt_fifo/blk_mode.data_ram_single.u_data_ram/gen_inferred_ram.gen_port_a_aligned.ram_reg has an input control pin u_riscv/lcpu_real.u_cpu/gen_uart.u_uart_lcpu_top/u_uart_lcpu/u_pkt_fifo/blk_mode.data_ram_single.u_data_ram/gen_inferred_ram.gen_port_a_aligned.ram_reg/ADDRARDADDR[7] (net: u_riscv/lcpu_real.u_cpu/gen_uart.u_uart_lcpu_top/u_uart_lcpu/u_pkt_fifo/blk_mode.data_ram_single.u_data_ram/Q[3]) which is driven by a register (u_riscv/lcpu_real.u_cpu/gen_uart.u_uart_lcpu_top/u_uart_lcpu/u_pkt_fifo/blk_mode.ram_addr_a_r_reg[3]) that has an active asychronous set or reset. This may cause corruption of the memory contents and/or read values when the set/reset is asserted and is not analyzed by the default static timing analysis. It is suggested to eliminate the use of a set/reset to registers driving this RAMB pin or else use a synchronous reset in which the assertion of the reset is timed by default.
WARNING: [DRC REQP-1840] RAMB18 async control check: The RAMB18E1 u_riscv/lcpu_real.u_cpu/gen_uart.u_uart_lcpu_top/u_uart_lcpu/u_pkt_fifo/blk_mode.data_ram_single.u_data_ram/gen_inferred_ram.gen_port_a_aligned.ram_reg has an input control pin u_riscv/lcpu_real.u_cpu/gen_uart.u_uart_lcpu_top/u_uart_lcpu/u_pkt_fifo/blk_mode.data_ram_single.u_data_ram/gen_inferred_ram.gen_port_a_aligned.ram_reg/ADDRARDADDR[8] (net: u_riscv/lcpu_real.u_cpu/gen_uart.u_uart_lcpu_top/u_uart_lcpu/u_pkt_fifo/blk_mode.data_ram_single.u_data_ram/Q[4]) which is driven by a register (u_riscv/lcpu_real.u_cpu/gen_uart.u_uart_lcpu_top/u_uart_lcpu/u_pkt_fifo/blk_mode.ram_addr_a_r_reg[4]) that has an active asychronous set or reset. This may cause corruption of the memory contents and/or read values when the set/reset is asserted and is not analyzed by the default static timing analysis. It is suggested to eliminate the use of a set/reset to registers driving this RAMB pin or else use a synchronous reset in which the assertion of the reset is timed by default.
WARNING: [DRC REQP-1840] RAMB18 async control check: The RAMB18E1 u_riscv/lcpu_real.u_cpu/gen_uart.u_uart_lcpu_top/u_uart_lcpu/u_pkt_fifo/blk_mode.data_ram_single.u_data_ram/gen_inferred_ram.gen_port_a_aligned.ram_reg has an input control pin u_riscv/lcpu_real.u_cpu/gen_uart.u_uart_lcpu_top/u_uart_lcpu/u_pkt_fifo/blk_mode.data_ram_single.u_data_ram/gen_inferred_ram.gen_port_a_aligned.ram_reg/ADDRARDADDR[9] (net: u_riscv/lcpu_real.u_cpu/gen_uart.u_uart_lcpu_top/u_uart_lcpu/u_pkt_fifo/blk_mode.data_ram_single.u_data_ram/Q[5]) which is driven by a register (u_riscv/lcpu_real.u_cpu/gen_uart.u_uart_lcpu_top/u_uart_lcpu/u_pkt_fifo/blk_mode.ram_addr_a_r_reg[5]) that has an active asychronous set or reset. This may cause corruption of the memory contents and/or read values when the set/reset is asserted and is not analyzed by the default static timing analysis. It is suggested to eliminate the use of a set/reset to registers driving this RAMB pin or else use a synchronous reset in which the assertion of the reset is timed by default.
WARNING: [DRC REQP-1840] RAMB18 async control check: The RAMB18E1 u_riscv/lcpu_real.u_cpu/gen_uart.u_uart_lcpu_top/u_uart_lcpu/u_pkt_fifo/blk_mode.data_ram_single.u_data_ram/gen_inferred_ram.gen_port_a_aligned.ram_reg has an input control pin u_riscv/lcpu_real.u_cpu/gen_uart.u_uart_lcpu_top/u_uart_lcpu/u_pkt_fifo/blk_mode.data_ram_single.u_data_ram/gen_inferred_ram.gen_port_a_aligned.ram_reg/ADDRBWRADDR[10] (net: u_riscv/lcpu_real.u_cpu/gen_uart.u_uart_lcpu_top/u_uart_lcpu/u_pkt_fifo/blk_mode.data_ram_single.u_data_ram/ADDRBWRADDR[6]) which is driven by a register (u_riscv/lcpu_real.u_cpu/gen_uart.u_uart_lcpu_top/u_uart_lcpu/u_pkt_fifo/blk_mode.block_raddr_reg_reg[1]) that has an active asychronous set or reset. This may cause corruption of the memory contents and/or read values when the set/reset is asserted and is not analyzed by the default static timing analysis. It is suggested to eliminate the use of a set/reset to registers driving this RAMB pin or else use a synchronous reset in which the assertion of the reset is timed by default.
WARNING: [DRC REQP-1840] RAMB18 async control check: The RAMB18E1 u_riscv/lcpu_real.u_cpu/gen_uart.u_uart_lcpu_top/u_uart_lcpu/u_pkt_fifo/blk_mode.data_ram_single.u_data_ram/gen_inferred_ram.gen_port_a_aligned.ram_reg has an input control pin u_riscv/lcpu_real.u_cpu/gen_uart.u_uart_lcpu_top/u_uart_lcpu/u_pkt_fifo/blk_mode.data_ram_single.u_data_ram/gen_inferred_ram.gen_port_a_aligned.ram_reg/ADDRBWRADDR[4] (net: u_riscv/lcpu_real.u_cpu/gen_uart.u_uart_lcpu_top/u_uart_lcpu/u_pkt_fifo/blk_mode.data_ram_single.u_data_ram/ADDRBWRADDR[0]) which is driven by a register (u_riscv/lcpu_real.u_cpu/gen_uart.u_uart_lcpu_top/u_uart_lcpu/u_pktfifo_lcpu/rpkt_raddr_reg[0]) that has an active asychronous set or reset. This may cause corruption of the memory contents and/or read values when the set/reset is asserted and is not analyzed by the default static timing analysis. It is suggested to eliminate the use of a set/reset to registers driving this RAMB pin or else use a synchronous reset in which the assertion of the reset is timed by default.
WARNING: [DRC REQP-1840] RAMB18 async control check: The RAMB18E1 u_riscv/lcpu_real.u_cpu/gen_uart.u_uart_lcpu_top/u_uart_lcpu/u_pkt_fifo/blk_mode.data_ram_single.u_data_ram/gen_inferred_ram.gen_port_a_aligned.ram_reg has an input control pin u_riscv/lcpu_real.u_cpu/gen_uart.u_uart_lcpu_top/u_uart_lcpu/u_pkt_fifo/blk_mode.data_ram_single.u_data_ram/gen_inferred_ram.gen_port_a_aligned.ram_reg/ADDRBWRADDR[5] (net: u_riscv/lcpu_real.u_cpu/gen_uart.u_uart_lcpu_top/u_uart_lcpu/u_pkt_fifo/blk_mode.data_ram_single.u_data_ram/ADDRBWRADDR[1]) which is driven by a register (u_riscv/lcpu_real.u_cpu/gen_uart.u_uart_lcpu_top/u_uart_lcpu/u_pktfifo_lcpu/rpkt_raddr_reg[1]) that has an active asychronous set or reset. This may cause corruption of the memory contents and/or read values when the set/reset is asserted and is not analyzed by the default static timing analysis. It is suggested to eliminate the use of a set/reset to registers driving this RAMB pin or else use a synchronous reset in which the assertion of the reset is timed by default.
WARNING: [DRC REQP-1840] RAMB18 async control check: The RAMB18E1 u_riscv/lcpu_real.u_cpu/gen_uart.u_uart_lcpu_top/u_uart_lcpu/u_pkt_fifo/blk_mode.data_ram_single.u_data_ram/gen_inferred_ram.gen_port_a_aligned.ram_reg has an input control pin u_riscv/lcpu_real.u_cpu/gen_uart.u_uart_lcpu_top/u_uart_lcpu/u_pkt_fifo/blk_mode.data_ram_single.u_data_ram/gen_inferred_ram.gen_port_a_aligned.ram_reg/ADDRBWRADDR[6] (net: u_riscv/lcpu_real.u_cpu/gen_uart.u_uart_lcpu_top/u_uart_lcpu/u_pkt_fifo/blk_mode.data_ram_single.u_data_ram/ADDRBWRADDR[2]) which is driven by a register (u_riscv/lcpu_real.u_cpu/gen_uart.u_uart_lcpu_top/u_uart_lcpu/u_pktfifo_lcpu/rpkt_raddr_reg[2]) that has an active asychronous set or reset. This may cause corruption of the memory contents and/or read values when the set/reset is asserted and is not analyzed by the default static timing analysis. It is suggested to eliminate the use of a set/reset to registers driving this RAMB pin or else use a synchronous reset in which the assertion of the reset is timed by default.
WARNING: [DRC REQP-1840] RAMB18 async control check: The RAMB18E1 u_riscv/lcpu_real.u_cpu/gen_uart.u_uart_lcpu_top/u_uart_lcpu/u_pkt_fifo/blk_mode.data_ram_single.u_data_ram/gen_inferred_ram.gen_port_a_aligned.ram_reg has an input control pin u_riscv/lcpu_real.u_cpu/gen_uart.u_uart_lcpu_top/u_uart_lcpu/u_pkt_fifo/blk_mode.data_ram_single.u_data_ram/gen_inferred_ram.gen_port_a_aligned.ram_reg/ADDRBWRADDR[7] (net: u_riscv/lcpu_real.u_cpu/gen_uart.u_uart_lcpu_top/u_uart_lcpu/u_pkt_fifo/blk_mode.data_ram_single.u_data_ram/ADDRBWRADDR[3]) which is driven by a register (u_riscv/lcpu_real.u_cpu/gen_uart.u_uart_lcpu_top/u_uart_lcpu/u_pktfifo_lcpu/rpkt_raddr_reg[3]) that has an active asychronous set or reset. This may cause corruption of the memory contents and/or read values when the set/reset is asserted and is not analyzed by the default static timing analysis. It is suggested to eliminate the use of a set/reset to registers driving this RAMB pin or else use a synchronous reset in which the assertion of the reset is timed by default.
WARNING: [DRC REQP-1840] RAMB18 async control check: The RAMB18E1 u_riscv/lcpu_real.u_cpu/gen_uart.u_uart_lcpu_top/u_uart_lcpu/u_pkt_fifo/blk_mode.data_ram_single.u_data_ram/gen_inferred_ram.gen_port_a_aligned.ram_reg has an input control pin u_riscv/lcpu_real.u_cpu/gen_uart.u_uart_lcpu_top/u_uart_lcpu/u_pkt_fifo/blk_mode.data_ram_single.u_data_ram/gen_inferred_ram.gen_port_a_aligned.ram_reg/ADDRBWRADDR[8] (net: u_riscv/lcpu_real.u_cpu/gen_uart.u_uart_lcpu_top/u_uart_lcpu/u_pkt_fifo/blk_mode.data_ram_single.u_data_ram/ADDRBWRADDR[4]) which is driven by a register (u_riscv/lcpu_real.u_cpu/gen_uart.u_uart_lcpu_top/u_uart_lcpu/u_pktfifo_lcpu/rpkt_raddr_reg[4]) that has an active asychronous set or reset. This may cause corruption of the memory contents and/or read values when the set/reset is asserted and is not analyzed by the default static timing analysis. It is suggested to eliminate the use of a set/reset to registers driving this RAMB pin or else use a synchronous reset in which the assertion of the reset is timed by default.
WARNING: [DRC REQP-1840] RAMB18 async control check: The RAMB18E1 u_riscv/lcpu_real.u_cpu/gen_uart.u_uart_lcpu_top/u_uart_lcpu/u_pkt_fifo/blk_mode.data_ram_single.u_data_ram/gen_inferred_ram.gen_port_a_aligned.ram_reg has an input control pin u_riscv/lcpu_real.u_cpu/gen_uart.u_uart_lcpu_top/u_uart_lcpu/u_pkt_fifo/blk_mode.data_ram_single.u_data_ram/gen_inferred_ram.gen_port_a_aligned.ram_reg/ADDRBWRADDR[9] (net: u_riscv/lcpu_real.u_cpu/gen_uart.u_uart_lcpu_top/u_uart_lcpu/u_pkt_fifo/blk_mode.data_ram_single.u_data_ram/ADDRBWRADDR[5]) which is driven by a register (u_riscv/lcpu_real.u_cpu/gen_uart.u_uart_lcpu_top/u_uart_lcpu/u_pkt_fifo/blk_mode.block_raddr_reg_reg[0]) that has an active asychronous set or reset. This may cause corruption of the memory contents and/or read values when the set/reset is asserted and is not analyzed by the default static timing analysis. It is suggested to eliminate the use of a set/reset to registers driving this RAMB pin or else use a synchronous reset in which the assertion of the reset is timed by default.
WARNING: [DRC REQP-1840] RAMB18 async control check: The RAMB18E1 u_riscv/lcpu_real.u_cpu/gen_uart.u_uart_lcpu_top/u_uart_lcpu/u_pkt_fifo/blk_mode.data_ram_single.u_data_ram/gen_inferred_ram.gen_port_a_aligned.ram_reg has an input control pin u_riscv/lcpu_real.u_cpu/gen_uart.u_uart_lcpu_top/u_uart_lcpu/u_pkt_fifo/blk_mode.data_ram_single.u_data_ram/gen_inferred_ram.gen_port_a_aligned.ram_reg/ENARDEN (net: u_riscv/lcpu_real.u_cpu/gen_uart.u_uart_lcpu_top/u_uart_lcpu/u_pkt_fifo/blk_mode.data_ram_single.u_data_ram/blk_mode.ram_wren_a_r) which is driven by a register (u_riscv/lcpu_real.u_cpu/gen_uart.u_uart_lcpu_top/u_uart_lcpu/u_pkt_fifo/blk_mode.ram_wren_a_r_reg) that has an active asychronous set or reset. This may cause corruption of the memory contents and/or read values when the set/reset is asserted and is not analyzed by the default static timing analysis. It is suggested to eliminate the use of a set/reset to registers driving this RAMB pin or else use a synchronous reset in which the assertion of the reset is timed by default.
INFO: [Vivado 12-3199] DRC finished with 0 Errors, 37 Warnings
INFO: [Vivado 12-3200] Please refer to the DRC report (report_drc) for more information.
INFO: [Designutils 20-2272] Running write_bitstream with 8 threads.
Loading data files...
Loading site data...
Loading route data...
Processing options...
Creating bitmap...
Creating bitstream...
Writing bitstream ./webserver_cpu_top.bit...
INFO: [Vivado 12-1842] Bitgen Completed Successfully.
INFO: [Project 1-1876] WebTalk data collection is mandatory when using a ULT device. To see the specific WebTalk data collected for your design, open the usage_statistics_webtalk.html or usage_statistics_webtalk.xml file in the implementation directory.
INFO: [Common 17-83] Releasing license: Implementation
127 Infos, 40 Warnings, 3 Critical Warnings and 0 Errors encountered.
write_bitstream completed successfully
write_bitstream: Time (s): cpu = 00:00:13 ; elapsed = 00:00:21 . Memory (MB): peak = 3480.688 ; gain = 250.117 ; free physical = 2256 ; free virtual = 7345
INFO: [Common 17-206] Exiting Vivado at Mon Jul 27 22:22:03 2026...
[Mon Jul 27 22:22:09 2026] impl_1 finished
wait_on_runs: Time (s): cpu = 00:00:00.81 ; elapsed = 00:01:26 . Memory (MB): peak = 1488.059 ; gain = 0.000 ; free physical = 4548 ; free virtual = 9641
# set bit_src "$proj_dir/${proj_name}.runs/impl_1/webserver_cpu_top.bit"
# set bit_dst "$proj_dir/${proj_name}.bit"
# if {[file exists $bit_src]} {
#     file copy -force $bit_src $bit_dst
#     puts "Bitstream: $bit_dst"
# }
Bitstream: /home/haitaoz/work/FPGA_Prj/RiscV_WebSoC/build_xilinx/RiscV_WebSoC.bit
# open_run impl_1
INFO: [Device 21-403] Loading part xc7a35tfgg484-2
INFO: [Device 21-9227] Part: xc7a35tfgg484-2 does not have CEAM library.
Netlist sorting complete. Time (s): cpu = 00:00:00.04 ; elapsed = 00:00:00.04 . Memory (MB): peak = 1815.129 ; gain = 0.000 ; free physical = 4230 ; free virtual = 9323
INFO: [Netlist 29-17] Analyzing 581 Unisim elements for replacement
INFO: [Netlist 29-28] Unisim Transformation completed in 0 CPU seconds
INFO: [Project 1-479] Netlist was created with Vivado 2024.1
INFO: [Project 1-570] Preparing netlist for logic optimization
Read ShapeDB Complete: Time (s): cpu = 00:00:00.01 ; elapsed = 00:00:00.01 . Memory (MB): peak = 1890.848 ; gain = 2.000 ; free physical = 4155 ; free virtual = 9248
INFO: [Timing 38-478] Restoring timing data from binary archive.
INFO: [Timing 38-479] Binary timing data restore complete.
INFO: [Project 1-856] Restoring constraints from binary archive.
INFO: [Project 1-853] Binary constraint restore complete.
INFO: [Designutils 20-5722] Start Reading Physical Databases.
Reading placement.
Read Netlist Cache: Time (s): cpu = 00:00:00.01 ; elapsed = 00:00:00.01 . Memory (MB): peak = 2504.297 ; gain = 0.000 ; free physical = 3565 ; free virtual = 8659
Reading placer database...
Read Device Cache: Time (s): cpu = 00:00:00 ; elapsed = 00:00:00.01 . Memory (MB): peak = 2504.297 ; gain = 0.000 ; free physical = 3565 ; free virtual = 8659
Read PlaceDB: Time (s): cpu = 00:00:00.21 ; elapsed = 00:00:00.21 . Memory (MB): peak = 2504.297 ; gain = 0.000 ; free physical = 3563 ; free virtual = 8657
Read PulsedLatchDB: Time (s): cpu = 00:00:00 ; elapsed = 00:00:00 . Memory (MB): peak = 2504.297 ; gain = 0.000 ; free physical = 3563 ; free virtual = 8657
Reading routing.
Read RouteStorage: Time (s): cpu = 00:00:00.12 ; elapsed = 00:00:00.04 . Memory (MB): peak = 2504.297 ; gain = 0.000 ; free physical = 3557 ; free virtual = 8650
Read Physdb Files: Time (s): cpu = 00:00:00.34 ; elapsed = 00:00:00.27 . Memory (MB): peak = 2504.297 ; gain = 0.000 ; free physical = 3557 ; free virtual = 8650
Restored from archive | CPU: 0.380000 secs | Memory: 11.709511 MB |
Finished XDEF File Restore: Time (s): cpu = 00:00:00.37 ; elapsed = 00:00:00.3 . Memory (MB): peak = 2504.297 ; gain = 6.938 ; free physical = 3557 ; free virtual = 8650
Netlist sorting complete. Time (s): cpu = 00:00:00 ; elapsed = 00:00:00 . Memory (MB): peak = 2504.297 ; gain = 0.000 ; free physical = 3556 ; free virtual = 8650
INFO: [Project 1-111] Unisim Transformation Summary:
  A total of 4 instances were transformed.
  RAM32M => RAM32M (RAMD32(x6), RAMS32(x2)): 4 instances

open_run: Time (s): cpu = 00:00:08 ; elapsed = 00:00:09 . Memory (MB): peak = 2504.297 ; gain = 1016.238 ; free physical = 3556 ; free virtual = 8650
# report_timing_summary -file "$proj_dir/timing_summary.rpt"
INFO: [Timing 38-91] UpdateTimingParams: Speed grade: -2, Delay Type: min_max.
INFO: [Timing 38-191] Multithreading enabled for timing update using a maximum of 8 CPUs
# report_utilization    -file "$proj_dir/utilization.rpt"
# close_design
# puts "BUILD COMPLETE"
BUILD COMPLETE
INFO: [Common 17-206] Exiting Vivado at Mon Jul 27 22:22:19 2026...
